row,col,lat,lon,h_target,x_km,y_km,worst_azimuth,worst_angle_deg,best_azimuth,best_angle_deg
44803,1944,-85.01269164306851,-172.40535663140858,-2837.0,-20.0,-150.0,70,16.236964909352732,223,0.6029819330563693
44808,1461,-85.03176053538863,-174.28940686250036,-4346.0,-15.0,-150.0,74,28.754366489565623,218,3.947391576630488
44811,976,-85.04542633227092,-176.18592516570965,-5084.0,-10.0,-150.0,42,14.784964308825781,212,6.332218290077887
44813,488,-85.05364402384438,-178.09084756700364,-5260.0,-5.0,-150.0,329,13.964841487549691,203,7.621177261808504
44814,92159,-85.05638630507269,180.0,-4972.0,0.0,-150.0,314,21.379654854444052,146,6.20840062658384
44813,91671,-85.05364402384438,178.09084756700364,-3776.5,5.0,-150.0,266,20.437364117108647,80,2.603017890430859
44811,91183,-85.04542633227092,176.18592516570965,-1937.0,10.0,-150.0,247,18.22243026617343,61,-1.2158879470274346
44808,90698,-85.03176053538863,174.28940686250036,-2365.0,15.0,-150.0,322,7.447470051582188,42,2.0423558336026706
44803,90215,-85.01269164306851,172.40535663140858,-2042.0,20.0,-150.0,355,6.390283672579955,159,-0.38083510751201993
44810,3948,-85.04269014402158,-164.57783868126134,-1939.0,-40.0,-145.0,76,6.936939996321852,258,-0.6623074616766487
44821,3474,-85.08389366752345,-166.4295656148385,-2352.5,-35.0,-145.0,144,11.798288533134432,310,0.5285735076074038
44830,2992,-85.11988617571126,-168.31063082456083,-2294.5,-30.0,-145.0,134,5.18585496136918,330,0.3515716508514856
44838,2504,-85.15055103802129,-170.21759296819272,-2042.5,-25.0,-145.0,124,3.419509061972436,26,-0.0589895334817525
44845,2010,-85.17578614740145,-172.1466866980218,-2996.5,-20.0,-145.0,77,23.699914633887627,231,1.1034089962581732
44850,1511,-85.19550552537916,-174.0938588862295,-4513.0,-15.0,-145.0,68,20.376447823277726,238,4.95390995146233
44853,1009,-85.2096407277125,-176.05481377096245,-5164.0,-10.0,-145.0,95,13.41069815129028,234,7.816784908931743
44855,505,-85.21814199907055,-178.02506598911802,-5237.0,-5.0,-145.0,282,11.996364771789283,25,8.090064681993248
44856,92159,-85.22097913242797,180.0,-5363.0,0.0,-145.0,286,17.92954993871669,55,7.13990427603355
44855,91654,-85.21814199907055,178.02506598911802,-4434.0,5.0,-145.0,290,23.821516061977622,71,3.785053499241005
44853,91150,-85.2096407277125,176.05481377096245,-2278.0,10.0,-145.0,290,27.244595157901028,56,-0.7970668179079511
44850,90648,-85.19550552537916,174.0938588862295,-2204.5,15.0,-145.0,100,6.361509788981953,201,0.3301384282469369
44845,90149,-85.17578614740145,172.1466866980218,-2168.0,20.0,-145.0,358,5.156641199966814,158,-0.14540866994524257
44838,89655,-85.15055103802129,170.21759296819272,-2110.5,25.0,-145.0,118,9.110965561802413,306,-0.03264587185823246
44830,89167,-85.11988617571126,168.31063082456083,-2796.5,30.0,-145.0,109,12.378271269705426,313,2.195959684119193
44821,88685,-85.08389366752345,166.4295656148385,-2953.0,35.0,-145.0,60,25.69589338322314,188,8.006755477998889
44810,88211,-85.04269014402158,164.57783868126134,-2820.0,40.0,-145.0,251,32.85456970677933,90,2.096678859766227
44810,5490,-85.04269014402158,-158.55226367289467,-1375.0,-55.0,-140.0,247,12.378271269705426,14,-2.288324632553395
44825,5031,-85.10047257899905,-160.3461759419467,-751.5,-50.0,-140.0,124,5.014091766476982,337,-2.6638345195025686
44839,4561,-85.15334841972359,-162.18111108547723,-1256.5,-45.0,-140.0,76,13.297906328795719,338,-2.020481376581663
44851,4082,-85.20115458664219,-164.05460409907712,-1574.5,-40.0,-140.0,133,8.05713674553049,334,-1.433481115021939
44862,3593,-85.24373740691262,-165.96375653207352,-1862.0,-35.0,-140.0,108,7.688967988534155,237,-0.7685159198505802
44871,3096,-85.2809547653117,-167.90524292298792,-2088.0,-30.0,-140.0,120,6.02644736902277,32,0.3109324916049686
44880,2591,-85.31267823271732,-169.8753283446022,-2028.5,-25.0,-140.0,194,6.261238468614476,18,-0.25615136690183027
44886,2081,-85.33879510666145,-171.86989764584402,-2718.5,-20.0,-140.0,106,28.193730916991253,240,0.6528740859134327
44891,1565,-85.35921029485304,-173.8844964337146,-4235.5,-15.0,-140.0,117,19.318048783140632,294,4.025986714054492
44895,1045,-85.37384797270819,-175.91438322002512,-5218.5,-10.0,-140.0,130,17.098338387759306,1,6.686690734439024
44897,523,-85.3826529502745,-177.9545915111128,-5117.5,-5.0,-140.0,175,15.53518476168497,22,6.074803727824643
44898,92159,-85.38559169260229,180.0,-4836.5,0.0,-140.0,256,16.57001171402856,34,4.791320858844125
44897,91636,-85.3826529502745,177.9545915111128,-3800.5,5.0,-140.0,245,20.333978051873117,44,2.1178168929727272
44895,91114,-85.37384797270819,175.91438322002512,-2177.5,10.0,-140.0,244,32.166614920167504,52,-0.9946291488321076
44891,90594,-85.35921029485304,173.8844964337146,-2296.0,15.0,-140.0,99,5.730399047957334,231,1.3241753741914433
44886,90078,-85.33879510666145,171.86989764584402,-2204.5,20.0,-140.0,292,8.873113561925575,155,-0.341031319240095
44880,89568,-85.31267823271732,169.8753283446022,-2017.0,25.0,-140.0,262,5.375013740404578,317,-0.5381820413010223
44871,89063,-85.2809547653117,167.90524292298792,-2380.0,30.0,-140.0,257,9.026957130199907,326,0.45383366321986285
44862,88566,-85.24373740691262,165.96375653207352,-2519.5,35.0,-140.0,246,14.55747738899842,341,1.1314185741498277
44851,88077,-85.20115458664219,164.05460409907712,-2365.5,40.0,-140.0,215,31.384870345167357,345,3.9018797125348725
44839,87598,-85.15334841972359,162.18111108547723,-1532.5,45.0,-140.0,172,13.436932906261559,86,-1.3825511983112841
44825,87128,-85.10047257899905,160.3461759419467,-859.5,50.0,-140.0,246,11.91598133482619,89,-2.1685979072480657
44810,86669,-85.04269014402158,158.55226367289467,-1393.0,55.0,-140.0,76,14.055134306718516,298,-2.359108793358472
44815,6581,-85.06187545883036,-154.29004621918875,-1680.5,-65.0,-135.0,100,23.49681910969433,27,-1.9903080480843134
44833,6134,-85.13101458191542,-156.03751102542182,-1848.5,-60.0,-135.0,113,7.725283616211886,336,-1.4141345942630095
44850,5674,-85.19550552537916,-157.83365417791757,-1344.5,-55.0,-135.0,260,8.600585970172475,38,-2.325560547673608
44865,5202,-85.25515766742748,-159.67686317033704,-953.0,-50.0,-135.0,348,4.390986936728206,89,-1.5394740124148625
44879,4719,-85.30978537475212,-161.565051177078,-715.5,-45.0,-135.0,50,4.209251842351315,135,-0.9692814212512494
44891,4225,-85.35921029485304,-163.49563861824498,-969.5,-40.0,-135.0,122,6.378771176444146,347,-2.3739299433231493
44903,3720,-85.40326377136712,-165.4655449194599,-1613.5,-35.0,-135.0,118,10.402705535166659,347,-1.295078773585108
44913,3207,-85.44178932425459,-167.47119229084848,-1790.5,-30.0,-135.0,68,9.346599687499832,245,-0.7980075908410131
44921,2685,-85.47464512481902,-169.5085229876684,-2121.0,-25.0,-135.0,92,5.140690766129217,233,0.43167426972821177
44928,2157,-85.5017063861161,-171.57303097851934,-2008.0,-20.0,-135.0,307,4.823721607614189,184,-0.13017793171139544
44933,1623,-85.5228675835834,-173.6598082540901,-3344.5,-15.0,-135.0,133,22.83104739487142,350,1.3658931715007505
44937,1084,-85.53804441978242,-175.76360520094119,-4165.5,-10.0,-135.0,169,22.26514208014742,0,3.076534860751884
44940,543,-85.5471754517289,-177.87890360333856,-4173.5,-5.0,-135.0,172,20.44258988204995,14,2.9773072903610993
44940,92159,-85.5502233096437,180.0,-3891.0,0.0,-135.0,239,18.874564837108476,26,2.1734086202577165
44940,91616,-85.5471754517289,177.87890360333856,-3448.0,5.0,-135.0,237,27.52543134671391,38,1.1272955268605769
44937,91075,-85.53804441978242,175.76360520094119,-2005.5,10.0,-135.0,15,7.968058465740927,302,-0.3732684661638971
44933,90536,-85.5228675835834,173.6598082540901,-2203.0,15.0,-135.0,72,4.033647710408264,173,-0.010859746377331328
44928,90002,-85.5017063861161,171.57303097851934,-2403.0,20.0,-135.0,290,6.501577756943824,191,1.1226544996069678
44921,89474,-85.47464512481902,169.5085229876684,-1960.5,25.0,-135.0,301,18.440361227305228,124,-0.8034727429706603
44913,88952,-85.44178932425459,167.47119229084848,-1710.0,30.0,-135.0,212,9.469704038680668,62,-1.1327534594379935
44903,88439,-85.40326377136712,165.4655449194599,-1486.5,35.0,-135.0,200,22.678181100020375,70,-1.5356814265635568
44891,87934,-85.35921029485304,163.49563861824498,-799.5,40.0,-135.0,254,22.678181100020375,77,-2.364834148038035
44879,87440,-85.30978537475212,161.565051177078,-509.5,45.0,-135.0,219,22.883774316421174,325,-2.2088741754930132
44865,86957,-85.25515766742748,159.67686317033704,-1024.0,50.0,-135.0,86,8.909620402719717,299,-2.612767345987216
44850,86485,-85.19550552537916,157.83365417791757,-1512.0,55.0,-135.0,175,8.396491127786971,301,-2.2888238286449143
44833,86025,-85.13101458191542,156.03751102542182,-2336.5,60.0,-135.0,76,13.526748355365502,303,-1.6704862013024433
44815,85578,-85.06187545883036,154.29004621918875,-3413.0,65.0,-135.0,100,14.210617066655383,294,0.31521312453490763
44813,7675,-85.05364402384438,-150.01836063115067,-2483.0,-75.0,-130.0,243,18.440361227305228,6,-0.3505366688332757
44834,7244,-85.1338006791206,-151.69924423399362,-1630.0,-70.0,-130.0,285,13.297906328795719,63,-1.2889906114496628
44853,6800,-85.2096407277125,-153.434948822922,-1413.0,-65.0,-130.0,38,22.883774316421174,152,-1.326226765174389
44871,6342,-85.2809547653117,-155.22485943116808,-1412.5,-60.0,-130.0,251,3.8618710584755234,149,-1.394873779575092
44888,5870,-85.34753345550538,-157.06789956241022,-1334.5,-55.0,-130.0,311,3.760158905445082,146,-1.2563893772504704
44904,5385,-85.4091696466265,-158.96248897457818,-1145.0,-50.0,-130.0,299,5.52594046775116,142,-1.8413296558196228
44919,4887,-85.46566074236968,-160.9065079995144,-935.0,-45.0,-130.0,283,6.022151994849398,130,-1.2950324194915943
44932,4378,-85.5168112932568,-162.89727103094762,-671.0,-40.0,-130.0,135,4.34310290512275,335,-2.388327885245978
44943,3857,-85.5624357591747,-164.9315118405078,-1134.5,-35.0,-130.0,85,7.981833983801793,271,-1.6276143166111399
44954,3326,-85.60236137598437,-167.0053832080835,-1555.5,-30.0,-130.0,130,5.938544877825828,274,-1.1398998405784877
44962,2786,-85.63643104305042,-169.11447294534128,-2086.5,-25.0,-130.0,139,8.708012516521366,248,-0.43409447946039376
44970,2239,-85.66450613515563,-171.2538377374448,-2273.5,-20.0,-130.0,286,6.635795009973221,169,1.440988580219803
44975,1684,-85.68646913340183,-173.418055344822,-2036.0,-15.0,-130.0,343,7.2153174801845195,286,-0.24352065215350985
44979,1126,-85.70222596695993,-175.6012946450045,-2537.0,-10.0,-130.0,159,24.903578476099874,7,-0.21481601981148804
44982,563,-85.71170796208314,-177.7974018382342,-2429.5,-5.0,-130.0,155,26.183256161241662,15,-0.6465737595641841
44983,92159,-85.71487330712905,180.0,-2447.0,0.0,-130.0,213,20.580130085775885,23,-0.6660840386601515
44982,91596,-85.71170796208314,177.7974018382342,-2320.0,5.0,-130.0,75,13.755151458317963,176,0.30950687482590045
44979,91033,-85.70222596695993,175.6012946450045,-2486.5,10.0,-130.0,38,7.119877002659497,154,0.33596773982273875
44975,90475,-85.68646913340183,173.418055344822,-2594.0,15.0,-130.0,334,6.500106222329226,119,-0.004460787339487996
44970,89920,-85.66450613515563,171.2538377374448,-2617.5,20.0,-130.0,296,10.051561618623552,117,-0.20111200099947993
44962,89373,-85.63643104305042,169.11447294534128,-2530.0,25.0,-130.0,345,11.682367707468725,118,-0.40749777575234
44954,88833,-85.60236137598437,167.0053832080835,-1906.5,30.0,-130.0,307,23.59680535727024,119,-1.0051670041302685
44943,88302,-85.5624357591747,164.9315118405078,-2150.5,35.0,-130.0,270,26.19220501274204,123,6.1742244743435295
44932,87781,-85.5168112932568,162.89727103094762,-747.5,40.0,-130.0,43,11.101324229733661,150,-1.4976177743432972
44919,87272,-85.46566074236968,160.9065079995144,-561.0,45.0,-130.0,60,3.8618710584755234,150,-1.6704976453467062
44904,86774,-85.4091696466265,158.96248897457818,-800.0,50.0,-130.0,139,9.185738550736087,344,-2.7819061283483704
44888,86289,-85.34753345550538,157.06789956241022,-1323.0,55.0,-130.0,129,11.452111822902118,305,-2.423925256632374
44871,85817,-85.2809547653117,155.22485943116808,-2441.0,60.0,-130.0,95,19.736225733732084,325,-1.598118471635153
44853,85359,-85.2096407277125,153.434948822922,-3436.0,65.0,-130.0,110,14.890376736044576,318,0.33115447664911585
44834,84915,-85.1338006791206,151.69924423399362,-4143.0,70.0,-130.0,145,11.078987967717255,309,2.300986390217771
44813,84484,-85.05364402384438,150.01836063115067,-4429.0,75.0,-130.0,141,9.053062305957907,333,4.030511807738703
44804,8759,-85.01813241262838,-145.7842978675626,-2624.5,-85.0,-125.0,122,20.80034024220414,354,0.2476650457444503
44827,8350,-85.10878321084016,-147.3807569288072,-2551.5,-80.0,-125.0,200,21.38832635572711,337,-0.09165957063408765
44850,7926,-85.19550552537916,-149.03624346792648,-2153.0,-75.0,-125.0,268,8.168295617914229,358,-1.152841666646707
44871,7487,-85.2780814296068,-150.75117366345305,-1724.0,-70.0,-125.0,281,17.784931177056027,158,-0.9317593977233637
44891,7033,-85.35628832025255,-152.52556837372288,-1624.0,-65.0,-125.0,311,6.500106222329226,151,-1.1075489192333863
44910,6564,-85.42990056998914,-154.3589941756947,-1574.0,-60.0,-125.0,195,11.452111822902118,78,-0.8522443965271044
44927,6079,-85.49869151205854,-156.25050550713325,-1475.0,-55.0,-125.0,322,5.303660838215453,84,-0.041479119938084896
44943,5581,-85.5624357591747,-158.19859051364818,-1213.5,-50.0,-125.0,231,8.92019587449841,140,-1.7877084659556308
44958,5068,-85.62091184322657,-160.20112364547506,-738.5,-45.0,-125.0,268,5.063780280787615,139,-2.1317609731668368
44972,4542,-85.67390514333776,-162.25532837494308,-730.5,-40.0,-125.0,11,5.034710342956346,231,-1.0537797115405698
44984,4004,-85.72121104838206,-164.35775354279127,-1088.0,-35.0,-125.0,178,8.240541548386455,274,-1.7687199077919544
44995,3454,-85.76263827742154,-166.5042667192042,-1632.0,-30.0,-125.0,76,7.690886141578284,278,-1.1019610260840702
45004,2895,-85.79801225959118,-168.6900675259798,-2047.0,-25.0,-125.0,69,7.2153174801845195,252,-0.4668830365652578
45011,2327,-85.82717845598492,-170.90972307917767,-2425.5,-20.0,-125.0,92,5.261356492317428,258,2.1737001383463634
45017,1751,-85.85000549260391,-173.15722658736905,-2458.0,-15.0,-125.0,43,6.261238468614476,256,0.196851901002811
45021,1170,-85.86638796776776,-175.42607874009914,-2427.5,-10.0,-125.0,345,9.150502762249147,211,0.6247665736640425
45024,586,-85.8762488013998,-177.70938995736148,-2438.0,-5.0,-125.0,50,12.147327016307285,179,0.6441388931741638
45025,92159,-85.8795410081806,180.0,-2444.5,0.0,-125.0,13,9.110965561802413,110,0.3425699933688576
45024,91573,-85.8762488013998,177.70938995736148,-2687.0,5.0,-125.0,64,7.928275431623314,175,0.8278248405190823
45021,90989,-85.86638796776776,175.42607874009914,-2803.5,10.0,-125.0,22,5.207712929362861,152,0.7802730071867484
45017,90408,-85.85000549260391,173.15722658736905,-2920.0,15.0,-125.0,293,4.977162213108911,171,0.9400651910576262
45011,89832,-85.82717845598492,170.90972307917767,-2916.5,20.0,-125.0,313,6.424677011846331,190,1.4585225033319096
45004,89264,-85.79801225959118,168.6900675259798,-2861.0,25.0,-125.0,329,8.854615788750877,115,-0.08486730018124165
44995,88705,-85.76263827742154,166.5042667192042,-2610.0,30.0,-125.0,331,13.396145680415552,116,-0.43571571639928425
44984,88155,-85.72121104838206,164.35775354279127,-1814.0,35.0,-125.0,310,14.210617066655383,117,-1.1414841089986276
44972,87617,-85.67390514333776,162.25532837494308,-1169.5,40.0,-125.0,320,11.101324229733661,89,-1.857919671922433
44958,87091,-85.62091184322657,160.20112364547506,-814.5,45.0,-125.0,343,9.581915245891475,120,-1.9641731269914753
44943,86578,-85.5624357591747,158.19859051364818,-628.5,50.0,-125.0,10,5.303660838215453,263,-2.725011618590102
44927,86080,-85.49869151205854,156.25050550713325,-1315.5,55.0,-125.0,132,15.001437457056653,308,-2.4300893187522297
44910,85595,-85.42990056998914,154.3589941756947,-1943.0,60.0,-125.0,139,10.747806616364358,312,-1.992801174139237
44891,85126,-85.35628832025255,152.52556837372288,-2965.5,65.0,-125.0,136,13.44583063395566,328,-0.6648891727854741
44871,84672,-85.2780814296068,150.75117366345305,-3836.0,70.0,-125.0,138,11.89716062153148,336,1.32163869918667
44850,84233,-85.19550552537916,149.03624346792648,-4341.0,75.0,-125.0,255,11.272603364089116,346,3.064030231168882
44827,83809,-85.10878321084016,147.3807569288072,-4313.0,80.0,-125.0,253,16.126454727124855,23,3.524078203384401
44804,83400,-85.01813241262838,145.7842978675626,-3704.5,85.0,-125.0,277,25.309315399716066,38,1.8082619871513073
44814,9438,-85.05638630507269,-143.13010235415598,-2458.0,-90.0,-120.0,63,7.2153174801845195,277,0.09139244949223024
44839,9039,-85.15334841972359,-144.6887865603668,-2423.5,-85.0,-120.0,105,5.024105942980756,330,-0.6243150249194017
44863,8624,-85.24658988796575,-146.30993247402023,-2262.0,-80.0,-120.0,199,6.856054999287017,342,-0.9743798172419349
44885,8193,-85.33588597786442,-147.9946167919165,-2254.5,-75.0,-120.0,44,5.976387932606793,217,0.669217085736365
44907,7745,-85.4210043468333,-149.74356283647072,-2282.0,-70.0,-120.0,327,6.74410245537252,86,1.0256584014615429
44928,7281,-85.5017063861161,-151.55707137563664,-2117.0,-65.0,-120.0,296,21.221863400181103,156,-0.5861265149286006
44947,6800,-85.57774893801852,-153.434948822922,-2022.5,-60.0,-120.0,96,15.56587469233879,29,2.3892734881826376
44966,6303,-85.64888641135444,-155.3764352138364,-1861.5,-55.0,-120.0,267,8.10039529205641,140,-1.0589434412204928
44983,5790,-85.71487330712905,-157.38013505195957,-1515.0,-50.0,-120.0,312,9.258577436689016,58,-1.5645158053172963
44998,5262,-85.77546714813768,-159.44395478041653,-1560.0,-45.0,-120.0,302,11.684240740598153,105,2.775877907233612
45012,4719,-85.83043178302492,-161.565051177078,-943.0,-40.0,-120.0,40,13.068631434191454,133,-2.0045669065602625
45025,4162,-85.8795410081806,-163.73979529168807,-1134.5,-35.0,-120.0,295,5.543355078209587,128,-1.4644642614372139
45036,3593,-85.92258242118402,-165.96375653207352,-1683.0,-30.0,-120.0,64,10.47859796954399,278,-0.960274281556881
45045,3012,-85.95936138971376,-168.23171106797935,-2086.5,-25.0,-120.0,74,6.490576080331589,256,-0.42491239143501164
45053,2422,-85.9897049930085,-170.53767779197437,-2476.5,-20.0,-120.0,55,7.2153174801845195,258,0.05282782156852831
45059,1824,-86.01346577263308,-172.8749836510982,-2695.5,-15.0,-120.0,73,5.805971214460601,214,0.8219750810092613
45063,1219,-86.03052511897671,-175.2363583092738,-2706.5,-10.0,-120.0,301,5.613538319028124,105,1.3138077323334687
45066,610,-86.04079612246191,-177.6140559696112,-2757.5,-5.0,-120.0,328,6.261238468614476,175,1.6508424381922895
45067,92159,-86.04422573548253,180.0,-2755.0,0.0,-120.0,16,5.058512636858834,310,0.9332541466949263
45066,91549,-86.04079612246191,177.6140559696112,-2905.0,5.0,-120.0,64,5.653459083937177,175,1.2730123203530708
45063,90940,-86.03052511897671,175.2363583092738,-2991.5,10.0,-120.0,15,5.487690577427223,111,0.8891088250288384
45059,90335,-86.01346577263308,172.8749836510982,-3004.0,15.0,-120.0,303,4.783719338422499,149,0.9271889706640872
45053,89737,-85.9897049930085,170.53767779197437,-2977.5,20.0,-120.0,318,6.022151994849398,109,0.19672605194333528
45045,89147,-85.95936138971376,168.23171106797935,-2933.5,25.0,-120.0,319,7.006562080639355,119,0.4817242034353424
45036,88566,-85.92258242118402,165.96375653207352,-2701.0,30.0,-120.0,334,8.065186493565294,113,-0.342494096527359
45025,87997,-85.8795410081806,163.73979529168807,-2050.5,35.0,-120.0,318,10.98671573878638,114,-0.9530014254696288
45012,87440,-85.83043178302492,161.565051177078,-1470.0,40.0,-120.0,336,11.452111822902118,88,-1.5618746068118732
44998,86897,-85.77546714813768,159.44395478041653,-1143.5,45.0,-120.0,320,5.181806150127741,118,-1.741500172922891
44983,86369,-85.71487330712905,157.38013505195957,-996.0,50.0,-120.0,61,7.453230909780871,238,-0.24380684671908717
44966,85856,-85.64888641135444,155.3764352138364,-1048.0,55.0,-120.0,107,15.116023594011255,312,-2.6011317638428073
44947,85359,-85.57774893801852,153.434948822922,-1681.5,60.0,-120.0,96,12.378271269705426,315,-2.1751261511121824
44928,84878,-85.5017063861161,151.55707137563664,-2689.5,65.0,-120.0,126,15.116023594011255,336,-1.169142099658947
44907,84414,-85.4210043468333,149.74356283647072,-3338.5,70.0,-120.0,166,10.156164233200434,344,0.08769173250071277
44885,83966,-85.33588597786442,147.9946167919165,-3786.0,75.0,-120.0,260,12.84215572668732,355,1.2202616757825036
44863,83535,-85.24658988796575,146.30993247402023,-3607.0,80.0,-120.0,246,24.63005900385171,7,1.012062402763138
44839,83120,-85.15334841972359,144.6887865603668,-2462.5,85.0,-120.0,140,10.051561618623552,18,-1.7736465512493245
44814,82721,-85.05638630507269,143.13010235415598,-2673.5,90.0,-120.0,150,3.3771927390617513,232,-0.6523448672061788
44821,10127,-85.08389366752345,-140.4403320310055,-2652.5,-95.0,-115.0,233,7.690886141578284,138,1.085498622812483
44847,9740,-85.18704442374278,-141.95295746817393,-2522.0,-90.0,-115.0,64,6.458149555883462,299,0.20878774477803144
44873,9336,-85.28670671547452,-143.53076560994813,-2385.5,-85.0,-115.0,222,14.890376736044576,334,-0.4845095395881162
44897,8915,-85.3826529502745,-145.1755108430432,-2172.5,-80.0,-115.0,257,8.402225481214073,351,1.831878842728249
44921,8476,-85.47464512481902,-146.88865803962798,-2366.0,-75.0,-115.0,41,8.163477355666643,170,-0.17827007566983288
44943,8020,-85.5624357591747,-148.67130713219584,-2552.0,-70.0,-115.0,323,7.863570843728047,168,0.11525556784561693
44965,7545,-85.64576921618746,-150.52411099675425,-2834.5,-65.0,-115.0,28,10.753462112801339,159,0.598210792060949
44985,7053,-85.72438345504115,-152.4471884232822,-2769.0,-60.0,-115.0,324,12.402710940430048,149,0.4575551547959743
45004,6543,-85.79801225959118,-154.4400348281762,-2604.5,-55.0,-115.0,287,18.874564837108476,140,0.05347827293206004
45021,6015,-85.86638796776776,-156.50143432404792,-1888.5,-50.0,-115.0,251,11.335104833950039,137,-1.1732749652881824
45037,5470,-85.92924470738788,-158.6293777306568,-1307.5,-45.0,-115.0,261,10.753462112801339,71,-1.0987046353109
45052,4909,-85.9863221158666,-160.8209919741893,-1255.0,-40.0,-115.0,322,9.581915245891475,273,-1.4341162347722984
45065,4333,-86.03736948717736,-163.07248693585296,-1632.0,-35.0,-115.0,15,6.977153649191311,282,-1.1831065775082672
45077,3742,-86.08215025066646,-165.37912601136836,-2053.0,-30.0,-115.0,56,9.110965561802413,252,-0.3451981336335785
45086,3139,-86.1204466459273,-167.7352262721076,-2270.5,-25.0,-115.0,25,9.110965561802413,282,-0.41528695091858503
45094,2525,-86.15206442002608,-170.13419305691565,-2546.0,-20.0,-115.0,58,5.372920276276703,287,-0.021544362860308686
45101,1902,-86.17683734294638,-172.56859202882748,-2781.0,-15.0,-115.0,137,9.346599687499832,288,0.6386597259835788
45105,1272,-86.19463131939654,-175.0302592718897,-2782.0,-10.0,-115.0,269,5.537550322052107,183,1.4895703250481995
45108,637,-86.20534787461253,-177.51044707800085,-2767.5,-5.0,-115.0,99,6.65537218143899,309,0.5488144317971593
45109,92159,-86.20892681129767,180.0,-2846.0,0.0,-115.0,17,3.5339126539159915,317,0.9959109112021041
45108,91522,-86.20534787461253,177.51044707800085,-3043.0,5.0,-115.0,21,3.869568991434228,326,1.4963960314503635
45105,90887,-86.19463131939654,175.0302592718897,-3056.5,10.0,-115.0,341,4.0986731828673095,105,1.000474155342077
45101,90257,-86.17683734294638,172.56859202882748,-3055.0,15.0,-115.0,312,4.402122060819594,169,1.563571638901974
45094,89634,-86.15206442002608,170.13419305691565,-3025.0,20.0,-115.0,320,5.143112830349138,105,0.261334137753694
45086,89020,-86.1204466459273,167.7352262721076,-2821.5,25.0,-115.0,328,5.576932392969369,107,-0.08110059405578511
45077,88417,-86.08215025066646,165.37912601136836,-2681.0,30.0,-115.0,209,11.369966495629761,109,-0.34445216553248315
45065,87826,-86.03736948717736,163.07248693585296,-2150.5,35.0,-115.0,274,7.690804552786539,111,-0.8688387642985174
45052,87250,-85.9863221158666,160.8209919741893,-1523.5,40.0,-115.0,235,5.233941253736876,84,-1.594617381568934
45037,86689,-85.92924470738788,158.6293777306568,-1199.5,45.0,-115.0,239,5.227572636384198,87,-1.8995343538766247
45021,86144,-85.86638796776776,156.50143432404792,-1022.0,50.0,-115.0,212,4.341160976028247,76,-1.050076546103148
45004,85616,-85.79801225959118,154.4400348281762,-1162.0,55.0,-115.0,79,3.8618710584755234,315,-2.526382283988674
44985,85106,-85.72438345504115,152.4471884232822,-1565.5,60.0,-115.0,145,12.491729110839795,318,-2.231462970839859
44965,84614,-85.64576921618746,150.52411099675425,-2570.5,65.0,-115.0,144,22.678181100020375,334,-1.3334892691960618
44943,84139,-85.5624357591747,148.67130713219584,-3091.5,70.0,-115.0,200,15.851379953210392,353,-0.4498159123613387
44921,83683,-85.47464512481902,146.88865803962798,-3320.5,75.0,-115.0,235,20.897295662499868,2,0.03320593464397359
44897,83244,-85.3826529502745,145.1755108430432,-2396.5,80.0,-115.0,93,25.499184323694315,273,-1.3853272397985312
44873,82823,-85.28670671547452,143.53076560994813,-2572.5,85.0,-115.0,57,10.98671573878638,272,-1.192875574176715
44847,82419,-85.18704442374278,141.95295746817393,-2822.5,90.0,-115.0,108,4.704173550934078,266,-0.8100370351656445
44821,82032,-85.08389366752345,140.4403320310055,-2824.0,95.0,-115.0,39,4.34310290512275,232,-0.32832937210252355
44825,10822,-85.10047257899905,-137.72631099390625,-2668.5,-100.0,-110.0,102,8.454514343847181,316,0.770155199427555
44853,10448,-85.2096407277125,-139.1849161251184,-2613.5,-95.0,-110.0,243,10.051561618623552,353,0.8368024205502259
44880,10058,-85.31557288514124,-140.71059313749967,-2575.5,-90.0,-110.0,103,7.928275431623314,316,0.8724935242613345
44907,9649,-85.41804279381302,-142.30575953331083,-2091.5,-85.0,-110.0,253,6.315187810327221,340,-0.9497421089139619
44932,9223,-85.5168112932568,-143.9726266148964,-1801.0,-80.0,-110.0,92,4.786058105749655,348,-1.3533321510346479
44956,8777,-85.61162676920671,-145.71312302279105,-2392.0,-75.0,-110.0,31,16.90350809570642,175,0.06634871939123713
44979,8312,-85.70222596695993,-147.52880770915152,-3113.5,-70.0,-110.0,36,10.104015415194752,183,2.770190575890371
45001,7828,-85.7883352379665,-149.42077312751098,-3079.5,-65.0,-110.0,210,8.865486778979964,142,3.6796840588304733
45022,7324,-85.86967228747754,-151.3895403340348,-3010.0,-60.0,-110.0,322,6.781117458145056,144,1.457826731048442
45042,6800,-85.94594848413062,-153.434948822922,-2896.5,-55.0,-110.0,259,9.665716456035405,136,1.0219016252623419
45060,6257,-86.0168717780252,-155.55604521958347,-2151.5,-50.0,-110.0,242,13.526748355365502,131,-0.6652254781780457
45077,5695,-86.08215025066646,-157.75097634278765,-1528.5,-45.0,-110.0,331,7.362919213903628,115,-0.8459740410611533
45092,5115,-86.14149628726071,-160.01689347810003,-1760.0,-40.0,-110.0,283,8.402225481214073,202,0.5201374170093743
45105,4518,-86.19463131939654,-162.34987578006988,-2110.0,-35.0,-110.0,20,7.385679992564217,276,-0.729847844628058
45117,3905,-86.24129103582256,-164.74488129694222,-2280.5,-30.0,-110.0,7,6.192339172986932,221,0.28925376051047413
45127,3277,-86.28123090437187,-167.19573393471325,-2474.5,-25.0,-110.0,30,5.682835689081206,288,-0.3992775036424319
45136,2638,-86.3142317945572,-169.69515353123398,-2723.5,-20.0,-110.0,147,5.318165646826919,188,1.847722970051668
45143,1987,-86.34010544502242,-172.23483398157467,-2803.5,-15.0,-110.0,75,6.738747264233427,297,0.5438644337978443
45147,1329,-86.35869949064657,-174.8055710922652,-2891.5,-10.0,-110.0,331,10.285878072991544,33,1.7113909614057903
45150,666,-86.36990175775975,-177.3974377975002,-2735.0,-5.0,-110.0,192,5.303660838215453,88,1.1368524591717768
45151,92159,-86.37364355748412,180.0,-2937.5,0.0,-110.0,147,5.885136472008761,322,0.7722530905327557
45150,91493,-86.36990175775975,177.3974377975002,-2984.0,5.0,-110.0,210,7.2153174801845195,332,0.965312826665277
45147,90830,-86.35869949064657,174.8055710922652,-2858.0,10.0,-110.0,250,3.543498652291122,342,0.9432066700787277
45143,90172,-86.34010544502242,172.23483398157467,-2995.5,15.0,-110.0,177,4.93795678414427,353,2.0509864077715205
45136,89521,-86.3142317945572,169.69515353123398,-2931.0,20.0,-110.0,247,5.085475331116487,358,2.1265957471393926
45127,88882,-86.28123090437187,167.19573393471325,-2978.5,25.0,-110.0,259,8.875020208145335,78,0.45172569456180867
45117,88254,-86.24129103582256,164.74488129694222,-2625.5,30.0,-110.0,282,7.7899937676103,106,-0.37782879468062225
45105,87641,-86.19463131939654,162.34987578006988,-2024.0,35.0,-110.0,245,10.98671573878638,108,-0.9542196982206026
45092,87044,-86.14149628726071,160.01689347810003,-1273.0,40.0,-110.0,304,14.210617066655383,77,-1.8473275424408284
45077,86464,-86.08215025066646,157.75097634278765,-942.5,45.0,-110.0,272,10.98671573878638,81,-2.1183507768798315
45060,85902,-86.0168717780252,155.55604521958347,-877.5,50.0,-110.0,110,4.301820668164265,312,-2.3400391601148405
45042,85359,-85.94594848413062,153.434948822922,-1113.5,55.0,-110.0,171,4.608551942257525,18,-0.9146917602501126
45022,84835,-85.86967228747754,151.3895403340348,-1241.5,60.0,-110.0,194,4.821782288005308,359,-2.5918703157267076
45001,84331,-85.7883352379665,149.42077312751098,-1933.0,65.0,-110.0,10,14.664256299684611,276,1.0283433080467936
44979,83847,-85.70222596695993,147.52880770915152,-1867.5,70.0,-110.0,136,4.460949990572396,299,-0.850336989011994
44956,83382,-85.61162676920671,145.71312302279105,-2045.0,75.0,-110.0,54,3.8618710584755234,277,-1.6305684824281113
44932,82936,-85.5168112932568,143.9726266148964,-2569.5,80.0,-110.0,82,13.753308740893766,277,-1.2407795322782034
44907,82510,-85.41804279381302,142.30575953331083,-2851.5,85.0,-110.0,101,5.176770201075168,311,-0.3699840044496599
44880,82101,-85.31557288514124,140.71059313749967,-3076.0,90.0,-110.0,80,4.721531335632894,275,-0.44269589321903696
44853,81711,-85.2096407277125,139.1849161251184,-3013.5,95.0,-110.0,8,5.459607340700875,253,-0.31012846283347484
44825,81337,-85.10047257899905,137.72631099390625,-3191.5,100.0,-110.0,107,4.34310290512275,273,-0.3399013894917132
44827,11520,-85.10601142452998,-135.0,-2531.0,-105.0,-105.0,102,10.4258770031466,305,1.0804077964633285
44856,11162,-85.22097913242797,-136.39718102729637,-2681.0,-100.0,-105.0,97,9.638032490794785,284,0.6627960777230283
44885,10787,-85.33297867044661,-137.86240522611175,-2752.5,-95.0,-105.0,95,8.754874744185434,343,1.0830703013798877
44913,10393,-85.44178932425459,-139.39870535499554,-2410.5,-90.0,-105.0,91,7.366373893218044,321,-0.2657055327187982
44940,9981,-85.5471754517289,-141.00900595749454,-2211.0,-85.0,-105.0,261,7.928275431623314,7,-0.2895339587704462
44966,9549,-85.64888641135444,-142.6960517220166,-1927.5,-80.0,-105.0,87,5.332637503422409,46,-0.08647770708893718
44991,9097,-85.7466568003709,-144.46232220802563,-2326.5,-75.0,-105.0,125,6.839931201677701,324,0.3704910569499039
45015,8624,-85.84020708442623,-146.30993247402023,-2691.5,-70.0,-105.0,105,6.931498187040112,338,1.4126240598337947
45037,8130,-85.92924470738788,-148.2405199151872,-2972.5,-65.0,-105.0,122,6.842130331931151,162,1.8803454828471573
45059,7614,-86.01346577263308,-150.25511870305778,-3490.0,-60.0,-105.0,332,24.118009879429504,181,7.981991485648958
45079,7077,-86.09255738331487,-152.35402463626133,-3027.5,-55.0,-105.0,42,22.26514208014742,125,6.911800035939866
45098,6518,-86.16620071625277,-154.5366549381284,-2161.5,-50.0,-105.0,238,11.219601244106984,45,-0.4504831047489592
45115,5938,-86.23407487973661,-156.80140948635182,-1546.5,-45.0,-105.0,258,17.784931177056027,47,-1.4525965952025623
45131,5338,-86.29586156772454,-159.14554196042167,-1570.5,-40.0,-105.0,132,7.557685945695454,278,-1.4944849202808903
45145,4719,-86.35125047095235,-161.565051177078,-2024.5,-35.0,-105.0,95,13.755151458317963,282,-1.0718117652578245
45158,4082,-86.3999453406433,-164.05460409907712,-2327.0,-30.0,-105.0,129,7.510224356062148,287,-0.7424531535270152
45169,3428,-86.44167052681864,-166.6075022462489,-2508.0,-25.0,-105.0,133,6.919469053450919,266,-0.1125266482058928
45177,2760,-86.47617773772504,-169.21570213243743,-2702.0,-20.0,-105.0,141,6.604777362267704,297,-0.12378879118332964
45184,2081,-86.50325269949805,-171.86989764584402,-2718.5,-15.0,-105.0,100,7.2153174801845195,306,0.019467910674968593
45189,1392,-86.52272134742442,-174.5596679689945,-2777.0,-10.0,-105.0,142,5.15316981808986,320,0.6697591830609234
45192,697,-86.53445516328118,-177.27368900609375,-2846.5,-5.0,-105.0,136,4.63026096985156,281,0.9735800114936889
45193,92159,-86.53837529551186,180.0,-2896.0,0.0,-105.0,108,6.911800035939866,327,0.4564711048733508
45192,91462,-86.53445516328118,177.27368900609375,-2835.0,5.0,-105.0,65,5.301724394802256,323,1.2885714255881762
45189,90767,-86.52272134742442,174.5596679689945,-2881.5,10.0,-105.0,101,4.823721607614189,344,0.8026411007193179
45184,90078,-86.50325269949805,171.86989764584402,-2871.0,15.0,-105.0,257,4.537191166655816,7,0.7647112531096368
45177,89399,-86.47617773772504,169.21570213243743,-2853.0,20.0,-105.0,256,5.457790844333537,14,0.6501251977369817
45169,88731,-86.44167052681864,166.6075022462489,-2869.0,25.0,-105.0,260,7.137307988411202,98,0.1520110865973093
45158,88077,-86.3999453406433,164.05460409907712,-2681.5,30.0,-105.0,252,9.635234151887932,103,-0.3333249481216942
45145,87440,-86.35125047095235,161.565051177078,-1915.5,35.0,-105.0,249,13.068631434191454,69,-1.1039109892735006
45131,86821,-86.29586156772454,159.14554196042167,-1121.5,40.0,-105.0,248,11.684240740598153,75,-2.0106625200570645
45115,86221,-86.23407487973661,156.80140948635182,-749.0,45.0,-105.0,288,8.792488931582938,79,-2.266251435762487
45098,85641,-86.16620071625277,154.5366549381284,-708.0,50.0,-105.0,145,18.440361227305228,333,-2.7877170175674304
45079,85082,-86.09255738331487,152.35402463626133,-1105.0,55.0,-105.0,144,7.189211996287263,272,0.24906061641703023
45059,84545,-86.01346577263308,150.25511870305778,-1242.5,60.0,-105.0,55,16.45965788027016,275,-0.011718749837151054
45037,84029,-85.92924470738788,148.2405199151872,-1972.5,65.0,-105.0,333,12.838929805514612,50,3.579723853744372
45015,83535,-85.84020708442623,146.30993247402023,-1909.5,70.0,-105.0,285,26.087366782655348,41,0.45822691502993484
44991,83062,-85.7466568003709,144.46232220802563,-2053.5,75.0,-105.0,151,7.564582784692663,351,-1.829144537783038
44966,82610,-85.64888641135444,142.6960517220166,-2321.0,80.0,-105.0,178,5.038141437743589,315,-0.9712339862132009
44940,82178,-85.5471754517289,141.00900595749454,-2681.0,85.0,-105.0,159,7.453230909780871,345,-1.0622917956887106
44913,81766,-85.44178932425459,139.39870535499554,-3130.0,90.0,-105.0,46,8.875020208145335,226,2.083440821760683
44885,81372,-85.33297867044661,137.86240522611175,-3108.0,95.0,-105.0,160,4.236731579052585,279,-0.31317579785822747
44856,80997,-85.22097913242797,136.39718102729637,-3316.0,100.0,-105.0,314,18.22243026617343,58,9.932380363921496
44827,80639,-85.10601142452998,135.0,-3220.5,105.0,-105.0,206,6.261238468614476,279,-0.07962381425869998
44825,12217,-85.10047257899905,-132.27368900609375,-2442.0,-110.0,-100.0,100,13.671457734199235,266,-0.45229174521450294
44856,11877,-85.22097913242797,-133.60281897270363,-2574.0,-105.0,-100.0,95,12.306373815796398,266,0.48174590881467844
44886,11520,-85.33879510666145,-135.0,-2507.5,-100.0,-100.0,92,10.65218238981451,313,-0.08647770708893718
44916,11143,-85.45370929963914,-136.46880071438582,-2605.0,-95.0,-100.0,88,9.546498334361724,337,0.7235739858773567
44944,10748,-85.56549414773151,-138.01278750418336,-2513.5,-90.0,-100.0,84,8.265745083244164,350,0.08367821852499671
44972,10333,-85.67390514333776,-139.63546342690265,-2019.5,-85.0,-100.0,82,6.604779585365849,328,-1.1332446445018312
44999,9896,-85.77868047981143,-141.34019174590992,-1663.0,-80.0,-100.0,227,6.500106222329226,342,-1.5430601788200506
45025,9438,-85.8795410081806,-143.13010235415598,-1855.0,-75.0,-100.0,115,10.401017053805957,324,-0.9853657019465896
45049,8957,-85.97619060442244,-145.00797980144134,-2336.0,-70.0,-100.0,35,8.165391089803649,337,0.12997112549643902
45073,8454,-86.06831705865879,-146.97613244420336,-2970.5,-65.0,-100.0,114,9.69763898871378,348,1.5557164518112303
45095,7926,-86.1555936062852,-149.03624346792648,-2951.0,-60.0,-100.0,226,8.82327043269552,3,1.3098686430177389
45116,7375,-86.23768122272367,-151.18920625702694,-2758.5,-55.0,-100.0,219,13.387177211579305,17,1.2071441974902015
45136,6800,-86.3142317945572,-153.434948822922,-1903.0,-50.0,-100.0,217,18.981020775051793,20,-0.9288670006056712
45154,6202,-86.38489225631693,-155.77225468204585,-1103.5,-45.0,-100.0,237,10.753462112801339,25,-1.9962194512398108
45171,5581,-86.4493097405257,-158.19859051364818,-1078.0,-40.0,-100.0,120,6.378771176444146,281,-1.9936157835631618
45185,4938,-86.50713772642197,-160.70995378081125,-1483.0,-35.0,-100.0,96,9.462397417377124,286,-1.650180578261681
45198,4275,-86.55804309029627,-163.3007557660064,-1965.0,-30.0,-100.0,95,8.63686195798163,291,-1.148204502438789
45210,3593,-86.60171386159979,-165.96375653207352,-2445.5,-25.0,-100.0,146,9.093567329969867,296,-0.6580461683402044
45219,2895,-86.63786738274366,-168.6900675259798,-2760.5,-20.0,-100.0,131,8.737224261480534,9,2.4151673321002156
45226,2183,-86.66625847045609,-171.46923439005187,-2840.0,-15.0,-100.0,144,7.601815741633656,296,0.4780378844566501
45231,1461,-86.68668709989919,-174.28940686250036,-2883.5,-10.0,-100.0,134,6.612234288309403,353,1.3371373451603064
45234,732,-86.69900509726281,-177.13759477388825,-2923.5,-5.0,-100.0,98,8.875020208145335,308,1.005248369445286
45235,92159,-86.7031213464795,180.0,-2946.5,0.0,-100.0,78,6.500106222329226,331,0.34351929986430235
45234,91427,-86.69900509726281,177.13759477388825,-2970.0,5.0,-100.0,196,5.1179408254456025,43,0.6637735628046123
45231,90698,-86.68668709989919,174.28940686250036,-2899.5,10.0,-100.0,190,5.142167226539486,47,1.2051919379289164
45226,89976,-86.66625847045609,171.46923439005187,-2887.0,15.0,-100.0,244,5.314717198074299,58,0.2620376992675618
45219,89264,-86.63786738274366,168.6900675259798,-2866.0,20.0,-100.0,246,6.662453579101986,13,1.1408488730952828
45210,88566,-86.60171386159979,165.96375653207352,-2736.0,25.0,-100.0,237,8.650790045737896,71,-0.21290845180042975
45198,87884,-86.55804309029627,163.3007557660064,-2637.0,30.0,-100.0,246,13.896830386811557,76,-0.4144283383584294
45185,87221,-86.50713772642197,160.70995378081125,-1582.0,35.0,-100.0,254,19.736225733732084,65,-1.4677940274594823
45171,86578,-86.4493097405257,158.19859051364818,-956.5,40.0,-100.0,238,6.537557785153556,65,-2.10526032526762
45154,85957,-86.38489225631693,155.77225468204585,-647.5,45.0,-100.0,256,6.975229336255771,78,-2.3568074792177702
45136,85359,-86.3142317945572,153.434948822922,-306.5,50.0,-100.0,114,4.6377446484925215,355,-3.1290116121390263
45116,84784,-86.23768122272367,151.18920625702694,-1035.5,55.0,-100.0,146,8.954153587574655,22,-0.4477062561960555
45095,84233,-86.1555936062852,149.03624346792648,-1039.5,60.0,-100.0,254,5.303660838215453,16,-2.4292792266108947
45073,83705,-86.06831705865879,146.97613244420336,-1493.5,65.0,-100.0,235,18.003952144750453,5,-2.1418846169006773
45049,83202,-85.97619060442244,145.00797980144134,-1540.5,70.0,-100.0,261,13.755151458317963,31,-1.816627550746278
45025,82721,-85.8795410081806,143.13010235415598,-1935.5,75.0,-100.0,115,14.322366312066164,296,-1.2266666381699618
44999,82263,-85.77868047981143,141.34019174590992,-2250.0,80.0,-100.0,175,6.379612606630355,275,-0.6124271584353974
44972,81826,-85.67390514333776,139.63546342690265,-2492.5,85.0,-100.0,230,7.882881246354759,2,-1.4157658461660754
44944,81411,-85.56549414773151,138.01278750418336,-2987.5,90.0,-100.0,164,9.259184649244126,285,-0.671683427240666
44916,81016,-85.45370929963914,136.46880071438582,-3093.5,95.0,-100.0,153,4.575174087459204,29,0.12256546292114097
44886,80639,-85.33879510666145,135.0,-3211.5,100.0,-100.0,168,4.166274730234513,19,-0.12299305827901003
44856,80282,-85.22097913242797,133.60281897270363,-3482.5,105.0,-100.0,204,20.580130085775885,49,5.620876164123742
44825,79942,-85.10047257899905,132.27368900609375,-3277.0,110.0,-100.0,165,3.2597839560874053,43,0.14325469992766782
44821,12912,-85.08389366752345,-129.5596679689945,-1692.0,-115.0,-95.0,104,17.313184772951942,283,-1.6233829438198144
44853,12591,-85.2096407277125,-130.8150838748816,-2011.5,-110.0,-95.0,252,51.794841120629954,290,-1.2741142801278342
44885,12252,-85.33297867044661,-132.13759477388825,-2420.5,-105.0,-95.0,90,14.1084497224504,300,-0.6282420369163949
44916,11896,-85.45370929963914,-133.53119928561418,-2582.5,-100.0,-95.0,176,16.013766656799273,280,0.17766807906242302
44946,11520,-85.5716172868525,-135.0,-2475.5,-95.0,-95.0,79,10.38758576465545,298,-0.33003437053076484
44975,11123,-85.68646913340183,-136.54815769897797,-2252.0,-90.0,-95.0,76,8.581082418967824,318,-0.7406103875641017
45004,10705,-85.79801225959118,-138.17983011986425,-2238.0,-85.0,-95.0,74,7.433712412223812,356,0.014251560745237181
45031,10265,-85.90597429763862,-139.89909245378777,-2120.5,-80.0,-95.0,268,9.177436522073005,119,0.10750030722926744
45058,9802,-86.01006268415239,-141.70983680775691,-1484.5,-75.0,-95.0,165,6.224054042582056,8,-1.4187880132332975
45084,9314,-86.10996466861855,-143.61564818416412,-1966.0,-70.0,-95.0,119,12.766759160561765,334,-0.7632928642204333
45108,8801,-86.20534787461253,-145.61965527615513,-2539.0,-65.0,-95.0,91,11.464848674742155,342,0.48174590881467844
45131,8262,-86.29586156772454,-147.72435568542238,-2865.0,-60.0,-95.0,224,10.615732787522166,355,0.8014974450848196
45153,7697,-86.38113879469832,-149.93141717813756,-2059.0,-55.0,-95.0,221,17.233251203078854,11,-0.6699305827404438
45173,7106,-86.46079955702656,-152.24145939893998,-1294.5,-50.0,-95.0,250,8.402225481214073,14,-1.8299598310745395
45192,6488,-86.53445516328118,-154.65382405805332,-736.5,-45.0,-95.0,260,6.977153649191311,118,-2.3053045508819827
45210,5845,-86.60171386159979,-157.16634582208246,-858.0,-40.0,-95.0,89,14.095082804143775,283,-2.1765001528072974
45225,5177,-86.66218778188009,-159.77514056883192,-1109.0,-35.0,-95.0,152,10.032013279295073,288,-1.9704721841302875
45239,4486,-86.71550111417815,-162.47443162627712,-1673.5,-30.0,-95.0,119,11.433860889421425,293,-1.477025058318296
45250,3774,-86.76129931861101,-165.25643716352928,-2061.5,-25.0,-95.0,134,11.62947400021419,299,-1.102575800179611
45260,3043,-86.79925901303795,-168.11134196037204,-2540.5,-20.0,-95.0,118,11.130177136568268,305,-0.5746680129759858
45268,2296,-86.82909803644073,-171.0273733851036,-2787.5,-15.0,-95.0,47,11.452111822902118,274,1.6827367428886228
45273,1538,-86.85058506369197,-173.99099404250546,-2826.5,-10.0,-95.0,123,7.918328019800702,318,-0.047913488868866906
45277,771,-86.86354807959435,-176.98721249581666,-2965.0,-5.0,-95.0,76,30.75902633637714,235,2.98708333294877
45278,92159,-86.86788103113106,180.0,-2943.5,0.0,-95.0,205,5.71606923801099,331,0.3658776188704992
45277,91388,-86.86354807959435,176.98721249581666,-2924.5,5.0,-95.0,101,9.291889456201734,305,1.5961280986344868
45273,90621,-86.85058506369197,173.99099404250546,-2866.0,10.0,-95.0,191,6.249756314236138,1,0.37951249927740244
45268,89863,-86.82909803644073,171.0273733851036,-2844.5,15.0,-95.0,196,6.378479796289962,56,-0.03859605923260673
45260,89116,-86.79925901303795,168.11134196037204,-2863.5,20.0,-95.0,261,8.29272780252357,10,0.9653762845771354
45250,88385,-86.76129931861101,165.25643716352928,-2452.0,25.0,-95.0,253,10.805804926331106,68,-0.5848683500615206
45239,87673,-86.71550111417815,162.47443162627712,-1677.5,30.0,-95.0,245,13.639160639924091,54,-1.4544794400045555
45225,86982,-86.66218778188009,159.77514056883192,-1164.0,35.0,-95.0,283,6.3721430069566685,76,-1.8486794424841104
45210,86314,-86.60171386159979,157.16634582208246,-800.0,40.0,-95.0,270,10.244729900150096,103,-1.9072268689549843
45192,85671,-86.53445516328118,154.65382405805332,-203.0,45.0,-95.0,210,6.736821024608213,63,-2.4190666342165636
45173,85053,-86.46079955702656,152.24145939893998,-131.5,50.0,-95.0,74,4.577671052482986,282,-1.5178202427598895
45153,84462,-86.38113879469832,149.93141717813756,-775.5,55.0,-95.0,115,8.63498982879977,17,-1.669820016753577
45131,83897,-86.29586156772454,147.72435568542238,-791.5,60.0,-95.0,205,6.738747264233427,7,-2.9344752804282397
45108,83358,-86.20534787461253,145.61965527615513,-1010.5,65.0,-95.0,208,7.018092768212852,13,-2.766741510853196
45084,82845,-86.10996466861855,143.61564818416412,-1310.5,70.0,-95.0,194,10.101650090445453,21,-1.0593878391978446
45058,82357,-86.01006268415239,141.70983680775691,-1547.0,75.0,-95.0,168,7.793241707933413,19,-2.0263334470489767
45031,81894,-85.90597429763862,139.89909245378777,-2037.0,80.0,-95.0,114,17.784931177056027,3,-1.9418099300431844
45004,81454,-85.79801225959118,138.17983011986425,-2421.0,85.0,-95.0,154,6.3189251847700705,280,-0.8417783361814328
44975,81036,-85.68646913340183,136.54815769897797,-2793.0,90.0,-95.0,106,9.110965561802413,10,-1.1227924620270382
44946,80639,-85.5716172868525,135.0,-3076.5,95.0,-95.0,172,5.18574269258762,290,-0.44195924733097985
44916,80263,-85.45370929963914,133.53119928561418,-3144.5,100.0,-95.0,170,4.4522076038322815,289,-0.24265616388202874
44885,79907,-85.33297867044661,132.13759477388825,-3244.5,105.0,-95.0,162,3.9493670676555843,38,0.1565924005007406
44853,79568,-85.2096407277125,130.8150838748816,-3259.0,110.0,-95.0,110,3.8618710584755234,358,1.0876071045191267
44821,79247,-85.08389366752345,129.5596679689945,-3159.5,115.0,-95.0,160,2.90206205424096,285,0.2001339095425394
44814,13601,-85.05638630507269,-126.86989764584402,22.5,-120.0,-90.0,125,25.103828708118968,326,-3.171425167285673
44847,13299,-85.18704442374278,-128.04704253182607,-532.5,-115.0,-90.0,92,21.2991000595237,328,-2.8340120568850375
44880,12981,-85.31557288514124,-129.28940686250036,-982.0,-110.0,-90.0,94,16.509865555506455,290,-2.396105311977918
44913,12646,-85.44178932425459,-130.6012946450045,-1698.0,-105.0,-90.0,88,15.036473209665,290,-1.6150285101039763
44944,12291,-85.56549414773151,-131.98721249581666,-2255.0,-100.0,-90.0,78,13.534780465683196,309,-0.8776023685144098
44975,11916,-85.68646913340183,-133.45184230102205,-2005.5,-95.0,-90.0,72,10.49120875773934,304,-1.3260609518939601
45005,11520,-85.80447605199659,-135.0,-1955.0,-90.0,-90.0,69,8.71373749720331,314,-1.5018696511772602
45035,11101,-85.91925537069154,-136.63657704161673,-2325.0,-85.0,-90.0,66,8.036880718776732,117,1.2617232740878572
45063,10658,-86.03052511897671,-138.3664606634298,-2301.0,-80.0,-90.0,233,11.293793117611575,21,0.576341845326818
45091,10190,-86.13798002214394,-140.19442890773482,-1395.0,-75.0,-90.0,224,24.50597535033855,1,-1.665110433002253
45117,9695,-86.24129103582256,-142.12501634890182,-1246.0,-70.0,-90.0,353,11.452111822902118,268,-1.0801684005457672
45143,9174,-86.34010544502242,-144.1623470457217,-2373.5,-65.0,-90.0,60,16.057563850331988,189,1.5057408652045396
45167,8624,-86.43404772029623,-146.30993247402023,-2331.5,-60.0,-90.0,220,6.980588230839709,350,-0.2603689930859426
45189,8045,-86.52272134742442,-148.5704343851615,-1928.0,-55.0,-90.0,256,15.116023594011255,359,-0.9086509609402599
45211,7437,-86.60571185894956,-150.94539590092285,-1148.5,-50.0,-90.0,174,8.165391089803649,12,-1.994776813463874
45230,6800,-86.68259128743992,-153.434948822922,-711.5,-45.0,-90.0,231,8.755025265861313,15,-2.4363521931124654
45248,6134,-86.75292422168002,-156.03751102542182,-212.5,-40.0,-90.0,230,4.823721607614189,52,-2.3002938883289294
45264,5440,-86.81627556841795,-158.74949449286677,-252.0,-35.0,-90.0,143,14.664256299684611,289,-2.5515444566471577
45279,4719,-86.87221999713049,-161.565051177078,-988.5,-30.0,-90.0,159,23.49681910969433,295,-2.0470990821301602
45291,3974,-86.92035287345155,-164.47588900324575,-1258.5,-25.0,-90.0,105,10.792884318539906,275,-1.1415034265928306
45301,3207,-86.9603022791006,-167.47119229084848,-2043.0,-20.0,-90.0,100,21.221863400181103,307,-1.1216167500313508
45309,2422,-86.99174149651624,-170.53767779197437,-2542.0,-15.0,-90.0,116,12.37320616927175,314,-0.6149819814198809
45315,1623,-87.01440114225113,-173.6598082540901,-2789.5,-10.0,-90.0,109,9.346599687499832,321,-0.2971071684024081
45319,814,-87.02808000958088,-176.82016988013575,-2892.5,-5.0,-90.0,104,7.175948207565903,347,0.550606755864241
45320,92159,-87.03265366987262,180.0,-2819.0,0.0,-90.0,211,6.642207834757141,335,-0.057483881175480776
45319,91345,-87.02808000958088,176.82016988013575,-2754.0,5.0,-90.0,202,7.199591172766658,37,-0.1433501078257529
45315,90536,-87.01440114225113,173.6598082540901,-2832.5,10.0,-90.0,191,7.860232514707568,315,1.3744902939814654
45309,89737,-86.99174149651624,170.53767779197437,-2827.0,15.0,-90.0,196,8.447499883206529,11,0.13609789673840555
45301,88952,-86.9603022791006,167.47119229084848,-2624.0,20.0,-90.0,250,12.147327016307285,59,-0.4751113190561403
45291,88185,-86.92035287345155,164.47588900324575,-1923.5,25.0,-90.0,254,10.519847242351,63,-1.167532989929497
45279,87440,-86.87221999713049,161.565051177078,-1365.0,30.0,-90.0,295,11.91598133482619,94,-1.3991051516462236
45264,86719,-86.81627556841795,158.74949449286677,-897.0,35.0,-90.0,234,5.783780367906215,58,-2.338771454958331
45248,86025,-86.75292422168002,156.03751102542182,-669.5,40.0,-90.0,305,9.27970234131557,64,-2.4894832930316784
45230,85359,-86.68259128743992,153.434948822922,-204.5,45.0,-90.0,123,8.638771027495324,331,2.533919977748294
45211,84722,-86.60571185894956,150.94539590092285,-430.5,50.0,-90.0,66,7.292949331305354,163,0.9653762845771354
45189,84114,-86.52272134742442,148.5704343851615,-371.5,55.0,-90.0,171,5.241688645640784,329,-1.93995925149212
45167,83535,-86.43404772029623,146.30993247402023,-497.0,60.0,-90.0,185,16.45965788027016,20,1.4469172465352975
45143,82985,-86.34010544502242,144.1623470457217,-465.5,65.0,-90.0,264,10.98671573878638,18,-2.9036801347695533
45117,82464,-86.24129103582256,142.12501634890182,-793.5,70.0,-90.0,114,12.147327016307285,357,-2.7018043086135557
45091,81969,-86.13798002214394,140.19442890773482,-1196.0,75.0,-90.0,149,5.480370774255931,21,-2.755958644275997
45063,81501,-86.03052511897671,138.3664606634298,-1783.0,80.0,-90.0,101,13.983109661074817,6,-2.1353969788147467
45035,81058,-85.91925537069154,136.63657704161673,-2245.0,85.0,-90.0,123,8.06291949264563,0,-1.4527728704488314
45005,80639,-85.80447605199659,135.0,-2650.5,90.0,-90.0,134,9.656485415874275,15,-1.3338687852588553
44975,80243,-85.68646913340183,133.45184230102205,-3014.0,95.0,-90.0,163,5.726946688043875,296,-0.4412382013422707
44944,79868,-85.56549414773151,131.98721249581666,-3205.5,100.0,-90.0,160,5.045730429341416,294,-0.12523493139498806
44913,79513,-85.44178932425459,130.6012946450045,-3234.0,105.0,-90.0,161,4.251919288657018,263,0.7196683554771549
44880,79178,-85.31557288514124,129.28940686250036,-3232.5,110.0,-90.0,157,3.598900552941624,75,0.13123961828757288
44847,78860,-85.18704442374278,128.04704253182607,-3192.0,115.0,-90.0,200,4.583493057579822,44,0.10666538286942213
44814,78558,-85.05638630507269,126.86989764584402,-3215.5,120.0,-90.0,0,5.782854837902176,54,0.13064402031481367
44804,14280,-85.01813241262838,-124.21570213243739,956.0,-125.0,-85.0,239,37.37973997190084,348,-2.090871591563209
44839,14000,-85.15334841972359,-125.31121343963319,1688.5,-120.0,-85.0,95,21.03269664307184,283,-4.147469042663141
44873,13703,-85.28670671547452,-126.46923439005187,926.0,-115.0,-85.0,83,16.70170153485163,286,-3.7369017953843
44907,13390,-85.41804279381302,-127.69424046668917,185.0,-110.0,-85.0,87,15.4971742642726,291,-3.309074936951792
44940,13058,-85.5471754517289,-128.99099404250546,-815.5,-105.0,-85.0,74,16.85206039516633,330,-2.5741558094094272
44972,12706,-85.67390514333776,-130.36453657309735,-1765.0,-100.0,-85.0,74,14.513578251043532,295,-1.6034552207317003
45004,12334,-85.79801225959118,-131.82016988013575,-1910.5,-95.0,-85.0,60,11.23161349192607,352,-0.07894526052542669
45035,11938,-85.91925537069154,-133.36342295838327,-2116.0,-90.0,-85.0,69,11.452111822902118,210,0.41593297675636887
45065,11520,-86.03736948717736,-135.0,-2328.0,-85.0,-85.0,58,8.431004402053969,324,0.5868731797303941
45094,11075,-86.15206442002608,-136.7357045889284,-2386.0,-80.0,-85.0,266,9.940685985332351,6,1.271401091664971
45123,10604,-86.2630233505845,-138.57633437499737,-1795.5,-75.0,-85.0,293,9.557572333799499,27,-0.24380684671908717
45150,10104,-86.36990175775975,-140.52754015165618,-1599.0,-70.0,-85.0,345,7.306711224150498,103,-0.23033120884523112
45176,9575,-86.47232689180137,-142.59464336859145,-2108.5,-65.0,-85.0,42,8.949891114492877,127,-0.05733222831683156
45201,9015,-86.56989802869707,-144.78240703180728,-2393.0,-60.0,-85.0,322,7.974171979680112,121,0.33632263903094506
45225,8423,-86.66218778188009,-147.0947570770121,-1868.0,-55.0,-85.0,302,11.684240740598153,115,-1.074856180725876
45247,7799,-86.74874478069894,-149.53445508054014,-1261.5,-50.0,-85.0,325,13.068631434191454,111,-1.8513258497853564
45268,7141,-86.82909803644073,-152.10272896905238,-355.0,-45.0,-85.0,217,16.45965788027016,8,-2.698710915793824
45287,6451,-86.9027632917905,-154.79887635452494,-213.5,-40.0,-85.0,166,9.581915245891475,10,-2.404529118870742
45304,5729,-86.9692515718618,-157.61986494804043,-430.0,-35.0,-85.0,242,12.491729110839795,124,-1.0960271605885155
45319,4976,-87.02808000958088,-160.55996517182382,-214.5,-30.0,-85.0,238,7.132110969989077,122,-1.7543324010926657
45332,4195,-87.07878479812982,-163.61045966596524,-666.0,-25.0,-85.0,174,23.08874665342278,343,-2.2298682932084914
45342,3389,-87.12093583622989,-166.75948008481282,-1012.0,-20.0,-85.0,121,13.29605652272999,346,-1.9692526084995223
45351,2562,-87.15415230786788,-169.9920201985587,-2232.0,-15.0,-85.0,108,21.753299335899634,0,-0.6513832762400277
45357,1717,-87.17811813029034,-173.29016319224309,-2444.5,-10.0,-85.0,87,8.689767646903707,322,-0.6590586269532719
45361,861,-87.19259598436352,-176.63353933657018,-2458.5,-5.0,-85.0,172,8.518624572894517,330,-0.5865918248600699
45362,92159,-87.19743858278908,180.0,-2455.0,0.0,-85.0,178,7.2153174801845195,25,-0.5668402974236394
45361,91298,-87.19259598436352,176.63353933657018,-2707.5,5.0,-85.0,208,9.309297295062866,34,-0.20009664598219656
45357,90442,-87.17811813029034,173.29016319224309,-2359.0,10.0,-85.0,205,12.838929805514612,41,-0.7479194252528001
45351,89597,-87.15415230786788,169.9920201985587,-2305.5,15.0,-85.0,233,12.378271269705426,48,-0.8132078364656491
45342,88770,-87.12093583622989,166.75948008481282,-2182.5,20.0,-85.0,263,9.989979492939641,32,0.35887184681424256
45332,87964,-87.07878479812982,163.61045966596524,-1632.0,25.0,-85.0,212,11.91598133482619,41,-1.5050891661053807
45319,87183,-87.02808000958088,160.55996517182382,-1111.5,30.0,-85.0,213,19.736225733732084,49,-2.0903729494494563
45304,86430,-86.9692515718618,157.61986494804043,-728.0,35.0,-85.0,164,8.165391089803649,25,-0.3100287079018508
45287,85708,-86.9027632917905,154.79887635452494,-770.5,40.0,-85.0,49,17.122871807473828,177,2.110230701555379
45268,85018,-86.82909803644073,152.10272896905238,-355.5,45.0,-85.0,3,11.219601244106984,211,1.084312652641795
45247,84360,-86.74874478069894,149.53445508054014,-282.5,50.0,-85.0,261,6.975229336255771,134,-0.9810610756711127
45225,83736,-86.66218778188009,147.0947570770121,-170.0,55.0,-85.0,158,6.659026809983324,35,-1.5337693015487686
45201,83144,-86.56989802869707,144.78240703180728,-152.0,60.0,-85.0,182,5.063780280787615,10,-3.142914512274055
45176,82584,-86.47232689180137,142.59464336859145,-212.0,65.0,-85.0,205,4.6379266406159445,344,-2.87201275128335
45150,82055,-86.36990175775975,140.52754015165618,-701.5,70.0,-85.0,108,15.34119138235815,19,-3.0415646321488596
45123,81555,-86.2630233505845,138.57633437499737,-1121.0,75.0,-85.0,171,8.032465309816853,349,-2.160756740094098
45094,81084,-86.15206442002608,136.7357045889284,-1571.0,80.0,-85.0,101,13.526748355365502,9,-2.2831010386354964
45065,80639,-86.03736948717736,135.0,-2054.0,85.0,-85.0,230,7.928275431623314,13,-1.9173521263149476
45035,80221,-85.91925537069154,133.36342295838327,-2465.0,90.0,-85.0,181,6.500106222329226,18,-1.511037864946046
45004,79825,-85.79801225959118,131.82016988013575,-2951.5,95.0,-85.0,170,7.493103354928506,26,-0.9540551248379812
44972,79453,-85.67390514333776,130.36453657309735,-3118.0,100.0,-85.0,170,5.2873373360705544,21,-0.24575993607010027
44940,79101,-85.5471754517289,128.99099404250546,-3216.5,105.0,-85.0,154,4.469572889956566,301,0.07933647175762183
44907,78769,-85.41804279381302,127.69424046668917,-3223.0,110.0,-85.0,154,3.7298089114396165,299,0.26925623800350135
44873,78456,-85.28670671547452,126.46923439005187,-3247.0,115.0,-85.0,153,3.2361476044513053,296,0.48957075707652703
44839,78159,-85.15334841972359,125.31121343963319,-3235.5,120.0,-85.0,336,9.924800120791899,98,0.3404467407333813
44804,77879,-85.01813241262838,124.21570213243739,-3238.5,125.0,-85.0,243,10.051561618623552,292,1.444965365173163
44827,14689,-85.10878321084016,-122.61924307119284,2583.5,-125.0,-80.0,126,36.918785778907356,290,-4.564570982376085
44863,14415,-85.24658988796575,-123.69006752597979,3025.0,-120.0,-80.0,76,11.452111822902118,294,-4.835933171772367
44897,14124,-85.3826529502745,-124.8244891569568,2069.0,-115.0,-80.0,93,18.874564837108476,286,-4.325451089839452
44932,13816,-85.5168112932568,-126.02737338510362,1121.5,-110.0,-80.0,52,16.013766656799273,287,-3.793219435906155
44966,13490,-85.64888641135444,-127.30394827798344,-70.0,-105.0,-80.0,39,13.553265853894743,295,-3.0948724858152303
44999,13143,-85.77868047981143,-128.6598082540901,-1205.5,-100.0,-80.0,62,14.43766785823724,299,-2.221823078189506
45031,12774,-85.90597429763862,-130.10090754621226,-1834.0,-95.0,-80.0,46,11.605302810220959,313,-0.6504669355603216
45063,12381,-86.03052511897671,-131.63353933657018,-2303.5,-90.0,-80.0,47,10.336762091520393,290,0.5677606061384223
45094,11964,-86.15206442002608,-133.26429541107163,-2375.5,-85.0,-80.0,48,8.722331951240564,335,1.9321556684460477
45125,11520,-86.27029567576251,-135.0,-2140.5,-80.0,-80.0,49,7.103537009131428,327,0.35887184681424256
45154,11047,-86.38489225631693,-136.8476102659946,-2035.0,-75.0,-80.0,131,11.452111822902118,351,-0.8115449565513874
45182,10543,-86.49549559828526,-138.81407483429035,-2114.5,-70.0,-80.0,335,6.583620805996599,143,0.4905474762859936
45210,10008,-86.60171386159979,-140.9061411137705,-2356.0,-65.0,-80.0,357,6.471158797020936,286,1.2071441974902015
45235,9438,-86.7031213464795,-143.13010235415598,-2377.0,-60.0,-80.0,248,7.2989239189750705,339,-0.07613574699241164
45260,8834,-86.79925901303795,-145.4914770123316,-2352.5,-55.0,-80.0,244,13.019271724060836,102,0.37520037163634773
45283,8193,-86.88963650969119,-147.9946167919165,-1444.0,-50.0,-80.0,266,13.068631434191454,106,-1.656713863119929
45305,7515,-86.97373616114442,-150.64224645720873,-935.5,-45.0,-80.0,292,23.49681910969433,104,-2.2219835470317237
45325,6800,-87.05101937148595,-153.434948822922,-1000.0,-40.0,-80.0,351,12.8362714118146,104,-2.1253832765928715
45342,6049,-87.12093583622989,-156.3706222693432,-1093.0,-35.0,-80.0,344,17.784931177056027,108,-1.7508797705373673
45358,5262,-87.18293580092859,-159.44395478041653,-631.5,-30.0,-80.0,298,19.139578157487612,104,-2.4371896895013854
45372,4442,-87.23648533193544,-162.6459753637387,-414.0,-25.0,-80.0,57,17.345278383521634,302,-2.3062267421925293
45383,3593,-87.28108417516734,-165.96375653207352,-1188.5,-20.0,-80.0,8,9.578117188184757,285,-1.1877413576622051
45392,2718,-87.31628530297361,-169.38034472384487,-1609.0,-15.0,-80.0,168,7.7285876119146195,316,-1.436886838544929
45399,1824,-87.34171476201936,-172.8749836510982,-1969.5,-10.0,-80.0,159,10.98671573878638,7,-1.0615210341667596
45403,915,-87.35709004963678,-176.42366562500266,-2222.5,-5.0,-80.0,172,10.260845174587487,342,-0.5696183430511403
45404,92159,-87.36223508966107,180.0,-2284.5,0.0,-80.0,26,10.517959211340138,285,2.6565487137360906
45403,91244,-87.35709004963678,176.42366562500266,-2413.0,5.0,-80.0,219,17.565371762030523,31,-0.7397901661729914
45399,90335,-87.34171476201936,172.8749836510982,-1750.0,10.0,-80.0,216,13.18147106079419,38,-1.3966336473332794
45392,89441,-87.31628530297361,169.38034472384487,-1460.5,15.0,-80.0,235,14.664256299684611,45,-1.6578719590868884
45383,88566,-87.28108417516734,165.96375653207352,-1587.5,20.0,-80.0,188,16.084615565902066,16,-0.9973122218439696
45372,87717,-87.23648533193544,162.6459753637387,-1061.0,25.0,-80.0,254,12.621921759484282,40,-2.1348241268163664
45358,86897,-87.18293580092859,159.44395478041653,-592.0,30.0,-80.0,203,16.236964909352732,48,-2.600691950037185
45342,86110,-87.12093583622989,156.3706222693432,-555.0,35.0,-80.0,93,8.875020208145335,316,1.4469172465352975
45325,85359,-87.05101937148595,153.434948822922,-631.5,40.0,-80.0,200,16.45965788027016,45,0.6054050641457149
45305,84644,-86.97373616114442,150.64224645720873,-437.5,45.0,-80.0,309,3.6014666013069743,125,-0.2139571832022288
45283,83966,-86.88963650969119,147.9946167919165,-355.0,50.0,-80.0,322,6.80273192470578,120,-0.9036314221852055
45260,83325,-86.79925901303795,145.4914770123316,116.0,55.0,-80.0,342,10.051561618623552,108,-2.4939292546036436
45235,82721,-86.7031213464795,143.13010235415598,172.5,60.0,-80.0,238,8.163477355666643,0,-3.0083387420732244
45210,82151,-86.60171386159979,140.9061411137705,-60.5,65.0,-80.0,184,11.348367793041426,356,-3.081779919814599
45182,81616,-86.49549559828526,138.81407483429035,-437.5,70.0,-80.0,180,8.181117650383204,64,0.23794757528459465
45154,81112,-86.38489225631693,136.8476102659946,-633.0,75.0,-80.0,230,10.285878072991544,27,-3.163406771779548
45125,80639,-86.27029567576251,135.0,-1415.5,80.0,-80.0,162,16.013766656799273,12,-2.366190357304352
45094,80195,-86.15206442002608,133.26429541107163,-1871.5,85.0,-80.0,232,7.453230909780871,14,-2.0023023243948312
45063,79778,-86.03052511897671,131.63353933657018,-2117.0,90.0,-80.0,246,8.402225481214073,36,-1.9059325643755423
45031,79385,-85.90597429763862,130.10090754621226,-2793.0,95.0,-80.0,158,10.24920839366204,308,-0.5670508619206914
44999,79016,-85.77868047981143,128.6598082540901,-3210.0,100.0,-80.0,149,7.151900859984333,310,0.05876456707414757
44966,78669,-85.64888641135444,127.30394827798344,-3228.0,105.0,-80.0,126,5.759654332147129,35,-0.02660163930268744
44932,78343,-85.5168112932568,126.02737338510362,-3250.5,110.0,-80.0,164,3.937431577847733,13,0.7235739858773567
44897,78035,-85.3826529502745,124.8244891569568,-3205.0,115.0,-80.0,163,3.3590130406524588,80,-0.25587874067122035
44863,77744,-85.24658988796575,123.69006752597979,-3235.0,120.0,-80.0,175,2.9548335058647996,60,0.05420277839958803
44827,77470,-85.10878321084016,122.61924307119284,-3214.0,125.0,-80.0,260,6.738747264233427,93,-0.11664509663783645
44813,15364,-85.05364402384438,-119.98163936884934,2367.0,-130.0,-75.0,119,10.792162527566525,342,2.1319954311519247
44850,15113,-85.19550552537916,-120.96375653207352,2583.0,-125.0,-75.0,80,25.301828926879224,193,3.3347415817573327
44885,14846,-85.33588597786442,-122.0053832080835,3016.0,-120.0,-75.0,219,22.26514208014742,9,-0.9472091287238582
44921,14563,-85.47464512481902,-123.11134196037203,1867.5,-115.0,-75.0,37,31.46811115683642,267,-3.807358345278689
44956,14262,-85.61162676920671,-124.28687697720898,709.0,-110.0,-75.0,17,16.425398993332607,241,-2.972365020381829
44991,13942,-85.7466568003709,-125.53767779197437,211.0,-105.0,-75.0,70,20.80034024220414,277,-2.9455534291930343
45025,13601,-85.8795410081806,-126.86989764584402,-1051.0,-100.0,-75.0,80,15.34119138235815,279,-1.5016478456084887
45058,13237,-86.01006268415239,-128.29016319224309,-1845.5,-95.0,-75.0,46,11.957076131073856,282,-0.5501023720561882
45091,12849,-86.13798002214394,-129.8055710922652,-2110.5,-90.0,-75.0,36,9.94691369559079,335,0.9279237257295501
45123,12435,-86.2630233505845,-131.42366562500266,-2104.0,-85.0,-75.0,39,8.275163833466612,322,-0.31012846283347484
45154,11992,-86.38489225631693,-133.1523897340054,-1956.0,-80.0,-75.0,147,16.2333639922099,331,-1.0671580784188708
45184,11520,-86.50325269949805,-135.0,-1631.0,-75.0,-75.0,78,5.956550928626987,347,-1.4547247383473143
45214,11014,-86.61773427224823,-136.97493401088198,-2030.0,-70.0,-75.0,79,12.608807654448128,279,-0.03424731303779606
45242,10474,-86.72792782297941,-139.08561677997488,-2428.0,-65.0,-75.0,76,6.316833729243009,132,0.9213560399321207
45269,9896,-86.83338375421536,-141.34019174590992,-2386.5,-60.0,-75.0,262,6.425334859818148,336,0.005152948862192964
45295,9280,-86.93361140178256,-143.74616226255523,-2366.5,-55.0,-75.0,180,9.581915245891475,350,-0.19764847442267397
45319,8624,-87.02808000958088,-146.30993247402023,-1680.0,-50.0,-75.0,256,7.928275431623314,0,-1.2130009593356423
45341,7926,-87.11622191047437,-149.03624346792648,-1566.0,-45.0,-75.0,28,10.285878072991544,129,0.17167198568071756
45362,7186,-87.19743858278908,-151.92751306414706,-1545.5,-40.0,-75.0,333,8.304938249166474,96,-0.8317593162321733
45381,6404,-87.27111023386533,-154.9831065219,-1455.0,-35.0,-75.0,271,9.696212670870553,107,-0.5818869029726288
45398,5581,-87.33660941840833,-158.19859051364818,-911.0,-30.0,-75.0,311,7.600912575068368,97,-2.1372345563589925
45412,4719,-87.39331888279462,-161.565051177078,-788.0,-25.0,-75.0,13,10.051561618623552,303,-1.9837985948865768
45424,3822,-87.4406533112605,-165.06858282186246,-1323.0,-20.0,-75.0,164,9.63202762251835,309,-1.5458574265009486
45434,2895,-87.47808395908947,-168.6900675259798,-1668.0,-15.0,-75.0,165,10.744339952308682,343,0.2454413898623009
45441,1944,-87.50516438852029,-172.40535663140858,-1610.5,-10.0,-75.0,155,9.90032588530322,322,-1.211048708198091
45445,976,-87.52155485129832,-176.18592516570965,-1402.5,-5.0,-75.0,145,8.103548470649551,14,-1.6743968321553735
45446,92159,-87.52704250998163,180.0,-2055.5,0.0,-75.0,134,10.919233440135375,356,-1.0209426899926368
45445,91183,-87.52155485129832,176.18592516570965,-1660.0,5.0,-75.0,239,11.682213506422938,29,-1.485308526786057
45441,90215,-87.50516438852029,172.40535663140858,-1093.5,10.0,-75.0,227,16.013766656799273,37,-1.9550359108680637
45434,89264,-87.47808395908947,168.6900675259798,-667.5,15.0,-75.0,128,10.051561618623552,26,-2.3435916465553372
45424,88337,-87.4406533112605,165.06858282186246,-883.5,20.0,-75.0,102,16.90350809570642,22,-1.6458409675708665
45412,87440,-87.39331888279462,161.565051177078,-894.0,25.0,-75.0,312,6.7953332595360525,45,3.016493548514304
45398,86578,-87.33660941840833,158.19859051364818,-358.0,30.0,-75.0,259,5.573612085580581,63,-2.53123660198446
45381,85755,-87.27111023386533,154.9831065219,-328.0,35.0,-75.0,211,7.570172066691208,40,-1.9628477491208314
45362,84973,-87.19743858278908,151.92751306414706,-484.0,40.0,-75.0,70,6.253518780235613,257,0.9216842608866672
45341,84233,-87.11622191047437,149.03624346792648,-500.0,45.0,-75.0,59,8.63686195798163,231,1.8550232524103392
45319,83535,-87.02808000958088,146.30993247402023,-369.5,50.0,-75.0,314,4.637232310278888,93,-0.7717863456387486
45295,82879,-86.93361140178256,143.74616226255523,-67.5,55.0,-75.0,271,10.051561618623552,108,-1.793005075772729
45269,82263,-86.83338375421536,141.34019174590992,184.0,60.0,-75.0,20,10.479470472477153,166,1.359162358297581
45242,81685,-86.72792782297941,139.08561677997488,186.5,65.0,-75.0,131,13.526748355365502,3,-3.3040035087428206
45214,81145,-86.61773427224823,136.97493401088198,-206.5,70.0,-75.0,122,5.935232759639684,346,-0.9287340102342837
45184,80639,-86.50325269949805,135.0,-554.0,75.0,-75.0,114,10.285878072991544,8,-2.8319601100815057
45154,80167,-86.38489225631693,133.1523897340054,-1257.5,80.0,-75.0,118,21.640991860702652,31,-2.4884176038938115
45123,79724,-86.2630233505845,131.42366562500266,-1717.0,85.0,-75.0,141,7.34783647156458,289,-0.8407923994987494
45091,79310,-86.13798002214394,129.8055710922652,-2074.0,90.0,-75.0,179,6.971380662945811,21,-1.7580598442336612
45058,78922,-86.01006268415239,128.29016319224309,-2499.5,95.0,-75.0,116,17.565371762030523,38,-1.5544932100686857
45025,78558,-85.8795410081806,126.86989764584402,-3041.5,100.0,-75.0,200,10.753462112801339,41,-0.8242728424601721
44991,78217,-85.7466568003709,125.53767779197437,-3211.5,105.0,-75.0,151,4.864019233987274,14,0.28612516463842
44956,77897,-85.61162676920671,124.28687697720898,-3192.5,110.0,-75.0,175,4.143595250615001,54,-0.34391776960518505
44921,77596,-85.47464512481902,123.11134196037203,-3169.5,115.0,-75.0,304,3.621046075890189,75,-0.4650577687488768
44885,77313,-85.33588597786442,122.0053832080835,-3078.0,120.0,-75.0,263,3.9802891453665947,84,-0.5853829704204204
44850,77046,-85.19550552537916,120.96375653207352,-2998.0,125.0,-75.0,232,3.3752764339063575,80,-0.8903950900503473
44813,76795,-85.05364402384438,119.98163936884934,-3135.0,130.0,-75.0,335,3.3646147837597273,68,0.23990066632179569
44834,15795,-85.1338006791206,-118.30075576600638,3133.5,-130.0,-70.0,5,6.500106222329226,195,-3.4268240655595723
44871,15552,-85.2780814296068,-119.24882633654698,2754.0,-125.0,-70.0,271,7.901450166091392,147,-0.32929644975122185
44907,15294,-85.4210043468333,-120.25643716352927,2810.0,-120.0,-70.0,325,7.690886141578284,197,-3.551739519557256
44943,15019,-85.5624357591747,-121.32869286780416,2107.0,-115.0,-70.0,26,13.578707627609905,282,-4.23966741124885
44979,14727,-85.70222596695993,-122.47119229084849,809.5,-110.0,-70.0,26,14.43410575703477,243,-3.031994468388135
45015,14415,-85.84020708442623,-123.69006752597979,1.5,-105.0,-70.0,276,14.43766785823724,198,-2.1791769048495424
45049,14082,-85.97619060442244,-124.99202019855868,-1262.5,-100.0,-70.0,14,16.969212053726633,285,-1.585226901079846
45084,13725,-86.10996466861855,-126.3843518158359,-1871.0,-95.0,-70.0,22,11.849951783346642,278,-0.12722955680435255
45117,13344,-86.24129103582256,-127.87498365109822,-1930.0,-90.0,-70.0,25,9.304711709668224,325,-0.10493722572528452
45150,12935,-86.36990175775975,-129.47245984834385,-1957.5,-85.0,-70.0,195,15.790068198055893,357,1.319901649763599
45182,12496,-86.49549559828526,-131.18592516570965,-1803.5,-80.0,-70.0,317,9.109061398891308,112,0.9523915933540903
45214,12025,-86.61773427224823,-133.02506598911802,-1445.0,-75.0,-70.0,240,12.838929805514612,192,-0.24575993607010027
45244,11520,-86.73623863860256,-135.0,-1953.5,-70.0,-70.0,59,19.950212903957993,298,-0.2503565392722644
45273,10976,-86.85058506369197,-137.12109639666144,-2489.5,-65.0,-70.0,199,8.133588165604486,314,0.8890082133576577
45301,10393,-86.9603022791006,-139.39870535499554,-1998.5,-60.0,-70.0,164,5.542531736300116,334,-1.024850171434858
45328,9768,-87.06486919563164,-141.84277341263095,-1873.5,-55.0,-70.0,227,15.116023594011255,17,-0.12483364910520095
45353,9097,-87.16371429655122,-144.46232220802563,-1655.0,-50.0,-70.0,299,4.949576253454082,344,-0.6869272513872726
45377,8380,-87.25621740415028,-147.2647737278924,-1711.5,-45.0,-70.0,198,8.165391089803649,0,2.1619981566038082
45399,7614,-87.34171476201936,-150.25511870305778,-1702.0,-40.0,-70.0,217,7.063264424906573,46,0.3360585355802456
45419,6800,-87.41950844690301,-153.434948822922,-1386.0,-35.0,-70.0,213,8.173286429810746,88,-1.4320075819551665
45437,5938,-87.48888104091148,-156.80140948635182,-1158.0,-30.0,-70.0,202,10.226208057442602,51,-0.8925895347127343
45452,5031,-87.54911616617494,-160.3461759419467,-802.5,-25.0,-70.0,181,11.269296924806893,302,-1.949284442515197
45465,4082,-87.59952483363872,-164.05460409907712,-1357.0,-20.0,-70.0,124,16.90350809570642,280,-0.3397271392886611
45475,3096,-87.63947657336776,-167.90524292298792,-1454.0,-15.0,-70.0,149,15.348877914968533,334,-1.493255502596632
45483,2081,-87.66843310492295,-171.86989764584402,-1506.0,-10.0,-70.0,150,13.701032764251321,325,-1.5084437625360225
45487,1045,-87.68598113890768,-175.91438322002512,-1151.5,-5.0,-70.0,238,11.452111822902118,13,-1.9013239314715773
45489,92159,-87.69186016297304,180.0,-1359.5,0.0,-70.0,215,9.908661526010533,20,-1.7534891377898356
45487,91114,-87.68598113890768,175.91438322002512,-994.0,5.0,-70.0,235,14.664256299684611,28,-2.058406242431212
45483,90078,-87.66843310492295,171.86989764584402,-529.5,10.0,-70.0,304,25.497593147815856,63,-1.9420737034765472
45475,89063,-87.63947657336776,167.90524292298792,-339.0,15.0,-70.0,220,15.711772043747247,27,-2.6203134551806526
45465,88077,-87.59952483363872,164.05460409907712,-705.5,20.0,-70.0,121,9.683844080389232,344,-0.7274796095528678
45452,87128,-87.54911616617494,160.3461759419467,-810.0,25.0,-70.0,136,9.462397417377124,22,-0.24864001182276838
45437,86221,-87.48888104091148,156.80140948635182,-544.5,30.0,-70.0,156,5.142441573507145,275,1.7500300953362617
45419,85359,-87.41950844690301,153.434948822922,-433.5,35.0,-70.0,32,4.659707156993299,131,0.8290010198396498
45399,84545,-87.34171476201936,150.25511870305778,-424.5,40.0,-70.0,160,5.303660838215453,24,-0.12524914027396036
45377,83779,-87.25621740415028,147.2647737278924,-461.0,45.0,-70.0,336,8.402225481214073,107,1.928253850013487
45353,83062,-87.16371429655122,144.46232220802563,-342.0,50.0,-70.0,296,4.043323405734269,77,-0.7274796095528678
45328,82391,-87.06486919563164,141.84277341263095,-55.0,55.0,-70.0,256,8.319487973482877,78,-1.1967438441823122
45301,81766,-86.9603022791006,139.39870535499554,193.0,60.0,-70.0,6,4.7985095901387576,113,-1.776059639506375
45273,81183,-86.85058506369197,137.12109639666144,303.0,65.0,-70.0,227,2.9901188402383196,27,-0.7274796095528678
45244,80639,-86.73623863860256,135.0,-216.0,70.0,-70.0,168,9.745635410106606,348,-2.892961135642364
45214,80134,-86.61773427224823,133.02506598911802,-621.5,75.0,-70.0,82,7.690886141578284,351,-2.5197677072625653
45182,79663,-86.49549559828526,131.18592516570965,-1144.0,80.0,-70.0,99,23.49681910969433,18,-2.5550692682713647
45150,79224,-86.36990175775975,129.47245984834385,-1653.5,85.0,-70.0,108,15.116023594011255,19,-2.116915398754913
45117,78815,-86.24129103582256,127.87498365109822,-2210.5,90.0,-70.0,104,10.98671573878638,320,-1.1194177139794463
45084,78434,-86.10996466861855,126.3843518158359,-2609.0,95.0,-70.0,99,7.3666485422912835,26,-0.9143178458609625
45049,78077,-85.97619060442244,124.99202019855868,-2921.0,100.0,-70.0,120,5.683483551396956,15,-0.40858138032854596
45015,77744,-85.84020708442623,123.69006752597979,-3159.0,105.0,-70.0,172,5.142433837064505,55,-0.4472637754609144
44979,77432,-85.70222596695993,122.47119229084849,-3174.5,110.0,-70.0,209,4.757861059339439,52,-0.24380684671908717
44943,77140,-85.5624357591747,121.32869286780416,-3142.5,115.0,-70.0,301,4.821782288005308,91,-0.08120330753943722
44907,76865,-85.4210043468333,120.25643716352927,-2932.5,120.0,-70.0,168,2.978698833429129,68,-0.993828006357088
44871,76607,-85.2780814296068,119.24882633654698,-2774.0,125.0,-70.0,167,2.3814655529556936,79,-1.3093524424080878
44834,76364,-85.1338006791206,118.30075576600638,-3018.5,130.0,-70.0,173,6.852204384114769,315,1.2864839329933546
44815,16458,-85.06187545883036,-115.70995378081126,2429.5,-135.0,-65.0,113,26.669695506335824,335,-4.1881524085377
44853,16239,-85.2096407277125,-116.56505117707799,3175.5,-130.0,-65.0,4,6.729115913156046,211,-3.8797581454763614
44891,16006,-85.35628832025255,-117.47443162627712,2720.0,-125.0,-65.0,69,8.165391089803649,215,-3.3353430652850724
44928,15758,-85.5017063861161,-118.44292862436335,2413.5,-120.0,-65.0,148,6.745755391627358,114,-0.044450915334516825
44965,15494,-85.64576921618746,-119.47588900324574,1968.5,-115.0,-65.0,168,11.91598133482619,250,-3.035970362438286
45001,15211,-85.7883352379665,-120.57922687248902,908.5,-110.0,-65.0,33,14.664256299684611,270,-3.1325783874772
45037,14909,-85.92924470738788,-121.75948008481281,-181.0,-105.0,-65.0,6,24.305412437438655,275,-2.399844484925673
45073,14585,-86.06831705865879,-123.02386755579664,-1161.0,-100.0,-65.0,39,14.664256299684611,282,-1.671156130524752
45108,14238,-86.20534787461253,-124.38034472384487,-1980.0,-95.0,-65.0,355,24.50435823812911,200,0.33767210368026046
45143,13865,-86.34010544502242,-125.8376529542783,-2203.5,-90.0,-65.0,125,12.022362341016661,209,4.391482692805391
45176,13464,-86.47232689180137,-127.40535663140857,-1807.0,-85.0,-65.0,55,8.200137722169945,120,-0.4073682844306957
45210,13031,-86.60171386159979,-129.0938588862295,-1753.0,-80.0,-65.0,54,6.816681409739452,102,-0.8878701891520139
45242,12565,-86.72792782297941,-130.91438322002512,-1682.5,-75.0,-65.0,291,14.664256299684611,113,-0.44912553154445967
45273,12063,-86.85058506369197,-132.87890360333856,-2119.5,-70.0,-65.0,231,10.519847242351,105,-0.22439364744105308
45304,11520,-86.9692515718618,-135.0,-2239.0,-65.0,-65.0,56,4.935024759029851,81,0.638105657619993
45333,10933,-87.08343811231352,-137.29061004263855,-2020.0,-60.0,-65.0,292,11.452111822902118,91,-0.787967498432736
45361,10300,-87.19259598436352,-139.7636416907262,-1872.5,-55.0,-65.0,288,12.378271269705426,88,-1.0583166740638323
45387,9617,-87.2961141739111,-142.43140797117252,-1769.0,-50.0,-65.0,227,4.740149195512595,83,-0.8193013259892298
45412,8881,-87.39331888279462,-145.30484646876604,-1667.5,-45.0,-65.0,331,17.345278383521634,154,1.3193914755393181
45435,8091,-87.4834767019684,-148.39249775375112,-1539.5,-40.0,-65.0,230,7.106587676486754,28,-0.82152991906812
45456,7244,-87.56580292617622,-151.69924423399362,-1329.5,-35.0,-65.0,228,9.406274072994671,78,0.10530247806937533
45475,6342,-87.63947657336776,-155.22485943116808,-962.5,-30.0,-65.0,248,19.950212903957993,43,-1.8082739958029517
45492,5385,-87.70366341363857,-158.96248897457818,1.5,-25.0,-65.0,178,16.604249475826887,305,-2.6427542692402977
45505,4378,-87.75754755825808,-162.89727103094762,-31.0,-20.0,-65.0,105,28.38127055509548,341,-2.743966909603867
45516,3326,-87.8003708031157,-167.0053832080835,-262.5,-15.0,-65.0,111,27.054646774427596,347,-2.614300445692392
45524,2239,-87.83147704221777,-171.2538377374448,-687.0,-10.0,-65.0,136,16.123640953416132,354,-2.300836313094527
45529,1126,-87.85035704191449,-175.6012946450045,-722.0,-5.0,-65.0,118,10.374365953655976,2,-2.2816042056550434
45531,92159,-87.85668736760378,180.0,-734.0,0.0,-65.0,279,12.606947586150259,43,-1.4527728704488314
45529,91033,-87.85035704191449,175.6012946450045,-208.5,5.0,-65.0,236,17.565371762030523,20,-2.694880174445862
45524,89920,-87.83147704221777,171.2538377374448,-77.0,10.0,-65.0,237,7.2153174801845195,63,-1.6554991983244105
45516,88833,-87.8003708031157,167.0053832080835,-132.5,15.0,-65.0,116,8.165391089803649,318,-0.32462507841410104
45505,87781,-87.75754755825808,162.89727103094762,-467.5,20.0,-65.0,94,7.2153174801845195,9,-2.0173278518770283
45492,86774,-87.70366341363857,158.96248897457818,-331.5,25.0,-65.0,243,8.038497239329661,11,-1.0537797115405698
45475,85817,-87.63947657336776,155.22485943116808,-380.0,30.0,-65.0,135,10.519847242351,45,-1.6078123871755465
45456,84915,-87.56580292617622,151.69924423399362,-199.0,35.0,-65.0,244,11.452111822902118,32,-0.6591997362505199
45435,84068,-87.4834767019684,148.39249775375112,-178.0,40.0,-65.0,231,15.790068198055893,38,-1.4362233698444635
45412,83278,-87.39331888279462,145.30484646876604,-271.0,45.0,-65.0,249,13.515670209871908,50,-0.9943138701601499
45387,82542,-87.2961141739111,142.43140797117252,-262.5,50.0,-65.0,166,5.247589716036005,36,0.23990066632179569
45361,81859,-87.19259598436352,139.7636416907262,-153.0,55.0,-65.0,326,9.581915245891475,112,-0.7914679949721752
45333,81226,-87.08343811231352,137.29061004263855,220.5,60.0,-65.0,17,5.303660838215453,217,-1.59457124960335
45304,80639,-86.9692515718618,135.0,462.0,65.0,-65.0,73,11.91598133482619,313,-2.9899881537563355
45273,80096,-86.85058506369197,132.87890360333856,166.0,70.0,-65.0,105,17.345278383521634,14,-3.3087927110695396
45242,79594,-86.72792782297941,130.91438322002512,-1034.5,75.0,-65.0,149,14.872603025208358,324,-1.1530969659521395
45210,79128,-86.60171386159979,129.0938588862295,-1132.0,80.0,-65.0,184,8.165391089803649,20,-2.584118036814686
45176,78695,-86.47232689180137,127.40535663140857,-1662.0,85.0,-65.0,95,24.705900224393954,23,-2.122791133584262
45143,78294,-86.34010544502242,125.8376529542783,-2080.0,90.0,-65.0,153,8.036641614940473,28,-1.3522844547101025
45108,77921,-86.20534787461253,124.38034472384487,-2360.0,95.0,-65.0,186,10.519847242351,38,-1.6327753812551313
45073,77574,-86.06831705865879,123.02386755579664,-2874.5,100.0,-65.0,169,7.937700874621482,45,-1.1610251707543857
45037,77250,-85.92924470738788,121.75948008481281,-3009.0,105.0,-65.0,167,5.2527252515903635,56,-0.8955855144462446
45001,76948,-85.7883352379665,120.57922687248902,-3153.5,110.0,-65.0,245,4.823721607614189,31,-0.1133802182807756
44965,76665,-85.64576921618746,119.47588900324574,-3021.5,115.0,-65.0,280,4.581552399747515,71,-0.8838987984781208
44928,76401,-85.5017063861161,118.44292862436335,-2942.0,120.0,-65.0,216,4.34310290512275,77,-0.5002645750935184
44891,76153,-85.35628832025255,117.47443162627712,-2882.0,125.0,-65.0,286,5.915357285512901,108,-0.5140924857945726
44853,75920,-85.2096407277125,116.56505117707799,-2894.5,130.0,-65.0,269,3.3266004074590176,69,-0.4397068446741811
44815,75701,-85.06187545883036,115.70995378081126,-2953.5,135.0,-65.0,100,5.543355078209587,46,1.4488691245383016
44833,16905,-85.13101458191542,-113.96248897457819,2243.0,-135.0,-60.0,227,30.58009921150701,330,-3.9574491189315424
44871,16697,-85.2809547653117,-114.77514056883193,3115.0,-130.0,-60.0,175,56.467939151073,74,-3.466591050660464
44910,16475,-85.42990056998914,-115.64100582430528,3021.5,-125.0,-60.0,75,17.345278383521634,239,-3.9796043776231866
44947,16239,-85.57774893801852,-116.56505117707799,2327.5,-120.0,-60.0,232,21.952071968317032,112,-0.0019531249993369026
44985,15986,-85.72438345504115,-117.5528115767178,2566.5,-115.0,-60.0,60,21.640991860702652,281,-4.493437462058845
45022,15715,-85.86967228747754,-118.61045966596521,1254.0,-110.0,-60.0,48,18.22243026617343,279,-3.621296349274203
45059,15425,-86.01346577263308,-119.74488129694222,-4.5,-105.0,-60.0,62,22.47196949722723,285,-2.9274614803773185
45095,15113,-86.1555936062852,-120.96375653207352,-1216.0,-100.0,-60.0,12,19.412430690282818,250,-1.2807544561368844
45131,14777,-86.29586156772454,-122.27564431457762,-1734.5,-95.0,-60.0,45,13.356010340712093,125,-0.5747864482375549
45167,14415,-86.43404772029623,-123.69006752597979,-1821.5,-90.0,-60.0,44,10.61230786933562,303,-0.6988844894932457
45201,14024,-86.56989802869707,-125.21759296819272,-1888.0,-85.0,-60.0,44,8.74127036608436,205,0.13690617348043896
45235,13601,-86.7031213464795,-126.86989764584402,-1877.5,-80.0,-60.0,44,7.291084690329648,114,-0.010131293974087255
45269,13143,-86.83338375421536,-128.6598082540901,-1919.0,-75.0,-60.0,291,9.346599687499832,97,-0.8400213250590681
45301,12646,-86.9603022791006,-130.6012946450045,-2211.0,-70.0,-60.0,46,5.750846149715579,284,0.540875217087281
45333,12106,-87.08343811231352,-132.70938995736148,-2241.5,-65.0,-60.0,185,7.92635945709127,352,2.71190072684655
45363,11520,-87.20228957672339,-135.0,-2310.0,-60.0,-60.0,151,15.56587469233879,342,5.054090591190524
45392,10882,-87.31628530297361,-137.48955292199918,-1909.0,-55.0,-60.0,151,4.901438446439113,355,-0.010408342189969961
45420,10190,-87.42477836440185,-140.19442890773482,-1919.0,-50.0,-60.0,142,5.146668701723766,67,0.7235739858773567
45446,9438,-87.52704250998163,-143.13010235415598,-1869.0,-45.0,-60.0,195,12.37060491720833,69,0.4051548086988058
45471,8624,-87.62227210456714,-146.30993247402023,-1270.5,-40.0,-60.0,152,7.928275431623314,1,-1.6952671887836692
45493,7745,-87.70958787318247,-149.74356283647072,-1390.5,-35.0,-60.0,240,11.145752888641178,38,2.413217672645258
45513,6800,-87.78805090633713,-153.434948822922,-776.5,-30.0,-60.0,355,21.011399599504742,116,-0.5337653606240594
45531,5790,-87.85668736760378,-157.38013505195957,-489.0,-25.0,-60.0,298,33.36363866965987,85,-2.363935183900198
45546,4719,-87.91452561711344,-161.565051177078,225.0,-20.0,-60.0,304,35.09788148905104,88,-2.8013709282022607
45557,3593,-87.96064570827723,-165.96375653207352,1181.5,-15.0,-60.0,133,23.08874665342278,351,-3.4463065961402366
45566,2422,-87.9942383574632,-170.53767779197437,215.0,-10.0,-60.0,119,27.816670935120094,355,-2.940134575774041
45571,1219,-88.01466698755613,-175.2363583092738,-522.0,-5.0,-60.0,208,14.890376736044576,332,-2.1479294906437185
45573,92159,-88.02152344260521,180.0,-142.5,0.0,-60.0,209,11.684240740598153,11,-2.738548329825085
45571,90940,-88.01466698755613,175.2363583092738,103.0,5.0,-60.0,123,7.2153174801845195,334,-0.9643792082962441
45566,89737,-87.9942383574632,170.53767779197437,75.0,10.0,-60.0,311,4.583493057579822,37,-0.7274796095528678
45557,88566,-87.96064570827723,165.96375653207352,62.0,15.0,-60.0,340,12.147327016307285,94,0.5067479412634119
45546,87440,-87.91452561711344,161.565051177078,-141.0,20.0,-60.0,265,5.745230376431236,28,-0.39672759379233935
45531,86369,-87.85668736760378,157.38013505195957,149.5,25.0,-60.0,215,10.285878072991544,40,-2.9667714541528305
45513,85359,-87.78805090633713,153.434948822922,143.0,30.0,-60.0,115,13.526748355365502,13,-1.7673864669605488
45493,84414,-87.70958787318247,149.74356283647072,69.0,35.0,-60.0,249,8.638771027495324,68,-2.8557603893320334
45471,83535,-87.62227210456714,146.30993247402023,0.5,40.0,-60.0,196,17.565371762030523,355,-0.04263935028089
45446,82721,-87.52704250998163,143.13010235415598,293.0,45.0,-60.0,191,10.051561618623552,54,-1.9360574689509467
45420,81969,-87.42477836440185,140.19442890773482,-43.5,50.0,-60.0,238,8.165391089803649,58,-1.2227621726783777
45392,81277,-87.31628530297361,137.48955292199918,-179.5,55.0,-60.0,181,4.877402880800731,237,0.02305076714415919
45363,80639,-87.20228957672339,135.0,84.5,60.0,-60.0,322,10.753462112801339,92,-1.5954747454505838
45333,80053,-87.08343811231352,132.70938995736148,262.0,65.0,-60.0,228,11.91598133482619,356,-2.0612212516910193
45301,79513,-86.9603022791006,130.6012946450045,12.5,70.0,-60.0,33,10.051561618623552,323,-2.8045817380006857
45269,79016,-86.83338375421536,128.6598082540901,-1006.0,75.0,-60.0,226,24.10421336510746,338,-1.3203703083022458
45235,78558,-86.7031213464795,126.86989764584402,-929.0,80.0,-60.0,245,13.983109661074817,45,-2.4738895299508417
45201,78135,-86.56989802869707,125.21759296819272,-1310.5,85.0,-60.0,129,11.914111464130743,26,-2.35529491119046
45167,77744,-86.43404772029623,123.69006752597979,-1830.5,90.0,-60.0,161,7.304948454059474,35,-2.0901037814776826
45131,77382,-86.29586156772454,122.27564431457762,-2097.5,95.0,-60.0,106,7.928275431623314,20,-1.3777912877138028
45095,77046,-86.1555936062852,120.96375653207352,-2498.0,100.0,-60.0,142,10.98671573878638,25,-0.9932685503366803
45059,76734,-86.01346577263308,119.74488129694222,-2934.0,105.0,-60.0,216,5.751509088592455,338,0.11913691471263299
45022,76444,-85.86967228747754,118.61045966596521,-3025.5,110.0,-60.0,198,4.694649507814851,60,-0.8682228047761003
44985,76173,-85.72438345504115,117.5528115767178,-2905.5,115.0,-60.0,159,3.70893323135878,103,-0.1345331398110069
44947,75920,-85.57774893801852,116.56505117707799,-2822.0,120.0,-60.0,208,3.1736098794526635,116,0.7216211715155746
44910,75684,-85.42990056998914,115.64100582430528,-2880.5,125.0,-60.0,0,4.102559458573423,345,0.5102451322570954
44871,75462,-85.2809547653117,114.77514056883193,-2886.0,130.0,-60.0,275,4.35629579961324,53,0.23186543115230054
44833,75254,-85.13101458191542,113.96248897457819,-2833.0,135.0,-60.0,252,7.822340179869345,83,-1.1404026129775098
44810,17549,-85.04269014402158,-111.44773632710536,-48.5,-140.0,-55.0,234,19.602292304642567,321,-1.1537427097927815
44850,17365,-85.19550552537916,-112.16634582208246,882.0,-135.0,-55.0,260,24.113896443990388,137,-2.9363113995426993
44888,17169,-85.34753345550538,-112.9321004375898,1736.5,-130.0,-55.0,248,22.678181100020375,136,-3.322386742357258
44927,16960,-85.49869151205854,-113.74949449286676,2161.5,-125.0,-55.0,312,19.52166357833413,134,-3.561453462414652
44966,16736,-85.64888641135444,-114.62356478616361,2060.5,-120.0,-55.0,329,20.848043677166707,112,-3.3579245563155644
45004,16496,-85.79801225959118,-115.55996517182382,2359.0,-115.0,-55.0,249,13.244683598545981,36,-3.2543829273422853
45042,16239,-85.94594848413062,-116.56505117707799,1833.0,-110.0,-55.0,45,29.399430348911505,271,-3.8830681015673267
45079,15962,-86.09255738331487,-117.64597536373869,-1.5,-105.0,-55.0,25,20.6980339076493,248,-2.3998271156625006
45116,15664,-86.23768122272367,-118.81079374297306,-1076.5,-100.0,-55.0,21,17.89274049963067,282,-1.803886021689264
45153,15342,-86.38113879469832,-120.06858282186246,-1803.5,-95.0,-55.0,29,14.041696189620584,222,-0.3639450182290968
45189,14994,-86.52272134742442,-121.42956561483851,-2213.0,-90.0,-55.0,29,11.758890817147083,204,0.33030068440300164
45225,14616,-86.66218778188009,-122.90524292298791,-2235.0,-85.0,-55.0,237,13.526748355365502,64,2.5688520573955316
45260,14205,-86.79925901303795,-124.50852298766841,-2158.5,-80.0,-55.0,331,14.43766785823724,107,0.5363460179201394
45295,13759,-86.93361140178256,-126.2538377374448,-2211.5,-75.0,-55.0,271,16.45965788027016,91,-0.0011564020104690472
45328,13271,-87.06486919563164,-128.15722658736905,-2201.5,-70.0,-55.0,37,5.766121804871782,77,0.1898265498339051
45361,12739,-87.19259598436352,-130.2363583092738,-2050.5,-65.0,-55.0,159,8.638771027495324,307,-0.8047288646039905
45392,12157,-87.31628530297361,-132.51044707800085,-1643.0,-60.0,-55.0,168,4.781067492402673,310,-0.8886293589077898
45423,11520,-87.43535072939171,-135.0,-1710.5,-55.0,-55.0,156,6.127728725149369,320,-0.669047599205435
45452,10822,-87.54911616617494,-137.72631099390625,-1911.5,-50.0,-55.0,134,7.7768278327199845,355,0.23857091394341773
45480,10058,-87.65680750347639,-140.71059313749967,-1647.5,-45.0,-55.0,272,6.954731373828135,13,-0.8943840347457596
45505,9223,-87.75754755825808,-143.9726266148964,-1299.0,-40.0,-55.0,256,10.792603587172419,70,-1.5188808237196019
45529,8312,-87.85035704191449,-147.52880770915152,-1360.5,-35.0,-55.0,44,24.10421336510746,215,0.5798399975209305
45551,7324,-87.93416517952703,-151.3895403340348,-1934.5,-30.0,-55.0,339,15.788259677479004,113,1.169520424407188
45570,6257,-88.00783414911542,-155.55604521958347,-2423.0,-25.0,-55.0,319,22.72893536561389,112,1.5943236271302237
45585,5115,-88.07020114702377,-160.01689347810003,-1794.5,-20.0,-55.0,305,26.365832015957604,106,0.6233993807456222
45598,3905,-88.12013988227137,-164.74488129694222,-513.0,-15.0,-55.0,321,32.51190848381045,85,-1.7986358544351209
45608,2638,-88.15663913581275,-169.69515353123398,508.0,-10.0,-55.0,304,15.56587469233879,103,-2.5581393584833596
45613,1329,-88.17889003531414,-174.8055710922652,-296.0,-5.0,-55.0,64,14.358369384716429,324,-1.4527728704488314
45615,92159,-88.1863677064886,180.0,-292.5,0.0,-55.0,311,14.049806121213303,141,-0.3644384424776437
45613,90830,-88.17889003531414,174.8055710922652,111.5,5.0,-55.0,102,6.738747264233427,333,-0.16240628886371172
45608,89521,-88.15663913581275,169.69515353123398,51.0,10.0,-55.0,179,3.380092910684293,49,0.5772746988277717
45598,88254,-88.12013988227137,164.74488129694222,227.0,15.0,-55.0,354,6.977153649191311,130,-1.753193598392038
45585,87044,-88.07020114702377,160.01689347810003,22.5,20.0,-55.0,253,10.98671573878638,27,-1.1221560114029352
45570,85902,-88.00783414911542,155.55604521958347,447.5,25.0,-55.0,271,11.684240740598153,41,-3.085109184182557
45551,84835,-87.93416517952703,151.3895403340348,235.0,30.0,-55.0,187,21.223997200302215,347,0.7177155377666322
45529,83847,-87.85035704191449,147.52880770915152,610.0,35.0,-55.0,242,10.285878072991544,55,-3.314315345098238
45505,82936,-87.75754755825808,143.9726266148964,618.5,40.0,-55.0,136,9.816904960448051,48,-2.6604465599361213
45480,82101,-87.65680750347639,140.71059313749967,613.5,45.0,-55.0,140,4.899882719493155,29,-2.0982793257205974
45452,81337,-87.54911616617494,137.72631099390625,366.5,50.0,-55.0,116,15.116023594011255,276,-1.3307142817388715
45423,80639,-87.43535072939171,135.0,-59.5,55.0,-55.0,131,14.890376736044576,61,-0.7576350982432681
45392,80002,-87.31628530297361,132.51044707800085,-31.0,60.0,-55.0,256,7.928275431623314,78,-0.7355935407589093
45361,79420,-87.19259598436352,130.2363583092738,-13.5,65.0,-55.0,225,8.160871413206001,158,0.761274451040174
45328,78888,-87.06486919563164,128.15722658736905,81.0,70.0,-55.0,13,6.664063551353158,131,0.7239570384239673
45295,78400,-86.93361140178256,126.2538377374448,182.0,75.0,-55.0,120,2.7752560194678457,22,-3.2937750432543584
45260,77954,-86.79925901303795,124.50852298766841,-542.0,80.0,-55.0,143,11.682367707468725,333,-2.42669739670712
45225,77543,-86.66218778188009,122.90524292298791,-1465.0,85.0,-55.0,168,15.299879087707534,335,-1.7539912181277797
45189,77165,-86.52272134742442,121.42956561483851,-1913.0,90.0,-55.0,136,8.193437779317708,337,-1.3633478506363341
45153,76817,-86.38113879469832,120.06858282186246,-2133.5,95.0,-55.0,152,9.340436220289217,25,-1.4156083371951032
45116,76495,-86.23768122272367,118.81079374297306,-2342.5,100.0,-55.0,224,6.738747264233427,54,-1.80956251210044
45079,76197,-86.09255738331487,117.64597536373869,-2744.0,105.0,-55.0,246,9.110965561802413,56,-1.37604266012356
45042,75920,-85.94594848413062,116.56505117707799,-2857.0,110.0,-55.0,183,5.260852327649272,63,-1.1832443704660296
45004,75663,-85.79801225959118,115.55996517182382,-2913.5,115.0,-55.0,216,4.374700438595657,96,-0.532426478685607
44966,75423,-85.64888641135444,114.62356478616361,-2732.5,120.0,-55.0,307,3.621046075890189,87,0.48174590881467844
44927,75199,-85.49869151205854,113.74949449286676,-2755.5,125.0,-55.0,301,3.9855780680191466,79,-0.7999849179614628
44888,74990,-85.34753345550538,112.9321004375898,-2599.0,130.0,-55.0,288,4.591089098540014,98,-1.3113112046742816
44850,74794,-85.19550552537916,112.16634582208246,-2553.0,135.0,-55.0,256,6.261238468614476,89,-1.5418578636118885
44810,74610,-85.04269014402158,111.44773632710536,-2344.5,140.0,-55.0,300,6.331239064576228,93,-1.8247482835930386
44825,18008,-85.10047257899905,-109.6538240580533,-562.0,-140.0,-50.0,251,16.371391496428267,151,-2.306100565766545
44865,17837,-85.25515766742748,-110.32313682966294,-387.5,-135.0,-50.0,272,19.589394659152244,149,-2.2145715376191353
44904,17654,-85.4091696466265,-111.03751102542182,140.0,-130.0,-50.0,277,19.786063871718685,135,-2.4658969836625815
44943,17458,-85.5624357591747,-111.80140948635182,915.0,-125.0,-50.0,285,17.779618303677946,133,-2.90955820886004
44983,17249,-85.71487330712905,-112.61986494804043,1366.5,-120.0,-50.0,180,15.418554459019877,95,-2.9693937466162588
45021,17024,-85.86638796776776,-113.49856567595211,2233.0,-115.0,-50.0,16,8.692135933052224,216,-3.3989699560428335
45060,16782,-86.0168717780252,-114.44395478041653,1313.5,-110.0,-50.0,292,35.66188731218323,128,-3.149885463124601
45098,16521,-86.16620071625277,-115.46334506187162,-19.0,-105.0,-50.0,27,22.621693784463055,126,-2.4245911350869935
45136,16239,-86.3142317945572,-116.56505117707799,-860.0,-100.0,-50.0,15,14.684965624721317,124,-1.6505335493509108
45173,15933,-86.46079955702656,-117.75854060106003,-1829.0,-95.0,-50.0,11,13.469049145907878,111,-1.0333617419389747
45211,15602,-86.60571185894956,-119.05460409907714,-1929.5,-90.0,-50.0,15,10.717282428707984,86,-1.0712736866457244
45247,15240,-86.74874478069894,-120.46554491945989,-1800.5,-85.0,-50.0,109,14.43766785823724,309,-0.35792398356261207
45283,14846,-86.88963650969119,-122.0053832080835,-2278.0,-80.0,-50.0,22,7.885298744475047,237,0.5685509270492483
45319,14415,-87.02808000958088,-123.69006752597979,-2375.5,-75.0,-50.0,29,10.23739237991505,322,2.3115686388732515
45353,13942,-87.16371429655122,-125.53767779197437,-2171.0,-70.0,-50.0,171,7.514303106783073,62,-0.23216809547218575
45387,13422,-87.2961141739111,-127.56859202882748,-2193.0,-65.0,-50.0,142,12.088235159942222,7,3.6047795010898143
45420,12849,-87.42477836440185,-129.8055710922652,-1911.0,-60.0,-50.0,163,9.987246030352347,52,0.3699846390865558
45452,12217,-87.54911616617494,-132.27368900609375,-1788.0,-55.0,-50.0,156,11.943867265771885,265,1.2779636435948354
45483,11520,-87.66843310492295,-135.0,-1657.5,-50.0,-50.0,128,13.045279960390813,352,-0.9674949600465212
45512,10748,-87.78191664380071,-138.01278750418336,-1580.5,-45.0,-50.0,100,9.13676243832334,57,0.06224309917392249
45539,9896,-87.88862393688133,-141.34019174590992,-1307.0,-40.0,-50.0,59,8.165391089803649,218,0.11357878330813012
45564,8957,-87.98747493213558,-145.00797980144134,-2380.5,-35.0,-50.0,346,24.50597535033855,219,2.430523126897242
45587,7926,-88.07725578125002,-149.03624346792648,-2890.0,-30.0,-50.0,300,13.91819202486873,106,2.9089138660465528
45608,6800,-88.15663913581275,-153.434948822922,-2916.0,-25.0,-50.0,291,16.887824951969293,103,4.34310290512275
45625,5581,-88.22422863696782,-158.19859051364818,-2711.0,-20.0,-50.0,309,20.61815125412225,105,1.934101129191119
45639,4275,-88.27863328840705,-163.3007557660064,-1962.0,-15.0,-50.0,296,23.49681910969433,104,0.7696550113427071
45649,2895,-88.31857182956591,-168.6900675259798,-617.5,-10.0,-50.0,286,21.325176176312162,96,-1.1999223912370995
45655,1461,-88.34299722571284,-174.28940686250036,-449.0,-5.0,-50.0,100,9.63370583588501,340,0.33843373695030166
45657,92159,-88.35121947756187,180.0,-661.0,0.0,-50.0,345,10.753462112801339,130,-0.3838946767207754
45655,90698,-88.34299722571284,174.28940686250036,-334.5,5.0,-50.0,338,12.838929805514612,117,-1.4606257902846345
45649,89264,-88.31857182956591,168.6900675259798,68.5,10.0,-50.0,304,5.543355078209587,114,-1.9367458253329828
45639,87884,-88.27863328840705,163.3007557660064,283.5,15.0,-50.0,193,6.977153649191311,346,-1.673436186790752
45625,86578,-88.22422863696782,158.19859051364818,145.0,20.0,-50.0,65,26.087366782655348,179,3.1536394645079127
45608,85359,-88.15663913581275,153.434948822922,391.5,25.0,-50.0,295,9.110965561802413,113,-1.2616045723143832
45587,84233,-88.07725578125002,149.03624346792648,227.5,30.0,-50.0,323,22.05770150046622,225,0.07475898033005679
45564,83202,-87.98747493213558,145.00797980144134,604.5,35.0,-50.0,62,8.63686195798163,221,-1.7624694586276932
45539,82263,-87.88862393688133,141.34019174590992,542.5,40.0,-50.0,121,4.34310290512275,290,-1.6286590203671496
45512,81411,-87.78191664380071,138.01278750418336,342.0,45.0,-50.0,96,7.412901726061053,288,-1.289670506182972
45483,80639,-87.66843310492295,135.0,192.5,50.0,-50.0,47,9.906076484521574,283,-0.8424428730349505
45452,79942,-87.54911616617494,132.27368900609375,-140.5,55.0,-50.0,68,7.84440430024866,221,-1.4096943339624506
45420,79310,-87.42477836440185,129.8055710922652,-188.5,60.0,-50.0,349,10.31146862703119,196,-0.00045708634900460386
45387,78737,-87.2961141739111,127.56859202882748,462.5,65.0,-50.0,36,7.928275431623314,219,-1.9294952680292876
45353,78217,-87.16371429655122,125.53767779197437,-27.5,70.0,-50.0,126,10.325715672946123,253,-0.25192194888546393
45319,77744,-87.02808000958088,123.69006752597979,-108.0,75.0,-50.0,115,11.914111464130743,337,-2.7153839712965415
45283,77313,-86.88963650969119,122.0053832080835,-1053.5,80.0,-50.0,105,18.874564837108476,339,-2.095187917381805
45247,76919,-86.74874478069894,120.46554491945989,-1536.5,85.0,-50.0,135,10.20072530599596,21,-1.9658573027725708
45211,76557,-86.60571185894956,119.05460409907714,-1913.0,90.0,-50.0,105,7.8555374158862135,337,0.8002725572995123
45173,76226,-86.46079955702656,117.75854060106003,-2164.0,95.0,-50.0,196,6.7003938100418505,2,1.2587905087922153
45136,75920,-86.3142317945572,116.56505117707799,-2010.5,100.0,-50.0,297,6.977153649191311,58,-2.121797808547781
45098,75638,-86.16620071625277,115.46334506187162,-2442.5,105.0,-50.0,117,14.43766785823724,350,-0.6825183971085083
45060,75377,-86.0168717780252,114.44395478041653,-2732.5,110.0,-50.0,223,5.5914128423894445,65,-1.3713261374438215
45021,75135,-85.86638796776776,113.49856567595211,-2698.5,115.0,-50.0,212,4.812092556429078,77,-1.4126390190715672
44983,74910,-85.71487330712905,112.61986494804043,-2502.5,120.0,-50.0,258,3.8862336417871064,80,-1.6702754913489308
44943,74701,-85.5624357591747,111.80140948635182,-2521.5,125.0,-50.0,240,6.261238468614476,89,-1.0921223347406228
44904,74505,-85.4091696466265,111.03751102542182,-2482.5,130.0,-50.0,256,5.782854837902176,19,0.7541124803014544
44865,74322,-85.25515766742748,110.32313682966294,-2213.5,135.0,-50.0,284,6.9973040735532654,90,-1.9535039179596108
44825,74151,-85.10047257899905,109.6538240580533,-1879.0,140.0,-50.0,257,5.119562552254584,95,-2.277231053226174
44839,18478,-85.15334841972359,-107.81888891452277,-1188.0,-140.0,-45.0,258,14.305595579845095,100,-1.5458084743401157
44879,18320,-85.30978537475212,-108.43494882292202,-898.0,-135.0,-45.0,275,15.04943301745604,72,-1.231949898323968
44919,18152,-85.46566074236968,-109.09349200048563,-645.0,-130.0,-45.0,280,15.697145810037883,95,-1.8394000094381004
44958,17971,-85.62091184322657,-109.79887635452492,-56.0,-125.0,-45.0,253,18.440361227305228,132,-2.3034236026572086
44998,17777,-85.77546714813768,-110.55604521958347,773.5,-120.0,-45.0,238,23.05402972412785,130,-2.8054946402792535
45037,17569,-85.92924470738788,-111.37062226934319,1609.0,-115.0,-45.0,333,23.49681910969433,128,-3.3030850461705765
45077,17344,-86.08215025066646,-112.24902365721238,221.0,-110.0,-45.0,284,29.857761289072908,127,-2.536997393953672
45115,17101,-86.23407487973661,-113.19859051364818,-1169.0,-105.0,-45.0,359,20.255952732209074,202,1.684688181740841
45154,16837,-86.38489225631693,-114.22774531795417,-1814.0,-100.0,-45.0,28,24.305412437438655,118,-0.853629314770165
45192,16551,-86.53445516328118,-115.3461759419467,-2098.5,-95.0,-45.0,1,13.197026633923976,64,0.7235739858773567
45230,16239,-86.68259128743992,-116.56505117707799,-2416.5,-90.0,-45.0,18,15.114203272420212,206,2.5161409522232216
45268,15898,-86.82909803644073,-117.89727103094764,-2242.5,-85.0,-45.0,7,8.844806072207854,72,-0.3792409776872107
45305,15524,-86.97373616114442,-119.35775354279127,-2297.0,-80.0,-45.0,11,7.589976586866307,275,1.0608833657299122
45341,15113,-87.11622191047437,-120.96375653207352,-2187.5,-75.0,-45.0,15,6.374466282645562,277,-0.19129723587069375
45377,14659,-87.25621740415028,-122.7352262721076,-1932.0,-70.0,-45.0,198,8.543984792069862,295,-0.9126025658993749
45412,14158,-87.39331888279462,-124.69515353123397,-1242.5,-65.0,-45.0,217,16.013766656799273,57,-1.6861247149423206
45446,13601,-87.52704250998163,-126.86989764584402,-1279.0,-60.0,-45.0,0,9.110965561802413,252,-0.04600959143134319
45480,12981,-87.65680750347639,-129.28940686250036,-1025.5,-55.0,-45.0,161,18.440361227305228,323,-2.067104366837133
45512,12291,-87.78191664380071,-131.98721249581666,-533.5,-50.0,-45.0,147,11.219601244106984,347,-2.555717109381329
45542,11520,-87.9015347773203,-135.0,-1002.5,-45.0,-45.0,53,18.726573864203814,326,-1.4527728704488314
45571,10658,-88.01466698755613,-138.3664606634298,-1715.5,-40.0,-45.0,50,22.330810569218286,223,0.8503403636752307
45598,9695,-88.12013988227137,-142.12501634890182,-2882.0,-35.0,-45.0,53,14.138841666157264,226,3.578003530615804
45623,8624,-88.21659210603407,-146.30993247402023,-2917.0,-30.0,-45.0,283,11.015119957969151,229,4.613451943838591
45645,7437,-88.30248358394572,-150.94539590092285,-2854.0,-25.0,-45.0,296,12.955603769024966,96,2.7812677831043895
45664,6134,-88.37613614716126,-156.03751102542182,-2863.5,-20.0,-45.0,315,15.045450770554933,97,2.39159702169352
45679,4719,-88.43581866250304,-161.565051177078,-2532.0,-15.0,-45.0,271,17.68570549775902,97,1.6126799779216874
45690,3207,-88.47988373280924,-167.47119229084848,-1133.5,-10.0,-45.0,269,22.2634693258976,89,-0.4805581847347253
45697,1623,-88.50694719083492,-173.6598082540901,-957.0,-5.0,-45.0,20,13.59453046983612,114,1.3440112196174305
45700,92159,-88.5160780739466,180.0,-1035.0,0.0,-45.0,253,10.46886230687705,113,0.8590075266711861
45697,90536,-88.50694719083492,173.6598082540901,-202.5,5.0,-45.0,322,8.638771027495324,104,-1.7001656854052258
45690,88952,-88.47988373280924,167.47119229084848,34.5,10.0,-45.0,21,10.98671573878638,113,-1.696396732593344
45679,87440,-88.43581866250304,161.565051177078,-55.5,15.0,-45.0,49,20.16362145164265,137,-1.0530029332653992
45664,86025,-88.37613614716126,156.03751102542182,465.5,20.0,-45.0,143,4.823721607614189,24,-2.492586985156954
45645,84722,-88.30248358394572,150.94539590092285,-240.5,25.0,-45.0,71,17.16691606353054,241,1.3997384843970426
45623,83535,-88.21659210603407,146.30993247402023,-445.0,30.0,-45.0,340,19.306530159211473,167,1.42220313964832
45598,82464,-88.12013988227137,142.12501634890182,347.0,35.0,-45.0,324,14.890376736044576,132,0.23990066632179569
45571,81501,-88.01466698755613,138.3664606634298,152.5,40.0,-45.0,71,18.874564837108476,317,1.1467414189343883
45542,80639,-87.9015347773203,135.0,243.5,45.0,-45.0,114,9.346599687499832,302,-1.0868533470977753
45512,79868,-87.78191664380071,131.98721249581666,59.5,50.0,-45.0,182,5.65331627250783,314,-0.2865684565556907
45480,79178,-87.65680750347639,129.28940686250036,-459.0,55.0,-45.0,41,21.8496504899121,224,-0.8829054935886217
45446,78558,-87.52704250998163,126.86989764584402,-217.5,60.0,-45.0,285,5.698139135477845,198,-0.4864829166224492
45412,78001,-87.39331888279462,124.69515353123397,78.5,65.0,-45.0,22,5.782854837902176,210,-1.501907371228092
45377,77500,-87.25621740415028,122.7352262721076,-126.0,70.0,-45.0,86,5.582626889807826,319,0.5736715663902504
45341,77046,-87.11622191047437,120.96375653207352,-340.0,75.0,-45.0,105,9.110965561802413,342,-2.579639194977652
45305,76635,-86.97373616114442,119.35775354279127,-1132.0,80.0,-45.0,246,15.351579246123624,21,-2.286583979687379
45268,76261,-86.82909803644073,117.89727103094764,-1232.0,85.0,-45.0,217,13.983109661074817,40,-2.540609687003553
45230,75920,-86.68259128743992,116.56505117707799,-1680.5,90.0,-45.0,105,11.452111822902118,29,-1.8327926111114634
45192,75608,-86.53445516328118,115.3461759419467,-1971.0,95.0,-45.0,183,7.485339662655092,352,-1.27318027263456
45154,75322,-86.38489225631693,114.22774531795417,-2399.5,100.0,-45.0,82,9.427602441861952,345,0.8002725572995123
45115,75058,-86.23407487973661,113.19859051364818,-2497.5,105.0,-45.0,157,15.711772043747247,0,-0.5758158341050554
45077,74815,-86.08215025066646,112.24902365721238,-2662.0,110.0,-45.0,218,7.1686588628545165,73,-0.8636861823539843
45037,74590,-85.92924470738788,111.37062226934319,-2393.5,115.0,-45.0,205,5.0298901429078695,74,-1.7974579183281922
44998,74382,-85.77546714813768,110.55604521958347,-2294.5,120.0,-45.0,244,4.4497283348113355,64,-1.211048708198091
44958,74188,-85.62091184322657,109.79887635452492,-2213.5,125.0,-45.0,250,5.061842366083011,86,-1.9423734771011891
44919,74007,-85.46566074236968,109.09349200048563,-2301.0,130.0,-45.0,331,7.694511338155073,77,-1.6189525284275907
44879,73839,-85.30978537475212,108.43494882292202,-1825.0,135.0,-45.0,342,5.535315441027158,135,0.09585511043237198
44839,73681,-85.15334841972359,107.81888891452277,-1591.0,140.0,-45.0,45,5.063780280787615,176,0.1731295467048071
44810,19091,-85.04269014402158,-105.42216131873867,-1846.5,-145.0,-40.0,251,11.549890300244693,21,2.2559765585240217
44851,18957,-85.20115458664219,-105.94539590092286,-1760.0,-140.0,-40.0,263,12.686237653081546,134,-1.144215791645383
44891,18814,-85.35921029485304,-106.50436138175503,-1733.5,-135.0,-40.0,266,13.756303531771271,92,-1.0009612478705383
44932,18661,-85.5168112932568,-107.10272896905236,-1668.0,-130.0,-40.0,228,14.581458076612796,60,-0.4777249423880709
44972,18497,-85.67390514333776,-107.74467162505692,-1079.5,-125.0,-40.0,239,19.09082928208303,132,-1.6397010950114574
45012,18320,-85.83043178302492,-108.43494882292202,-665.0,-120.0,-40.0,258,22.05898190508721,130,-1.9139142473481952
45052,18130,-85.9863221158666,-109.17900802581072,-37.0,-115.0,-40.0,300,23.293095696619716,127,-2.2703054654863872
45092,17924,-86.14149628726071,-109.98310652189998,-1107.0,-110.0,-40.0,334,21.087682514879408,104,-1.394054680694542
45131,17701,-86.29586156772454,-110.85445803957835,-1778.5,-105.0,-40.0,337,17.88833792614599,123,-1.1219632901898025
45171,17458,-86.4493097405257,-111.80140948635182,-2303.0,-100.0,-40.0,272,23.699914633887627,125,1.246105756590203
45210,17194,-86.60171386159979,-112.83365417791754,-2319.5,-95.0,-40.0,39,18.874564837108476,195,1.2639349058896712
45248,16905,-86.75292422168002,-113.96248897457819,-2317.5,-90.0,-40.0,355,9.954071953168013,231,0.8286911087031599
45287,16588,-86.9027632917905,-115.20112364547508,-2308.5,-85.0,-40.0,356,8.296108617138858,57,0.17612564035108325
45325,16239,-87.05101937148595,-116.56505117707799,-2200.0,-80.0,-40.0,1,6.9876718720066915,43,-0.007351350114454801
45362,15853,-87.19743858278908,-118.07248693585296,-2077.0,-75.0,-40.0,5,5.901905508694827,287,0.007206991855911784
45399,15425,-87.34171476201936,-119.74488129694222,-2110.5,-70.0,-40.0,241,8.496933030460639,328,0.2494775132923059
45435,14948,-87.4834767019684,-121.60750224624891,-1730.5,-65.0,-40.0,302,9.839578909076558,41,-1.0106533727107323
45471,14415,-87.62227210456714,-123.69006752597979,-1863.5,-60.0,-40.0,241,9.279224289655424,58,0.477839932728781
45505,13816,-87.75754755825808,-126.02737338510362,-1387.5,-55.0,-40.0,258,19.736225733732084,44,-1.4327513717100262
45539,13143,-87.88862393688133,-128.6598082540901,-643.0,-50.0,-40.0,287,10.868250836334848,63,-1.889317673992119
45571,12381,-88.01466698755613,-131.63353933657018,-1791.0,-45.0,-40.0,11,33.86682011510873,224,0.9055574003308869
45602,11520,-88.13465381962916,-135.0,-2315.0,-40.0,-40.0,331,15.56587469233879,229,1.8930165691482599
45631,10543,-88.24733798575656,-138.81407483429035,-2871.5,-35.0,-40.0,18,11.599888086388102,233,3.5667725823175105
45657,9438,-88.35121947756187,-143.13010235415598,-2907.0,-30.0,-40.0,285,9.215872406981145,86,3.773591523056783
45681,8193,-88.44453175909297,-147.9946167919165,-2890.5,-25.0,-40.0,203,10.755394242839285,86,3.1520436588760674
45702,6800,-88.52526551567479,-153.434948822922,-2870.5,-20.0,-40.0,197,15.036782099129162,86,2.5924873143495977
45719,5262,-88.59125505685799,-159.44395478041653,-2017.0,-15.0,-40.0,227,18.003952144750453,75,0.9841632642499288
45731,3593,-88.64035072669904,-165.96375653207352,-947.5,-10.0,-40.0,240,29.492613968304333,42,-0.874477688983541
45739,1824,-88.67067853966545,-172.8749836510982,-747.0,-5.0,-40.0,122,23.49681910969433,40,0.41294796821434404
45742,92159,-88.6809428135949,180.0,-864.5,0.0,-40.0,226,7.690886141578284,71,-0.3725747594431395
45739,90335,-88.67067853966545,172.8749836510982,-1468.5,5.0,-40.0,25,15.942846764310325,268,3.4005162219900287
45731,88566,-88.64035072669904,165.96375653207352,-1400.5,10.0,-40.0,206,16.68726710643179,130,2.4372888654361438
45719,86897,-88.59125505685799,159.44395478041653,-924.0,15.0,-40.0,5,29.857761289072908,105,-0.2583484984766661
45702,85359,-88.52526551567479,153.434948822922,-119.0,20.0,-40.0,61,18.003952144750453,134,-0.9650678499085921
45681,83966,-88.44453175909297,147.9946167919165,-337.5,25.0,-40.0,102,9.110965561802413,265,2.8160083139172456
45657,82721,-88.35121947756187,143.13010235415598,-97.0,30.0,-40.0,302,9.226919089408776,141,-1.0417477906446733
45631,81616,-88.24733798575656,138.81407483429035,153.0,35.0,-40.0,65,11.91598133482619,250,-1.1943385154256798
45602,80639,-88.13465381962916,135.0,-27.0,40.0,-40.0,123,20.80034024220414,228,-1.1412472220835104
45571,79778,-88.01466698755613,131.63353933657018,-86.5,45.0,-40.0,34,17.124655610243295,231,-1.2694804385899507
45539,79016,-87.88862393688133,128.6598082540901,-632.0,50.0,-40.0,79,16.90172007451071,230,-0.7506520069235452
45505,78343,-87.75754755825808,126.02737338510362,-703.0,55.0,-40.0,309,8.641171196622901,199,0.8827343770708452
45471,77744,-87.62227210456714,123.69006752597979,-523.5,60.0,-40.0,38,10.506630540253425,223,-0.76181927425757
45435,77211,-87.4834767019684,121.60750224624891,-957.5,65.0,-40.0,91,16.612854752846633,193,1.2859361138593985
45399,76734,-87.34171476201936,119.74488129694222,-772.5,70.0,-40.0,40,24.70428827205888,187,0.6439381416016443
45362,76306,-87.19743858278908,118.07248693585296,-276.5,75.0,-40.0,239,5.870867812697818,22,-2.850390728586602
45325,75920,-87.05101937148595,116.56505117707799,-191.5,80.0,-40.0,254,10.477401127528685,63,-1.2713979597023344
45287,75571,-86.9027632917905,115.20112364547508,-564.5,85.0,-40.0,195,21.43172850597227,53,-3.101855451577804
45248,75254,-86.75292422168002,113.96248897457819,-1159.0,90.0,-40.0,249,14.664256299684611,34,-2.2634713968418714
45210,74965,-86.60171386159979,112.83365417791754,-1477.0,95.0,-40.0,238,10.049667979095565,59,-2.540597216999462
45171,74701,-86.4493097405257,111.80140948635182,-1875.0,100.0,-40.0,212,10.721411499022517,51,-1.8172401121370378
45131,74458,-86.29586156772454,110.85445803957835,-2202.0,105.0,-40.0,253,10.753462112801339,64,-1.9634300082391396
45092,74235,-86.14149628726071,109.98310652189998,-2296.0,110.0,-40.0,210,8.119392482962212,60,-1.4527728704488314
45052,74029,-85.9863221158666,109.17900802581072,-2171.0,115.0,-40.0,194,5.387516393994504,77,-2.013355818945072
45012,73839,-85.83043178302492,108.43494882292202,-2094.5,120.0,-40.0,304,10.128295793269242,84,0.7235739858773567
44972,73662,-85.67390514333776,107.74467162505692,-2107.5,125.0,-40.0,52,23.08874665342278,103,2.3898213243045534
44932,73498,-85.5168112932568,107.10272896905236,-1856.5,130.0,-40.0,288,6.022151994849398,87,-2.267051403391359
44891,73345,-85.35921029485304,106.50436138175503,-1665.5,135.0,-40.0,268,6.022151994849398,94,-2.187352221005958
44851,73202,-85.20115458664219,105.94539590092286,-1419.0,140.0,-40.0,325,12.147327016307285,121,-1.6455863516615759
44810,73068,-85.04269014402158,105.42216131873867,-1565.5,145.0,-40.0,212,5.303660838215453,13,0.044329739048886596
44821,19565,-85.08389366752345,-103.57043438516149,-2153.0,-145.0,-35.0,299,13.526748355365502,119,-0.3815808454770665
44862,19446,-85.24373740691262,-104.03624346792648,-2180.5,-140.0,-35.0,265,11.188943209109006,90,-0.11022945491063256
44903,19319,-85.40326377136712,-104.53445508054013,-1781.5,-135.0,-35.0,268,11.10488158348467,146,-1.2524675155416116
44943,19182,-85.5624357591747,-105.06848815949222,-1689.5,-130.0,-35.0,239,12.128847094097207,191,0.15329005351809477
44984,19035,-85.72121104838206,-105.64224645720874,-1676.5,-125.0,-35.0,250,14.94689796916383,145,-1.3061387141364327
45025,18877,-85.8795410081806,-106.26020470831196,-1782.5,-120.0,-35.0,269,18.270176996924835,129,-1.0844429346267617
45065,18706,-86.03736948717736,-106.92751306414705,-1589.0,-115.0,-35.0,293,18.26319635958256,127,-1.2200441317018444
45105,18521,-86.19463131939654,-107.65012421993013,-1730.5,-110.0,-35.0,315,16.789718216060233,124,-1.0587315002789364
45145,18320,-86.35125047095235,-108.43494882292202,-2239.5,-105.0,-35.0,332,15.42484456197782,58,1.1131359282886437
45185,18101,-86.50713772642197,-109.29004621918874,-2446.0,-100.0,-35.0,338,13.23688071719929,224,1.686639616683404
45225,17862,-86.66218778188009,-110.22485943116808,-2350.5,-95.0,-35.0,347,10.703190813041074,95,0.3616463276741786
45264,17599,-86.81627556841795,-111.25050550713325,-2284.0,-90.0,-35.0,353,8.812647467614607,58,0.5223013320922277
45304,17310,-86.9692515718618,-112.38013505195958,-2192.5,-85.0,-35.0,208,12.977275177105291,271,0.39136715189766075
45342,16990,-87.12093583622989,-113.62937773065681,-1897.5,-80.0,-35.0,344,13.526748355365502,252,0.21597661881591146
45381,16635,-87.27111023386533,-115.01689347810004,-2029.0,-75.0,-35.0,356,5.470950790124484,295,1.4440389498971076
45419,16239,-87.41950844690301,-116.56505117707799,-2055.0,-70.0,-35.0,1,4.842656126077167,328,-0.13734545627623637
45456,15795,-87.56580292617622,-118.30075576600638,-1935.0,-65.0,-35.0,168,15.116023594011255,27,0.2546025214863464
45493,15294,-87.70958787318247,-120.25643716352927,-1868.5,-60.0,-35.0,184,8.757460880861435,347,1.4488691245383016
45529,14727,-87.85035704191449,-122.47119229084849,-1221.5,-55.0,-35.0,180,14.322366312066164,34,-1.5080965868646612
45564,14082,-87.98747493213558,-124.99202019855868,-1355.0,-50.0,-35.0,340,27.054646774427596,224,0.30774143399072457
45598,13344,-88.12013988227137,-127.87498365109822,-2385.5,-45.0,-35.0,337,14.615772180668689,228,1.5859107721149892
45631,12496,-88.24733798575656,-131.18592516570965,-2532.0,-40.0,-35.0,4,10.804892064752442,234,2.2204553625227517
45662,11520,-88.36778830403279,-135.0,-2514.5,-35.0,-35.0,19,7.584882460284309,240,2.7259051690782017
45690,10393,-88.47988373280924,-139.39870535499554,-2875.5,-30.0,-35.0,96,12.177110558754588,332,4.034969330646941
45716,9097,-88.58163991757556,-144.46232220802563,-2866.0,-25.0,-35.0,217,12.734327558614211,63,3.589234203609945
45739,7614,-88.67067853966545,-150.25511870305778,-2463.5,-20.0,-35.0,211,19.033553509005568,75,2.0503020447244684
45758,5938,-88.74428976995713,-156.80140948635182,-1207.0,-15.0,-35.0,197,31.992979396481253,34,-0.6530733672294189
45772,4082,-88.79963072947038,-164.05460409907712,-260.5,-10.0,-35.0,21,6.022151994849398,254,-0.22574537515393298
45781,2081,-88.83409588411895,-171.86989764584402,-914.0,-5.0,-35.0,33,10.577406792804489,265,0.8547325364146979
45784,92159,-88.84581301430629,180.0,-907.0,0.0,-35.0,151,6.531978565523018,274,1.1961462740887119
45781,90078,-88.83409588411895,171.86989764584402,-1454.0,5.0,-35.0,189,12.709971880039244,286,3.402730760850858
45772,88077,-88.79963072947038,164.05460409907712,-1451.5,10.0,-35.0,208,13.685012558060809,69,3.0730523439028326
45758,86221,-88.74428976995713,156.80140948635182,-846.5,15.0,-35.0,233,20.16362145164265,92,-0.2958607801016965
45739,84545,-88.67067853966545,150.25511870305778,-378.0,20.0,-35.0,254,13.526748355365502,107,-1.1710659677688082
45716,83062,-88.58163991757556,144.46232220802563,-410.5,25.0,-35.0,252,17.565371762030523,92,1.1862460359926317
45690,81766,-88.47988373280924,139.39870535499554,15.0,30.0,-35.0,245,8.165391089803649,118,-1.5535565194752854
45662,80639,-88.36778830403279,135.0,-44.5,35.0,-35.0,266,9.816904960448051,324,-0.6869272513872726
45631,79663,-88.24733798575656,131.18592516570965,-822.5,40.0,-35.0,86,16.509865555506455,251,-0.12357305394529494
45598,78815,-88.12013988227137,127.87498365109822,-1386.5,45.0,-35.0,69,15.358040215845472,246,0.8493087611415346
45564,78077,-87.98747493213558,124.99202019855868,-785.0,50.0,-35.0,283,12.141726971749602,31,2.25103598088029
45529,77432,-87.85035704191449,122.47119229084849,-508.5,55.0,-35.0,41,12.838929805514612,229,-0.8566848200104354
45493,76865,-87.70958787318247,120.25643716352927,-954.5,60.0,-35.0,151,13.755151458317963,348,2.365494040506102
45456,76364,-87.56580292617622,118.30075576600638,-1173.0,65.0,-35.0,286,14.5838913090635,160,3.5138579236934615
45419,75920,-87.41950844690301,116.56505117707799,-840.5,70.0,-35.0,264,20.210374147257046,157,0.9903702516715264
45381,75524,-87.27111023386533,115.01689347810004,-98.0,75.0,-35.0,193,13.524902069327123,343,-2.323502764564308
45342,75169,-87.12093583622989,113.62937773065681,-608.5,80.0,-35.0,71,15.675105357406197,332,-0.7177242309803284
45304,74849,-86.9692515718618,112.38013505195958,-764.5,85.0,-35.0,82,17.345278383521634,210,1.496523840078615
45264,74560,-86.81627556841795,111.25050550713325,-834.5,90.0,-35.0,227,8.550405560545503,3,-2.1503352316342044
45225,74297,-86.66218778188009,110.22485943116808,-900.5,95.0,-35.0,256,5.741787217325117,67,-2.3002938883289294
45185,74058,-86.50713772642197,109.29004621918874,-1300.0,100.0,-35.0,267,9.235763569772823,65,-2.177600758657829
45145,73839,-86.35125047095235,108.43494882292202,-1695.5,105.0,-35.0,206,17.795129012768008,68,-2.3993192413239917
45105,73638,-86.19463131939654,107.65012421993013,-1927.5,110.0,-35.0,188,8.7744558151702,72,-2.235694541177269
45065,73453,-86.03736948717736,106.92751306414705,-1954.5,115.0,-35.0,323,8.124587928715346,79,-2.2067974006723126
45025,73282,-85.8795410081806,106.26020470831196,-1841.5,120.0,-35.0,276,5.948607409254196,66,-0.4856518804227039
44984,73124,-85.72121104838206,105.64224645720874,-1942.5,125.0,-35.0,248,20.588688548975227,82,-0.925251727473411
44943,72977,-85.5624357591747,105.06848815949222,-1550.0,130.0,-35.0,297,7.648710012977744,91,-2.177600758657829
44903,72840,-85.40326377136712,104.53445508054013,-1336.5,135.0,-35.0,260,8.367785343701605,93,-2.6726229494260187
44862,72713,-85.24373740691262,104.03624346792648,-1281.0,140.0,-35.0,252,13.359445502263926,96,-2.273698982487613
44821,72594,-85.08389366752345,103.57043438516149,-1494.5,145.0,-35.0,345,6.558877572761056,280,-0.6739108168705907
44830,20047,-85.11988617571126,-101.6893691754392,-2338.0,-145.0,-30.0,257,9.04437858063702,119,-0.10502177123102507
44871,19943,-85.2809547653117,-102.0947570770121,-2286.5,-140.0,-30.0,259,9.558764313924366,55,0.599945278158581
44913,19832,-85.44178932425459,-102.52880770915151,-2236.5,-135.0,-30.0,269,10.019516909035909,132,-0.006882890500224867
44954,19713,-85.60236137598437,-102.9946167919165,-1982.0,-130.0,-30.0,246,11.27648537965852,139,-0.8442619337866292
44995,19585,-85.76263827742154,-103.49573328079582,-1804.0,-125.0,-30.0,256,11.857013101032262,145,-1.2125995546536903
45036,19446,-85.92258242118402,-104.03624346792648,-2081.5,-120.0,-30.0,271,13.99907405820862,201,-0.08613891847450847
45077,19297,-86.08215025066646,-104.62087398863166,-2149.0,-115.0,-30.0,289,14.54278567142106,124,-0.5990310439567216
45117,19134,-86.24129103582256,-105.25511870305779,-2349.5,-110.0,-30.0,306,14.27865332573723,110,0.060170360218950766
45158,18957,-86.3999453406433,-105.94539590092286,-2195.0,-105.0,-30.0,320,12.157082523126743,73,-0.0019531249993369026
45198,18764,-86.55804309029627,-106.69924423399362,-2377.0,-100.0,-30.0,326,10.948850390384354,228,0.42299558357981293
45239,18553,-86.71550111417815,-107.52556837372288,-2413.0,-95.0,-30.0,179,9.979867513145432,25,1.0996936341138688
45279,18320,-86.87221999713049,-108.43494882292202,-1952.5,-90.0,-30.0,343,7.391166246859698,246,0.23990066632179569
45319,18063,-87.02808000958088,-109.4400348281762,-1421.5,-85.0,-30.0,55,11.219601244106984,26,-1.4943962301842229
45358,17777,-87.18293580092859,-110.55604521958347,-1899.5,-80.0,-30.0,5,7.685000148310369,261,-0.0019531249993369026
45398,17458,-87.33660941840833,-111.80140948635182,-1752.0,-75.0,-30.0,99,5.2793699141940005,279,-1.2904751812792898
45437,17101,-87.48888104091148,-113.19859051364818,-1808.5,-70.0,-30.0,183,13.068631434191454,290,-0.7451478165221004
45475,16697,-87.63947657336776,-114.77514056883193,-1856.5,-65.0,-30.0,167,7.300387662768265,328,-0.5665106295250983
45513,16239,-87.78805090633713,-116.56505117707799,-1443.0,-60.0,-30.0,250,16.013766656799273,31,-0.6287787348632202
45551,15715,-87.93416517952703,-118.61045966596521,-856.5,-55.0,-30.0,154,11.91598133482619,308,-2.0478068856405574
45587,15113,-88.07725578125002,-120.96375653207352,-1459.0,-50.0,-30.0,30,13.47029775874419,230,0.3579532466104036
45623,14415,-88.21659210603407,-123.69006752597979,-2426.0,-45.0,-30.0,39,12.362978256860965,232,1.552701969365734
45657,13601,-88.35121947756187,-126.86989764584402,-2478.5,-40.0,-30.0,254,9.110965561802413,314,5.063780280787615
45690,12646,-88.47988373280924,-130.6012946450045,-2507.5,-35.0,-30.0,262,19.52166357833413,66,5.8506237202126785
45721,11520,-88.6009363019476,-135.0,-2283.0,-30.0,-30.0,182,9.573571086801861,254,2.610313846266405
45750,10190,-88.71222658860746,-140.19442890773482,-2263.0,-25.0,-30.0,204,11.463526006057084,355,1.7214759617761621
45775,8624,-88.81100807350447,-146.30993247402023,-1735.0,-20.0,-30.0,243,18.003952144750453,9,0.37616418252832823
45796,6800,-88.89392242153258,-153.434948822922,-569.0,-15.0,-30.0,229,10.401017053805957,28,-1.7868960845657722
45813,4719,-88.95717645995747,-161.565051177078,-605.0,-10.0,-30.0,162,10.534190009266297,261,0.1263472154909424
45823,2422,-88.9970423584337,-170.53767779197437,-859.0,-5.0,-30.0,207,10.660540741425931,344,0.8516157226806036
45826,92159,-89.01068799374467,180.0,-621.5,0.0,-30.0,201,11.528134517637755,8,0.0581102441309499
45823,89737,-88.9970423584337,170.53767779197437,-387.0,5.0,-30.0,218,10.519847242351,57,-0.810260819939306
45813,87440,-88.95717645995747,161.565051177078,-388.0,10.0,-30.0,261,14.004606531668644,74,-1.3194974810349036
45796,85359,-88.89392242153258,153.434948822922,-151.5,15.0,-30.0,121,46.7421816305278,335,2.785047311859628
45775,83535,-88.81100807350447,146.30993247402023,189.5,20.0,-30.0,303,13.675378376989846,97,-2.2346016459820697
45750,81969,-88.71222658860746,140.19442890773482,398.0,25.0,-30.0,207,18.440361227305228,101,-1.398202243725664
45721,80639,-88.6009363019476,135.0,249.5,30.0,-30.0,152,15.77921659041435,328,-1.374833794614393
45690,79513,-88.47988373280924,130.6012946450045,-147.5,35.0,-30.0,173,11.539125500010206,333,-0.811864804411314
45657,78558,-88.35121947756187,126.86989764584402,-1253.0,40.0,-30.0,193,16.654613399089175,298,1.5896196319569222
45623,77744,-88.21659210603407,123.69006752597979,-1515.5,45.0,-30.0,178,10.455845034389236,253,1.5421572531708614
45587,77046,-88.07725578125002,120.96375653207352,-1204.0,50.0,-30.0,59,11.684240740598153,240,0.7976339285409364
45551,76444,-87.93416517952703,118.61045966596521,-1110.5,55.0,-30.0,43,18.22243026617343,229,0.5130893311191075
45513,75920,-87.78805090633713,116.56505117707799,-249.5,60.0,-30.0,10,17.565371762030523,214,-1.0590825664545038
45475,75462,-87.63947657336776,114.77514056883193,-46.0,65.0,-30.0,248,19.950212903957993,22,-1.1604634256202297
45437,75058,-87.48888104091148,113.19859051364818,224.5,70.0,-30.0,77,12.608807654448128,209,-1.6339723892897493
45398,74701,-87.33660941840833,111.80140948635182,-400.0,75.0,-30.0,137,20.25807578762948,356,-1.4402891543252818
45358,74382,-87.18293580092859,110.55604521958347,-1389.5,80.0,-30.0,147,13.167465411731218,348,3.373983997511204
45319,74096,-87.02808000958088,109.4400348281762,-1381.5,85.0,-30.0,100,9.150394460241895,203,4.187803569094096
45279,73839,-86.87221999713049,108.43494882292202,-970.5,90.0,-30.0,6,20.588688548975227,189,2.0277379795839776
45239,73606,-86.71550111417815,107.52556837372288,-442.5,95.0,-30.0,252,10.051561618623552,65,-3.216482172855521
45198,73395,-86.55804309029627,106.69924423399362,-640.0,100.0,-30.0,222,9.733877721554725,69,-3.113724495183966
45158,73202,-86.3999453406433,105.94539590092286,-981.0,105.0,-30.0,195,6.3970551580270705,62,-2.5071058945948463
45117,73025,-86.24129103582256,105.25511870305779,-1496.0,110.0,-30.0,241,9.581915245891475,75,-2.546204544692054
45077,72862,-86.08215025066646,104.62087398863166,-1581.5,115.0,-30.0,272,14.210617066655383,144,1.2793096617547164
45036,72713,-85.92258242118402,104.03624346792648,-1483.0,120.0,-30.0,212,8.638771027495324,83,-2.56461486372848
44995,72574,-85.76263827742154,103.49573328079582,-1434.5,125.0,-30.0,278,8.339504434904732,69,-2.0080006980555427
44954,72446,-85.60236137598437,102.9946167919165,-1089.5,130.0,-30.0,282,19.306530159211473,91,-2.8504749892551757
44913,72327,-85.44178932425459,102.52880770915151,-746.0,135.0,-30.0,187,4.34310290512275,25,-1.7847460280719496
44871,72216,-85.2809547653117,102.0947570770121,-1451.5,140.0,-30.0,248,20.376447823277726,31,0.996160175632668
44830,72112,-85.11988617571126,101.6893691754392,-1601.0,145.0,-30.0,145,6.148309820802411,357,-0.15968255876612453
44838,20535,-85.15055103802129,-99.7824070318073,-2355.5,-145.0,-25.0,236,8.402225481214073,108,1.4488691245383016
44880,20448,-85.31267823271732,-100.12467165539782,-2067.5,-140.0,-25.0,302,10.049667979095565,155,-0.7927679914742398
44921,20354,-85.47464512481902,-100.4914770123316,-2287.5,-135.0,-25.0,266,8.557665769873697,144,0.2857030329065388
44962,20253,-85.63643104305042,-100.88552705465874,-2363.0,-130.0,-25.0,249,9.757320121743152,37,0.5858285151058488
45004,20144,-85.79801225959118,-101.30993247402021,-2159.5,-125.0,-25.0,259,10.270057636550208,20,-0.0993374235888875
45045,20027,-85.95936138971376,-101.76828893202065,-2010.5,-120.0,-25.0,272,10.590993939374073,227,-0.16709569678149708
45086,19900,-86.1204466459273,-102.2647737278924,-2125.5,-115.0,-25.0,285,11.037734426982503,217,-0.5587470384708773
45127,19762,-86.28123090437187,-102.80426606528675,-2345.5,-110.0,-25.0,299,11.152757279075809,60,0.5678978844396686
45169,19611,-86.44167052681864,-103.3924977537511,-2263.5,-105.0,-25.0,311,10.072031307679138,52,-0.49474355665916636
45210,19446,-86.60171386159979,-104.03624346792648,-2237.0,-100.0,-25.0,318,8.984779954676462,237,0.23990066632179569
45250,19265,-86.76129931861101,-104.74356283647074,-2314.5,-95.0,-25.0,326,8.149810065509632,272,0.4350795062911353
45291,19065,-86.92035287345155,-105.52411099675426,-2074.5,-90.0,-25.0,138,7.276774090652822,17,-0.0019531249993369026
45332,18844,-87.07878479812982,-106.38954033403479,-1670.5,-85.0,-25.0,187,8.638771027495324,49,-1.3862100062657614
45372,18597,-87.23648533193544,-107.35402463626133,-1425.5,-80.0,-25.0,49,15.34119138235815,265,-1.211048708198091
45412,18320,-87.39331888279462,-108.43494882292202,-3026.5,-75.0,-25.0,69,19.192174333598857,253,13.254779978425615
45452,18008,-87.54911616617494,-109.6538240580533,-1886.0,-70.0,-25.0,222,31.291832921684613,320,0.4857085943491773
45492,17654,-87.70366341363857,-111.03751102542182,-1411.0,-65.0,-25.0,121,9.291444285831213,320,-1.3230581970883806
45531,17249,-87.85668736760378,-112.61986494804043,-1029.0,-60.0,-25.0,190,9.24883495180653,325,-1.738755208488191
45570,16782,-88.00783414911542,-114.44395478041653,-801.5,-55.0,-25.0,64,15.34119138235815,227,-0.45453771988596503
45608,16239,-88.15663913581275,-116.56505117707799,-1270.0,-50.0,-25.0,92,13.049873944267594,271,-0.2557209662813816
45645,15602,-88.30248358394572,-119.05460409907714,-1784.5,-45.0,-25.0,70,12.035470274703359,282,0.6265204670136648
45681,14846,-88.44453175909297,-122.0053832080835,-2134.0,-40.0,-25.0,121,11.146717417878124,292,1.183323217505734
45716,13942,-88.58163991757556,-125.53767779197437,-2381.0,-35.0,-25.0,107,11.669339657288143,305,1.6905424748215012
45750,12849,-88.71222658860746,-129.8055710922652,-2324.0,-30.0,-25.0,159,11.833202719102305,318,1.522568255708209
45781,11520,-88.83409588411895,-135.0,-2122.5,-25.0,-25.0,189,13.609373372133504,344,1.0714772521800453
45809,9896,-88.94422236217099,-141.34019174590992,-1273.0,-20.0,-25.0,208,19.600624178094414,359,-0.5788324849620476
45833,7926,-89.03856022004987,-149.03624346792648,-58.0,-15.0,-25.0,243,30.75902633637714,18,-2.5483449948187675
45852,5581,-89.11206101053479,-158.19859051364818,273.5,-10.0,-25.0,124,19.950212903957993,27,-2.8416022525956928
45864,2895,-89.15924066014537,-168.6900675259798,-98.0,-5.0,-25.0,138,11.188949110368396,23,-1.0568859017209484
45868,92159,-89.17556706945525,180.0,27.5,0.0,-25.0,240,7.2153174801845195,51,-1.4136419666441005
45864,89264,-89.15924066014537,168.6900675259798,155.5,5.0,-25.0,195,6.800057009249214,71,-1.598791778571519
45852,86578,-89.11206101053479,158.19859051364818,19.5,10.0,-25.0,132,10.049667979095565,42,-0.9565613246914979
45833,84233,-89.03856022004987,149.03624346792648,-261.5,15.0,-25.0,244,10.65341482450566,106,1.844094282501801
45809,82263,-88.94422236217099,141.34019174590992,369.0,20.0,-25.0,329,17.565371762030523,98,-2.409559555757395
45781,80639,-88.83409588411895,135.0,1127.5,25.0,-25.0,114,19.856393640295984,106,-2.9793004777655647
45750,79310,-88.71222658860746,129.8055710922652,1074.0,30.0,-25.0,228,7.456987085589917,336,-2.0587888631120856
45716,78217,-88.58163991757556,125.53767779197437,355.5,35.0,-25.0,117,17.784931177056027,345,-1.5418115869650897
45681,77313,-88.44453175909297,122.0053832080835,-538.5,40.0,-25.0,105,22.678181100020375,270,-0.2763658782781936
45645,76557,-88.30248358394572,119.05460409907714,-1546.0,45.0,-25.0,167,12.336900036790414,265,2.2799486203530894
45608,75920,-88.15663913581275,116.56505117707799,-1771.0,50.0,-25.0,165,9.58311686724228,256,3.2328877432003917
45570,75377,-88.00783414911542,114.44395478041653,-1693.0,55.0,-25.0,18,11.68567680177228,224,2.7674022894712538
45531,74910,-87.85668736760378,112.61986494804043,-1056.0,60.0,-25.0,339,22.883774316421174,216,0.5173851293177463
45492,74505,-87.70366341363857,111.03751102542182,-672.5,65.0,-25.0,42,20.759894723835686,193,11.735320974606577
45452,74151,-87.54911616617494,109.6538240580533,12.0,70.0,-25.0,49,6.500106222329226,190,-1.0779152831508738
45412,73839,-87.39331888279462,108.43494882292202,-892.5,75.0,-25.0,181,22.26514208014742,9,0.28558952652337516
45372,73562,-87.23648533193544,107.35402463626133,-1403.5,80.0,-25.0,124,10.27836717434963,21,2.8986748343805546
45332,73315,-87.07878479812982,106.38954033403479,-1396.0,85.0,-25.0,279,9.252236135852721,54,3.8982610524726358
45291,73094,-86.92035287345155,105.52411099675426,-1208.5,90.0,-25.0,308,17.784931177056027,121,2.5356380034560595
45250,72894,-86.76129931861101,104.74356283647074,-296.0,95.0,-25.0,232,10.938451815826477,10,-2.25969577892487
45210,72713,-86.60171386159979,104.03624346792648,-571.5,100.0,-25.0,209,6.008630266094757,19,-2.331928642326522
45169,72548,-86.44167052681864,103.3924977537511,-880.0,105.0,-25.0,208,4.943570243937766,58,-2.4548257460910685
45127,72397,-86.28123090437187,102.80426606528675,-951.5,110.0,-25.0,307,11.914111464130743,79,-2.9242385906467527
45086,72259,-86.1204466459273,102.2647737278924,-1122.0,115.0,-25.0,193,7.349961988580901,75,-2.4190666342165636
45045,72132,-85.95936138971376,101.76828893202065,-1073.0,120.0,-25.0,258,10.751576970876522,13,3.016493548514304
45004,72015,-85.79801225959118,101.30993247402021,-926.5,125.0,-25.0,320,20.160179264950845,89,-2.9392876947978026
44962,71906,-85.63643104305042,100.88552705465874,-773.0,130.0,-25.0,255,8.875020208145335,24,-1.67734855181231
44921,71805,-85.47464512481902,100.4914770123316,-1702.0,135.0,-25.0,105,15.002813201371177,291,-0.4491280782156577
44880,71711,-85.31267823271732,100.12467165539782,-2116.5,140.0,-25.0,96,13.473280906091878,289,-0.11694345702993776
44838,71624,-85.15055103802129,99.7824070318073,-2684.5,145.0,-25.0,89,17.079708534281583,287,0.32214095264498377
44803,21095,-85.01269164306851,-97.59464336859145,-2413.5,-150.0,-20.0,63,7.453230909780871,186,0.4677859379753692
44845,21029,-85.17578614740145,-97.85331330197822,-2453.5,-145.0,-20.0,254,6.951236472844879,179,1.3331589052910846
44886,20958,-85.33879510666145,-98.13010235415598,-2284.0,-140.0,-20.0,292,7.92635945709127,88,-0.30172267189838253
44928,20882,-85.5017063861161,-98.42696902148067,-2413.5,-135.0,-20.0,63,11.684240740598153,194,1.247684124171696
44970,20800,-85.66450613515563,-98.74616226255522,-2406.5,-130.0,-20.0,252,8.307385060154164,10,0.5018336075175128
45011,20712,-85.82717845598492,-99.09027692082232,-2151.5,-125.0,-20.0,105,14.664256299684611,11,-0.09646021865281894
45053,20617,-85.9897049930085,-99.46232220802563,-2135.0,-120.0,-20.0,271,8.76643907795211,144,-0.9112778026283548
45094,20514,-86.15206442002608,-99.86580694308438,-2341.5,-115.0,-20.0,282,9.296492290683059,56,-0.09551735683356492
45136,20401,-86.3142317945572,-100.30484646876603,-2318.5,-110.0,-20.0,293,8.99394524604463,254,0.8121845799824519
45177,20279,-86.47617773772504,-100.78429786756261,-2284.5,-105.0,-20.0,96,10.051561618623552,22,0.21343587791984453
45219,20144,-86.63786738274366,-101.30993247402021,-2273.5,-100.0,-20.0,312,7.739626660671306,4,0.3059347110132883
45260,19996,-86.79925901303795,-101.88865803962798,-2155.0,-95.0,-20.0,213,12.378271269705426,24,1.8760341613439981
45301,19832,-86.9603022791006,-102.52880770915151,-1870.0,-90.0,-20.0,147,8.902753524782542,36,-1.0985330034124718
45342,19650,-87.12093583622989,-103.2405199151872,-1699.5,-85.0,-20.0,124,10.760597963654936,30,-1.211048708198091
45383,19446,-87.28108417516734,-104.03624346792648,-914.5,-80.0,-20.0,199,9.816904960448051,271,-2.005849063339915
45424,19217,-87.4406533112605,-104.93141717813755,-1527.0,-75.0,-20.0,102,30.75902633637714,277,-1.4881206451902862
45465,18957,-87.59952483363872,-105.94539590092286,-1178.5,-70.0,-20.0,237,21.221863400181103,307,-1.618405312974176
45505,18661,-87.75754755825808,-107.10272896905236,-834.5,-65.0,-20.0,211,9.807422953955582,10,-1.456751591381812
45546,18320,-87.91452561711344,-108.43494882292202,-799.0,-60.0,-20.0,137,6.199267492134814,276,-0.3666840336032693
45585,17924,-88.07020114702377,-109.98310652189998,-520.5,-55.0,-20.0,152,12.940848039865477,10,-1.9988281981958294
45625,17458,-88.22422863696782,-111.80140948635182,-451.5,-50.0,-20.0,109,14.095082804143775,268,-1.1691509785796728
45664,16905,-88.37613614716126,-113.96248897457819,-1138.0,-45.0,-20.0,105,15.971009279276212,285,-0.41781540800359307
45702,16239,-88.52526551567479,-116.56505117707799,-1512.5,-40.0,-20.0,86,17.281213665707302,298,0.03209098773144051
45739,15425,-88.67067853966545,-119.74488129694222,-1845.0,-35.0,-20.0,107,16.700713897277808,299,0.4408531097394906
45775,14415,-88.81100807350447,-123.69006752597979,-1868.0,-30.0,-20.0,116,16.013766656799273,311,0.45136196167390275
45809,13143,-88.94422236217099,-128.6598082540901,-1499.0,-25.0,-20.0,163,16.277743822638037,334,-0.2304863958056418
45841,11520,-89.06726512071683,-135.0,-716.0,-20.0,-20.0,171,21.8496504899121,352,-1.4919535565004194
45868,9438,-89.17556706945525,-143.13010235415598,217.0,-15.0,-20.0,254,30.75902633637714,7,-2.8122571232625986
45891,6800,-89.26260222520519,-153.434948822922,1108.0,-10.0,-20.0,136,28.752865324378142,9,-3.4199948422177493
45905,3593,-89.32015143566208,-165.96375653207352,517.0,-5.0,-20.0,93,20.588688548975227,343,-2.0086172449432573
45911,92159,-89.3404495588815,180.0,165.5,0.0,-20.0,207,11.772755096293311,49,-1.6608512824673491
45905,88566,-89.32015143566208,165.96375653207352,358.0,5.0,-20.0,200,13.884536442958122,74,-2.198504210394393
45891,85359,-89.26260222520519,153.434948822922,574.0,10.0,-20.0,197,13.526748355365502,47,-2.035916230725528
45868,82721,-89.17556706945525,143.13010235415598,486.5,15.0,-20.0,53,36.269067504758965,85,-2.0602540196419663
45841,80639,-89.06726512071683,135.0,905.0,20.0,-20.0,168,10.051561618623552,97,-2.428814791335386
45809,79016,-88.94422236217099,128.6598082540901,986.0,25.0,-20.0,347,14.679753941120993,149,2.146193680796173
45775,77744,-88.81100807350447,123.69006752597979,1646.5,30.0,-20.0,30,1.9321556684460477,121,-3.158893470932507
45739,76734,-88.67067853966545,119.74488129694222,550.5,35.0,-20.0,108,23.49681910969433,357,-1.7924770773719403
45702,75920,-88.52526551567479,116.56505117707799,-800.5,40.0,-20.0,129,24.705900224393954,5,0.27690877369606237
45664,75254,-88.37613614716126,113.96248897457819,-1683.5,45.0,-20.0,150,13.413014986326441,21,2.9297210873601616
45625,74701,-88.22422863696782,111.80140948635182,-1707.5,50.0,-20.0,154,9.579969476381685,38,3.7396549400535357
45585,74235,-88.07020114702377,109.98310652189998,-1696.0,55.0,-20.0,285,9.243882574070645,120,3.2471582454217214
45546,73839,-87.91452561711344,108.43494882292202,-981.0,60.0,-20.0,277,19.736225733732084,208,0.799409617688889
45505,73498,-87.75754755825808,107.10272896905236,-317.0,65.0,-20.0,331,13.141695403428809,207,-0.9604585431886219
45465,73202,-87.59952483363872,105.94539590092286,-122.0,70.0,-20.0,142,7.2153174801845195,6,-0.9113718908691242
45424,72942,-87.4406533112605,104.93141717813755,-528.0,75.0,-20.0,236,24.305412437438655,26,-0.9171579174537514
45383,72713,-87.28108417516734,104.03624346792648,-1205.0,80.0,-20.0,227,17.55785505309298,38,1.4232704271989811
45342,72509,-87.12093583622989,103.2405199151872,-1230.5,85.0,-20.0,303,16.913733434326264,63,1.8266809487092905
45301,72327,-86.9603022791006,102.52880770915151,-487.5,90.0,-20.0,327,19.306530159211473,77,-1.2083692089796307
45260,72163,-86.79925901303795,101.88865803962798,86.0,95.0,-20.0,240,6.500106222329226,53,-2.943489037495748
45219,72015,-86.63786738274366,101.30993247402021,-352.5,100.0,-20.0,182,6.529758493758158,58,-2.7971260154820468
45177,71880,-86.47617773772504,100.78429786756261,-644.0,105.0,-20.0,207,4.82719173453016,96,-0.24380684671908717
45136,71758,-86.3142317945572,100.30484646876603,-937.0,110.0,-20.0,99,9.340894764946656,1,1.4796419305683133
45094,71645,-86.15206442002608,99.86580694308438,-1107.0,115.0,-20.0,340,8.03257300380074,38,1.8180311828481905
45053,71542,-85.9897049930085,99.46232220802563,-516.5,120.0,-20.0,80,5.301724394802256,307,-0.4433573010227187
45011,71447,-85.82717845598492,99.09027692082232,-340.5,125.0,-20.0,31,3.380092910684293,119,-1.7119880423427436
44970,71359,-85.66450613515563,98.74616226255522,-1983.0,130.0,-20.0,153,23.90238008745501,297,-0.23704567979674965
44928,71277,-85.5017063861161,98.42696902148067,-2128.0,135.0,-20.0,129,12.377155240687685,295,-0.04862311239918632
44886,71201,-85.33879510666145,98.13010235415598,-2909.5,140.0,-20.0,106,17.784931177056027,293,0.5419473598834864
44845,71130,-85.17578614740145,97.85331330197822,-3632.0,145.0,-20.0,97,13.706497802938161,292,1.2047131020999324
44803,71064,-85.01269164306851,97.59464336859145,-3729.5,150.0,-20.0,118,11.405578722930887,292,1.5675704290800363
44808,21578,-85.03176053538863,-95.71059313749964,-2073.0,-150.0,-15.0,109,8.234802460893516,200,-0.3901205110038962
44850,21528,-85.19550552537916,-95.9061411137705,-2291.0,-145.0,-15.0,67,10.753462112801339,211,0.20944462350606868
44891,21474,-85.35921029485304,-96.11550356628541,-2490.5,-140.0,-15.0,248,16.45965788027016,86,0.39174414532649526
44933,21416,-85.5228675835834,-96.3401917459099,-2113.5,-135.0,-15.0,249,11.219601244106984,77,-0.07121341763014717
44975,21355,-85.68646913340183,-96.58194465517802,-2352.0,-130.0,-15.0,96,19.946761343363033,188,1.1456051764563409
45017,21288,-85.85000549260391,-96.84277341263095,-2277.0,-125.0,-15.0,243,9.816904960448051,153,-0.07792758924273512
45059,21215,-86.01346577263308,-97.1250163489018,-2498.5,-120.0,-15.0,230,9.110965561802413,54,1.3726845108215486
45101,21137,-86.17683734294638,-97.4314079711725,-2457.5,-115.0,-15.0,14,9.581915245891475,75,1.1765585132563285
45143,21052,-86.34010544502242,-97.76516601842535,-2379.0,-110.0,-15.0,289,7.604785272551118,27,0.29728213430973244
45184,20958,-86.50325269949805,-98.13010235415598,-2294.0,-105.0,-15.0,252,10.762303076035627,340,1.05728110087094
45226,20856,-86.66625847045609,-98.53076560994813,-2194.5,-100.0,-15.0,6,7.61503884939031,76,1.4488691245383016
45268,20743,-86.82909803644073,-98.9726266148964,-1851.0,-95.0,-15.0,57,17.784931177056027,269,-0.6927046726839533
45309,20617,-86.99174149651624,-99.46232220802563,-2116.5,-90.0,-15.0,120,17.521837214265396,344,0.11166021772591313
45351,20477,-87.15415230786788,-100.00797980144135,-1212.0,-85.0,-15.0,123,22.883774316421174,4,-1.6749658457709085
45392,20321,-87.31628530297361,-100.61965527615514,-703.0,-80.0,-15.0,114,16.236964909352732,292,-2.0941623549112824
45434,20144,-87.47808395908947,-101.30993247402021,-601.5,-75.0,-15.0,64,16.90350809570642,274,-2.2778957288365063
45475,19943,-87.63947657336776,-102.0947570770121,-434.0,-70.0,-15.0,132,16.013766656799273,278,-2.4124514355022995
45516,19713,-87.8003708031157,-102.9946167919165,-651.5,-65.0,-15.0,155,12.624577589842142,296,-1.065173969187832
45557,19446,-87.96064570827723,-104.03624346792648,-463.0,-60.0,-15.0,127,9.697553590614115,312,-2.2879183930035687
45598,19134,-88.12013988227137,-105.25511870305779,-139.5,-55.0,-15.0,129,9.344698067419433,292,-2.450260240960717
45639,18764,-88.27863328840705,-106.69924423399362,144.0,-50.0,-15.0,193,10.753462112801339,299,-2.8581151762925483
45679,18320,-88.43581866250304,-108.43494882292202,-31.0,-45.0,-15.0,178,16.86549236684325,312,-2.580290695061562
45719,17777,-88.59125505685799,-110.55604521958347,-144.5,-40.0,-15.0,83,14.43766785823724,321,-2.2761907599181677
45758,17101,-88.74428976995713,-113.19859051364818,-419.5,-35.0,-15.0,125,18.440361227305228,307,-1.8399326983681734
45796,16239,-88.89392242153258,-116.56505117707799,-791.0,-30.0,-15.0,73,18.218905919564655,316,-1.3793070116669983
45833,15113,-89.03856022004987,-120.96375653207352,-602.0,-25.0,-15.0,223,21.534745642906813,331,-1.4881388552819932
45868,13601,-89.17556706945525,-126.86989764584402,287.0,-20.0,-15.0,122,24.905185254276557,337,-2.8120430919726616
45900,11520,-89.30044208143157,-135.0,1291.0,-15.0,-15.0,184,19.950212903957993,347,-3.573995878710882
45927,8624,-89.40548803552979,-146.30993247402023,1600.0,-10.0,-15.0,122,10.519847242351,353,-2.689177501540565
45946,4719,-89.47857743439259,-161.565051177078,1177.0,-5.0,-15.0,122,11.219601244106984,336,-2.4190666342165636
45953,92159,-89.50533477938205,180.0,1071.0,0.0,-15.0,195,41.07551450359805,40,-3.2517405007921867
45946,87440,-89.47857743439259,161.565051177078,621.5,5.0,-15.0,59,36.918785778907356,237,0.5326950588096627
45927,83535,-89.40548803552979,146.30993247402023,304.0,10.0,-15.0,35,39.168037791817426,218,1.6670243004132603
45900,80639,-89.30044208143157,135.0,1217.5,15.0,-15.0,224,13.983109661074817,92,-2.86720233018735
45868,78558,-89.17556706945525,126.86989764584402,1066.5,20.0,-15.0,132,5.063780280787615,239,-2.211304447562652
45833,77046,-89.03856022004987,120.96375653207352,1010.0,25.0,-15.0,66,14.43766785823724,243,-2.180976996526258
45796,75920,-88.89392242153258,116.56505117707799,927.5,30.0,-15.0,89,16.084615565902066,245,-2.141982765165041
45758,75058,-88.74428976995713,113.19859051364818,444.0,35.0,-15.0,141,18.053326251594545,246,-1.9230319512526173
45719,74382,-88.59125505685799,110.55604521958347,-359.0,40.0,-15.0,155,14.549190374129882,295,-0.4642096514076556
45679,73839,-88.43581866250304,108.43494882292202,-1350.5,45.0,-15.0,192,16.482135417100604,34,1.6285514928600358
45639,73395,-88.27863328840705,106.69924423399362,-1657.0,50.0,-15.0,261,10.410375955984854,51,2.6016440176771023
45598,73025,-88.12013988227137,105.25511870305779,-1413.0,55.0,-15.0,343,18.002185588086462,67,2.039702167910325
45557,72713,-87.96064570827723,104.03624346792648,-587.5,60.0,-15.0,250,6.738747264233427,81,0.2200906137722674
45516,72446,-87.8003708031157,102.9946167919165,-585.0,65.0,-15.0,310,24.10095855031244,132,0.22470023593375268
45475,72216,-87.63947657336776,102.0947570770121,-42.0,70.0,-15.0,309,4.839972591944158,25,-0.27489894781063234
45434,72015,-87.47808395908947,101.30993247402021,157.0,75.0,-15.0,75,4.821782288005308,315,0.4076147113298567
45392,71838,-87.31628530297361,100.61965527615514,65.5,80.0,-15.0,241,25.89195466097947,50,-2.525030463678032
45351,71682,-87.15415230786788,100.00797980144135,55.0,85.0,-15.0,251,10.517959211340138,64,-2.6739485548027924
45309,71542,-86.99174149651624,99.46232220802563,331.0,90.0,-15.0,340,2.6368241373859482,74,-3.579945221194178
45268,71416,-86.82909803644073,98.9726266148964,194.5,95.0,-15.0,195,7.052721602757273,27,-2.855083746667144
45226,71303,-86.66625847045609,98.53076560994813,-228.5,100.0,-15.0,187,10.051561618623552,55,-2.6248184327622015
45184,71201,-86.50325269949805,98.13010235415598,-600.5,105.0,-15.0,203,8.865486778979964,33,-1.920098483244394
45143,71107,-86.34010544502242,97.76516601842535,-953.5,110.0,-15.0,118,7.92635945709127,31,0.48174590881467844
45101,71022,-86.17683734294638,97.4314079711725,-764.5,115.0,-15.0,312,15.001437457056653,85,-2.0843752421008617
45059,70944,-86.01346577263308,97.1250163489018,-616.0,120.0,-15.0,228,5.10486115295147,61,0.39359396586053663
45017,70871,-85.85000549260391,96.84277341263095,-1433.5,125.0,-15.0,133,30.93729082680571,13,-0.910386068578795
44975,70804,-85.68646913340183,96.58194465517802,-2396.0,130.0,-15.0,138,16.956334592524705,301,0.1466392567492322
44933,70743,-85.5228675835834,96.3401917459099,-2635.0,135.0,-15.0,158,20.80034024220414,299,0.41579047680539893
44891,70685,-85.35921029485304,96.11550356628541,-3292.5,140.0,-15.0,121,11.07038709573087,296,0.9398573492708575
44850,70631,-85.19550552537916,95.9061411137705,-3725.5,145.0,-15.0,141,9.500308200329554,293,1.373816471023346
44808,70581,-85.03176053538863,95.71059313749964,-3726.5,150.0,-15.0,111,8.034417438607912,279,1.6446637065533898
44811,22063,-85.04542633227092,-93.81407483429037,-1751.0,-150.0,-10.0,47,11.684240740598153,158,-1.4731735448326007
44853,22030,-85.2096407277125,-93.94518622903756,-2547.0,-145.0,-10.0,290,14.322366312066164,143,-0.25038586302275545
44895,21994,-85.37384797270819,-94.08561677997488,-2591.5,-140.0,-10.0,228,12.608807654448128,83,0.9002094516478693
44937,21955,-85.53804441978242,-94.23639479905884,-2134.5,-135.0,-10.0,264,5.436497196458458,144,-0.7104529497142852
44979,21913,-85.70222596695993,-94.39870535499554,-2519.0,-130.0,-10.0,226,10.368651568729462,55,1.2428244045231178
45021,21869,-85.86638796776776,-94.57392125990086,-2323.0,-125.0,-10.0,17,15.116023594011255,223,-0.24333640848943267
45063,21820,-86.03052511897671,-94.76364169072617,-2530.5,-120.0,-10.0,269,6.771079172660178,47,0.2039408767236394
45105,21767,-86.19463131939654,-94.96974072811031,-2501.5,-115.0,-10.0,136,11.914111464130743,20,1.2012874104143019
45147,21710,-86.35869949064657,-95.1944289077348,-2390.0,-110.0,-10.0,256,10.285878072991544,26,-0.3679449881730636
45189,21647,-86.52272134742442,-95.44033203100551,-2277.0,-105.0,-10.0,251,8.964743445892621,23,-0.4540146236826385
45231,21578,-86.68668709989919,-95.71059313749964,-2336.0,-100.0,-10.0,168,8.109526976665318,67,2.0509864077715205
45273,21501,-86.85058506369197,-96.00900595749452,-1737.0,-95.0,-10.0,123,17.565371762030523,355,-1.1755971973508648
45315,21416,-87.01440114225113,-96.3401917459099,-1190.5,-90.0,-10.0,242,24.705900224393954,356,-1.6305379728640248
45357,21322,-87.17811813029034,-96.70983680775694,-631.5,-85.0,-10.0,152,24.705900224393954,356,-2.010354064481716
45399,21215,-87.34171476201936,-97.1250163489018,169.0,-80.0,-10.0,86,13.4105337787381,284,-2.8531645547771185
45441,21095,-87.50516438852029,-97.59464336859145,-139.0,-75.0,-10.0,139,8.402225481214073,293,-2.5473043751261475
45483,20958,-87.66843310492295,-98.13010235415598,-636.0,-70.0,-10.0,304,14.39872388491354,213,3.606444905751539
45524,20800,-87.83147704221777,-98.74616226255522,-153.5,-65.0,-10.0,158,6.896551017659067,308,-1.376520720327845
45566,20617,-87.9942383574632,-99.46232220802563,211.5,-60.0,-10.0,126,12.378271269705426,299,-2.8448131530618674
45608,20401,-88.15663913581275,-100.30484646876603,-791.0,-55.0,-10.0,276,34.69244246411642,91,2.0365142129609897
45649,20144,-88.31857182956591,-101.30993247402021,-869.5,-50.0,-10.0,261,23.08874665342278,79,1.9305737048767182
45690,19832,-88.47988373280924,-102.52880770915151,-1000.0,-45.0,-10.0,287,13.9794314299514,70,1.8872800158343543
45731,19446,-88.64035072669904,-104.03624346792648,-638.0,-40.0,-10.0,262,16.013766656799273,62,0.7496169140799505
45772,18957,-88.79963072947038,-105.94539590092286,236.5,-35.0,-10.0,169,11.639280963818432,42,-1.1250056896338039
45813,18320,-88.95717645995747,-108.43494882292202,522.5,-30.0,-10.0,120,17.783160254375662,310,-3.087516643591498
45852,17458,-89.11206101053479,-111.80140948635182,761.5,-25.0,-10.0,120,27.24613894169708,318,-3.2925581410530698
45891,16239,-89.26260222520519,-116.56505117707799,1371.0,-20.0,-10.0,128,19.62728356118784,324,-3.649209347702236
45927,14415,-89.40548803552979,-123.69006752597979,1130.5,-15.0,-10.0,252,11.82313309417263,171,-1.5095840090693993
45960,11520,-89.53362483556982,-135.0,1549.0,-10.0,-10.0,308,26.282128443435415,154,-2.3678879129031123
45985,6800,-89.63129729566798,-153.434948822922,1258.5,-5.0,-10.0,214,31.992979396481253,330,9.693758135506691
45995,92159,-89.6702220482477,180.0,556.0,0.0,-10.0,55,40.17105052732571,238,0.7158969225503208
45985,85359,-89.63129729566798,153.434948822922,-1861.0,5.0,-10.0,52,36.608351873655835,255,10.55285238417627
45960,80639,-89.53362483556982,135.0,-2409.0,10.0,-10.0,339,31.81868393730401,180,14.188083361876842
45927,77744,-89.40548803552979,123.69006752597979,-291.5,15.0,-10.0,325,45.131598492402595,180,4.504117495351684
45891,75920,-89.26260222520519,116.56505117707799,779.0,20.0,-10.0,147,20.80034024220414,344,-1.831902252896593
45852,74701,-89.11206101053479,111.80140948635182,309.0,25.0,-10.0,61,8.21283503868173,252,-1.7693307826515223
45813,73839,-88.95717645995747,108.43494882292202,145.5,30.0,-10.0,87,9.855481110864876,253,-1.6898021311335434
45772,73202,-88.79963072947038,105.94539590092286,-211.0,35.0,-10.0,105,9.910697185565288,251,-0.06148187556183124
45731,72713,-88.64035072669904,104.03624346792648,-428.0,40.0,-10.0,125,8.293761132384049,0,0.1791794455441563
45690,72327,-88.47988373280924,102.52880770915151,-506.0,45.0,-10.0,134,6.599524983530559,62,-0.16687616170829833
45649,72015,-88.31857182956591,101.30993247402021,-830.0,50.0,-10.0,142,6.020198066045712,70,0.3412120403861742
45608,71758,-88.15663913581275,100.30484646876603,-717.0,55.0,-10.0,316,8.4766927910067,74,0.21571118680812548
45566,71542,-87.9942383574632,99.46232220802563,-255.0,60.0,-10.0,27,6.500106222329226,205,-1.0869120033558786
45524,71359,-87.83147704221777,98.74616226255522,-98.5,65.0,-10.0,341,9.110965561802413,182,0.8808735913864005
45483,71201,-87.66843310492295,98.13010235415598,314.5,70.0,-10.0,239,6.814391298754636,52,-2.0054753046236313
45441,71064,-87.50516438852029,97.59464336859145,-393.0,75.0,-10.0,133,21.416495674413838,245,-0.7664111162664112
45399,70944,-87.34171476201936,97.1250163489018,-725.0,80.0,-10.0,105,20.215711780457728,238,-0.22310797359557424
45357,70837,-87.17811813029034,96.70983680775694,-694.0,85.0,-10.0,87,17.565371762030523,231,-0.3436510674399266
45315,70743,-87.01440114225113,96.3401917459099,-187.5,90.0,-10.0,28,30.93729082680571,225,-1.1804659705960496
45273,70658,-86.85058506369197,96.00900595749452,230.0,95.0,-10.0,37,16.013766656799273,220,-1.7583771401427029
45231,70581,-86.68668709989919,95.71059313749964,50.5,100.0,-10.0,220,9.346599687499832,65,-3.084503011361709
45189,70512,-86.52272134742442,95.44033203100551,-384.0,105.0,-10.0,146,20.16362145164265,4,1.2841316088991133
45147,70449,-86.35869949064657,95.1944289077348,-476.0,110.0,-10.0,261,11.91598133482619,66,-2.538342366140639
45105,70392,-86.19463131939654,94.96974072811031,-193.5,115.0,-10.0,310,13.973913862825585,89,-3.373257331986297
45063,70339,-86.03052511897671,94.76364169072617,-799.5,120.0,-10.0,111,28.939921910919917,18,-1.5480095126413733
45021,70290,-85.86638796776776,94.57392125990086,-1632.0,125.0,-10.0,166,18.655987548778697,20,-0.7943481453480787
44979,70246,-85.70222596695993,94.39870535499554,-2282.0,130.0,-10.0,134,10.383401734454909,22,-0.08921318479056867
44937,70204,-85.53804441978242,94.23639479905884,-3148.5,135.0,-10.0,139,21.288493842439426,303,0.9176649410489288
44895,70165,-85.37384797270819,94.08561677997488,-3677.5,140.0,-10.0,142,10.375918403930081,7,1.6531198668364917
44853,70129,-85.2096407277125,93.94518622903756,-3761.5,145.0,-10.0,149,8.49723926536708,297,1.5981407452281162
44811,70096,-85.04542633227092,93.81407483429037,-3722.5,150.0,-10.0,149,6.863452939152017,282,1.9155159097843215
44813,22551,-85.05364402384438,-91.90915243299638,-1900.5,-150.0,-5.0,322,21.011399599504742,156,-1.3076181843563914
44855,22534,-85.21814199907055,-91.97493401088198,-2536.0,-145.0,-5.0,43,11.968247741085579,160,-0.11992250001213225
44897,22516,-85.3826529502745,-92.04540848888723,-2815.5,-140.0,-5.0,210,10.259909779814858,275,2.3539774931504356
44940,22496,-85.5471754517289,-92.12109639666146,-2345.0,-135.0,-5.0,322,8.875020208145335,150,-0.4686527196236899
44982,22476,-85.71170796208314,-92.2025981617658,-2608.5,-130.0,-5.0,254,5.591987144030479,41,0.41559778937474817
45024,22453,-85.8762488013998,-92.29061004263853,-2571.5,-125.0,-5.0,261,5.722285117266265,42,0.26172551243713044
45066,22429,-86.04079612246191,-92.38594403038883,-2561.0,-120.0,-5.0,149,6.955557309530972,41,0.2863289419190802
45108,22402,-86.20534787461253,-92.48955292199916,-2386.5,-115.0,-5.0,237,11.684240740598153,21,-0.17837812746708626
45150,22373,-86.36990175775975,-92.6025622024998,-2285.5,-110.0,-5.0,76,7.453230909780871,346,0.09126104189619381
45192,22342,-86.53445516328118,-92.72631099390628,-2392.0,-105.0,-5.0,22,8.165391089803649,113,0.41305365616804746
45234,22307,-86.69900509726281,-92.86240522611175,-2121.0,-100.0,-5.0,217,9.816904960448051,353,-0.5893975629719624
45277,22268,-86.86354807959435,-93.01278750418334,-2103.0,-95.0,-5.0,240,15.637327189675553,5,-0.034819171214930535
45319,22225,-87.02808000958088,-93.17983011986423,-1496.0,-90.0,-5.0,205,11.716755826959005,333,0.059033083847649145
45361,22178,-87.19259598436352,-93.3664606634298,-791.5,-85.0,-5.0,189,15.740532185409842,332,-0.551969608498123
45403,22124,-87.35709004963678,-93.57633437499736,227.5,-80.0,-5.0,318,7.92635945709127,69,-2.3317288943240038
45445,22063,-87.52155485129832,-93.81407483429037,81.0,-75.0,-5.0,346,4.253846510305478,58,-1.4639856731548004
45487,21994,-87.68598113890768,-94.08561677997488,-152.0,-70.0,-5.0,288,4.941834069117641,61,-1.8676488768627608
45529,21913,-87.85035704191449,-94.39870535499554,-256.0,-65.0,-5.0,190,11.041355774023677,41,-0.850336989011994
45571,21820,-88.01466698755613,-94.76364169072617,298.5,-60.0,-5.0,339,23.293095696619716,215,-1.4129359757604691
45613,21710,-88.17889003531414,-95.1944289077348,-2116.5,-55.0,-5.0,27,31.46811115683642,160,5.64927270760528
45655,21578,-88.34299722571284,-95.71059313749964,-2291.0,-50.0,-5.0,275,16.198784680045804,89,7.083333954020376
45697,21416,-88.50694719083492,-96.3401917459099,-1530.0,-45.0,-5.0,237,31.81868393730401,56,3.8371167759126936
45739,21215,-88.67067853966545,-97.1250163489018,-1191.0,-40.0,-5.0,175,15.532097290365378,47,2.2940330770272954
45781,20958,-88.83409588411895,-98.13010235415598,-228.5,-35.0,-5.0,171,33.024914963072135,25,-0.18393708377937187
45823,20617,-88.9970423584337,-99.46232220802563,1448.0,-30.0,-5.0,116,6.416651001705373,300,-3.6887917054114205
45864,20144,-89.15924066014537,-101.30993247402021,995.5,-25.0,-5.0,247,7.2153174801845195,126,-1.9652332453327492
45905,19446,-89.32015143566208,-104.03624346792648,808.5,-20.0,-5.0,211,18.440361227305228,127,-1.877888869610127
45946,18320,-89.47857743439259,-108.43494882292202,665.0,-15.0,-5.0,305,28.568149234987846,129,-1.7563514380806302
45985,16239,-89.63129729566798,-116.56505117707799,760.5,-10.0,-5.0,352,12.147327016307285,136,-1.7861083375232645
46020,11520,-89.76681145215035,-135.0,1114.5,-5.0,-5.0,246,19.09082928208303,98,-2.1199453198750517
46037,92159,-89.83511068271835,180.0,215.5,0.0,-5.0,103,34.36413931476853,256,2.0273844272756225
46020,80639,-89.76681145215035,135.0,-2546.0,5.0,-5.0,153,33.024914963072135,350,14.774387212897848
45985,75920,-89.63129729566798,116.56505117707799,-2812.5,10.0,-5.0,288,27.437027850421828,99,17.577286591018108
45946,73839,-89.47857743439259,108.43494882292202,-558.5,15.0,-5.0,301,41.95791807375004,127,6.010944150611317
45905,72713,-89.32015143566208,104.03624346792648,776.0,20.0,-5.0,93,25.301828926879224,2,-1.8331682348432798
45864,72015,-89.15924066014537,101.30993247402021,30.0,25.0,-5.0,168,10.103173851011174,267,-1.1263888926805932
45823,71542,-88.9970423584337,99.46232220802563,-255.5,30.0,-5.0,146,19.52166357833413,263,-1.3516002613974554
45781,71201,-88.83409588411895,98.13010235415598,-373.5,35.0,-5.0,102,7.314988996882684,316,-0.13234131390335113
45739,70944,-88.67067853966545,97.1250163489018,-411.0,40.0,-5.0,284,8.240541548386455,211,-0.7433559428214559
45697,70743,-88.50694719083492,96.3401917459099,-549.0,45.0,-5.0,103,13.297906328795719,313,0.023726869397856086
45655,70581,-88.34299722571284,95.71059313749964,-898.5,50.0,-5.0,81,8.875020208145335,255,1.5552621575781769
45613,70449,-88.17889003531414,95.1944289077348,-639.5,55.0,-5.0,346,22.674855442909767,205,0.05228959264257162
45571,70339,-88.01466698755613,94.76364169072617,4.5,60.0,-5.0,341,7.80386324380753,230,-1.750147142746213
45529,70246,-87.85035704191449,94.39870535499554,407.5,65.0,-5.0,344,5.531745451860693,199,-1.8851319122225345
45487,70165,-87.68598113890768,94.08561677997488,65.0,70.0,-5.0,118,23.699914633887627,250,-1.532536214993265
45445,70096,-87.52155485129832,93.81407483429037,-1294.0,75.0,-5.0,155,18.938823312918863,254,1.163640665608291
45403,70035,-87.35709004963678,93.57633437499736,-1707.5,80.0,-5.0,100,13.999958055853925,249,1.664787980819951
45361,69981,-87.19259598436352,93.3664606634298,-1706.0,85.0,-5.0,82,14.674782752926093,242,1.4295980370192074
45319,69934,-87.02808000958088,93.17983011986423,-1269.5,90.0,-5.0,62,19.736225733732084,235,0.5777285809363176
45277,69891,-86.86354807959435,93.01278750418334,-193.5,95.0,-5.0,76,29.857761289072908,217,-1.1698646315657855
45234,69852,-86.69900509726281,92.86240522611175,461.5,100.0,-5.0,254,10.338732647574451,77,-3.5072851040682793
45192,69817,-86.53445516328118,92.72631099390628,321.0,105.0,-5.0,244,5.3290601215397375,79,-3.4180043131607336
45150,69786,-86.36990175775975,92.6025622024998,267.5,110.0,-5.0,314,8.638771027495324,90,-3.5845586315218
45108,69757,-86.20534787461253,92.48955292199916,162.5,115.0,-5.0,229,33.194604343683885,44,-2.6924556492255736
45066,69730,-86.04079612246191,92.38594403038883,-514.0,120.0,-5.0,218,22.882116511959744,49,-1.953049947931686
45024,69706,-85.8762488013998,92.29061004263853,-1544.5,125.0,-5.0,195,14.520942648219334,26,-0.9137509306761084
44982,69683,-85.71170796208314,92.2025981617658,-2457.0,130.0,-5.0,191,12.799841621380871,28,-0.001735006171022827
44940,69663,-85.5471754517289,92.12109639666146,-3333.5,135.0,-5.0,189,16.681840578121154,20,1.045217487340468
44897,69643,-85.3826529502745,92.04540848888723,-3698.5,140.0,-5.0,93,12.147327016307285,13,1.6127271162335939
44855,69625,-85.21814199907055,91.97493401088198,-3773.5,145.0,-5.0,191,8.36228438669034,301,1.8385447298876008
44813,69608,-85.05364402384438,91.90915243299638,-3737.0,150.0,-5.0,189,6.880770951407096,298,1.969894339504864
44814,23040,-85.05638630507269,-90.0,-2424.0,-150.0,0.0,293,10.117789555460824,160,-0.7082872400226943
44856,23040,-85.22097913242797,-90.0,-2503.5,-145.0,0.0,320,7.20157778357974,151,-0.24380684671908717
44898,23040,-85.38559169260229,-90.0,-2636.5,-140.0,0.0,265,6.3370271197224834,163,0.07564945098609131
44940,23040,-85.5502233096437,-90.0,-2649.5,-135.0,0.0,262,4.727376378383512,149,0.12332502551287768
44983,23040,-85.71487330712905,-90.0,-2642.0,-130.0,0.0,254,4.920338037876315,19,0.5198875274710688
45025,23040,-85.8795410081806,-90.0,-2621.5,-125.0,0.0,178,5.116554159947745,18,0.33943975167949314
45067,23040,-86.04422573548253,-90.0,-2542.0,-120.0,0.0,224,10.98671573878638,17,0.12437775558210645
45109,23040,-86.20892681129767,-90.0,-1750.5,-115.0,0.0,122,15.790068198055893,338,-0.8768606072848135
45151,23040,-86.37364355748412,-90.0,-2054.5,-110.0,0.0,13,8.99112591530171,145,-0.6204331084362976
45193,23040,-86.53837529551186,-90.0,-2314.0,-105.0,0.0,11,8.402225481214073,139,-0.1698471751795813
45235,23040,-86.7031213464795,-90.0,-2412.0,-100.0,0.0,201,7.460161891938621,141,1.2051919379289164
45278,23040,-86.86788103113106,-90.0,-2398.0,-95.0,0.0,206,9.748899226312927,103,0.5601720266620343
45320,23040,-87.03265366987262,-90.0,-1762.5,-90.0,0.0,219,21.640991860702652,345,-1.182663132625387
45362,23040,-87.19743858278908,-90.0,-1012.5,-85.0,0.0,182,16.899932019404915,344,-1.857688312963667
45404,23040,-87.36223508966107,-90.0,-392.0,-80.0,0.0,256,10.519847242351,12,-1.9413313575941182
45446,23040,-87.52704250998163,-90.0,-272.5,-75.0,0.0,338,11.452111822902118,95,-1.800344184553266
45489,23040,-87.69186016297304,-90.0,-599.0,-70.0,0.0,298,8.638771027495324,99,-0.557888087101644
45531,23040,-87.85668736760378,-90.0,-477.5,-65.0,0.0,226,28.38127055509548,20,-2.052803265789095
45573,23040,-88.02152344260521,-90.0,53.5,-60.0,0.0,301,23.90238008745501,219,-0.8398412606138363
45615,23040,-88.1863677064886,-90.0,-1777.0,-55.0,0.0,33,26.476238407302617,212,4.579163722480081
45657,23040,-88.35121947756187,-90.0,-2307.5,-50.0,0.0,96,15.732179541159926,234,7.49208766439605
45700,23040,-88.5160780739466,-90.0,-1181.0,-45.0,0.0,153,20.588688548975227,38,3.5096874611803996
45742,23040,-88.6809428135949,-90.0,-1146.5,-40.0,0.0,187,15.0162711329226,7,2.464517042454353
45784,23040,-88.84581301430629,-90.0,-307.5,-35.0,0.0,193,23.08874665342278,6,0.014806913985094698
45826,23040,-89.01068799374467,-90.0,1368.0,-30.0,0.0,242,18.657740799032744,5,-3.164237928767187
45868,23040,-89.17556706945525,-90.0,294.5,-25.0,0.0,247,26.282128443435415,121,-0.5711250085364096
45911,23040,-89.3404495588815,-90.0,-76.5,-20.0,0.0,279,26.476238407302617,113,-1.3264430460942176
45953,23040,-89.50533477938205,-90.0,-1195.5,-15.0,0.0,280,21.034375538476386,115,4.519664123908934
45995,23040,-89.6702220482477,-90.0,-324.5,-10.0,0.0,237,30.93729082680571,63,-0.9719188363906112
46037,23040,-89.83511068271835,-90.0,100.5,-5.0,0.0,212,20.27568043497396,51,-1.4001172401821076
46079,46080,-90.0,0.0,1274.0,0.0,0.0,181,19.950212903957993,1,-1.5745814750639788
46037,69119,-89.83511068271835,90.0,-400.5,5.0,0.0,240,38.28490051117129,71,4.376096410303847
45995,69119,-89.6702220482477,90.0,-776.5,10.0,0.0,293,33.782015114152124,95,5.808755197120337
45953,69119,-89.50533477938205,90.0,821.5,15.0,0.0,300,26.86249863999974,107,0.3607478454093105
45911,69119,-89.3404495588815,90.0,122.5,20.0,0.0,150,22.678181100020375,277,-1.504468030456861
45868,69119,-89.17556706945525,90.0,-539.5,25.0,0.0,134,13.607564063399845,274,-1.1312001485953413
45826,69119,-89.01068799374467,90.0,-638.0,30.0,0.0,74,8.477092054749276,265,-0.7621440705246996
45784,69119,-88.84581301430629,90.0,-567.0,35.0,0.0,123,6.500106222329226,262,-0.7234749081196873
45742,69119,-88.6809428135949,90.0,-322.5,40.0,0.0,175,10.753462112801339,57,-0.4563943797704888
45700,69119,-88.5160780739466,90.0,-705.5,45.0,0.0,207,8.875020208145335,65,0.12951483617739096
45657,69119,-88.35121947756187,90.0,-811.5,50.0,0.0,276,5.687430708210291,88,0.5121926746071656
45615,69119,-88.1863677064886,90.0,-580.5,55.0,0.0,16,12.374544467757218,192,-0.014429709663203437
45573,69119,-88.02152344260521,90.0,-287.0,60.0,0.0,14,11.016387228683525,229,-1.347985305970053
45531,69119,-87.85668736760378,90.0,34.5,65.0,0.0,191,7.928275431623314,253,-1.2689497350728163
45489,69119,-87.69186016297304,90.0,-802.5,70.0,0.0,131,15.047098418724294,258,0.46376735074194103
45446,69119,-87.52704250998163,90.0,-1945.0,75.0,0.0,95,27.24613894169708,267,3.0252437636360057
45404,69119,-87.36223508966107,90.0,-2737.5,80.0,0.0,146,14.577175303899597,255,4.004483853633153
45362,69119,-87.19743858278908,90.0,-2715.0,85.0,0.0,32,13.423605883901752,245,3.6801756548230853
45320,69119,-87.03265366987262,90.0,-2506.5,90.0,0.0,47,23.293095696619716,237,2.9371643265818053
45278,69119,-86.86788103113106,90.0,-1254.5,95.0,0.0,34,18.83305721014668,214,0.5614196267145128
45235,69119,-86.7031213464795,90.0,133.0,100.0,0.0,1,22.678181100020375,210,-1.6566212660026214
45193,69119,-86.53837529551186,90.0,675.0,105.0,0.0,96,6.139791294830387,22,-1.8992037999648326
45151,69119,-86.37364355748412,90.0,287.0,110.0,0.0,118,16.90350809570642,224,0.6648286228437476
45109,69119,-86.20892681129767,90.0,251.0,115.0,0.0,40,5.295914991700056,212,0.9191193075945759
45067,69119,-86.04422573548253,90.0,-94.0,120.0,0.0,160,29.12481514956709,55,-2.4334144873528483
45025,69119,-85.8795410081806,90.0,-1465.0,125.0,0.0,191,16.457072447462807,32,-1.0279667843287426
44983,69119,-85.71487330712905,90.0,-2540.5,130.0,0.0,180,16.42040924520724,34,-0.015805626602443255
44940,69119,-85.5502233096437,90.0,-3664.0,135.0,0.0,183,13.737745362834323,26,1.2322157475925861
44898,69119,-85.38559169260229,90.0,-3780.5,140.0,0.0,182,10.754544103047486,37,1.5751783642036432
44856,69119,-85.22097913242797,90.0,-3817.5,145.0,0.0,89,16.236964909352732,285,3.0584359358981295
44814,69119,-85.05638630507269,90.0,-3773.5,150.0,0.0,60,14.890376736044576,302,2.2903945892111075
44813,23528,-85.05364402384438,-88.09084756700362,-2670.0,-150.0,5.0,281,6.855734403927449,166,-0.15103859928576913
44855,23545,-85.21814199907055,-88.02506598911803,-2748.0,-145.0,5.0,301,6.090130366045255,161,0.31076328760648186
44897,23563,-85.3826529502745,-87.95459151111278,-2751.5,-140.0,5.0,316,4.799711034858936,151,0.7239570384239673
44940,23583,-85.5471754517289,-87.87890360333854,-2675.5,-135.0,5.0,260,4.242229323405929,153,0.619220772706487
44982,23603,-85.71170796208314,-87.7974018382342,-2656.0,-130.0,5.0,253,4.35319963871605,209,1.4430134804564203
45024,23626,-85.8762488013998,-87.70938995736148,-2617.0,-125.0,5.0,199,4.6839632727738625,240,0.3107517939719798
45066,23650,-86.04079612246191,-87.61405596961119,-2560.5,-120.0,5.0,205,8.592948033748428,11,0.1583307915618717
45108,23677,-86.20534787461253,-87.51044707800085,-2205.0,-115.0,5.0,238,8.818264829754204,10,-0.20709441570770293
45150,23706,-86.36990175775975,-87.39743779750019,-2252.0,-110.0,5.0,306,8.17596260865017,24,-0.2036061680343926
45192,23737,-86.53445516328118,-87.27368900609373,-2348.5,-105.0,5.0,205,5.3351532565439514,143,0.2340413915557752
45234,23772,-86.69900509726281,-87.13759477388825,-2390.0,-100.0,5.0,210,6.591895972374337,139,0.32421530999609055
45277,23811,-86.86354807959435,-86.98721249581666,-2397.0,-95.0,5.0,213,8.351640836757278,317,0.41833378377136277
45319,23854,-87.02808000958088,-86.82016988013577,-1794.5,-90.0,5.0,212,17.784931177056027,334,-1.1131712601332624
45361,23901,-87.19259598436352,-86.63353933657021,-1441.5,-85.0,5.0,208,11.050235856364978,84,-0.725606486956979
45403,23955,-87.35709004963678,-86.42366562500266,-1390.5,-80.0,5.0,248,15.393918564168713,112,0.6639916191396293
45445,24016,-87.52155485129832,-86.18592516570965,-1195.5,-75.0,5.0,233,19.950212903957993,19,-1.1563251511517474
45487,24085,-87.68598113890768,-85.91438322002513,-968.0,-70.0,5.0,255,11.219601244106984,32,-0.9587397887530054
45529,24166,-87.85035704191449,-85.60129464500447,-614.0,-65.0,5.0,213,19.84156332717766,4,-2.134162503492521
45571,24259,-88.01466698755613,-85.23635830927383,-28.5,-60.0,5.0,35,4.823721607614189,223,-0.6667401272958573
45613,24369,-88.17889003531414,-84.8055710922652,-753.5,-55.0,5.0,357,11.684240740598153,231,1.1618022866848385
45655,24501,-88.34299722571284,-84.28940686250037,-1166.0,-50.0,5.0,102,11.377650881954583,259,3.424425466356343
45697,24663,-88.50694719083492,-83.6598082540901,-970.5,-45.0,5.0,119,12.667051091609734,256,2.1507179336207094
45739,24864,-88.67067853966545,-82.8749836510982,-873.5,-40.0,5.0,98,15.062369162008562,270,1.8728948719871938
45781,25121,-88.83409588411895,-81.86989764584403,-117.0,-35.0,5.0,167,17.784931177056027,283,-0.41248752506415975
45823,25462,-88.9970423584337,-80.53767779197439,831.0,-30.0,5.0,23,18.003952144750453,158,-2.1692900018683705
45864,25935,-89.15924066014537,-78.69006752597979,0.5,-25.0,5.0,270,15.12650598713303,144,-1.295037954681725
45905,26633,-89.32015143566208,-75.96375653207353,-405.0,-20.0,5.0,344,17.565371762030523,130,-0.6214748980631644
45946,27759,-89.47857743439259,-71.56505117707799,-945.5,-15.0,5.0,77,19.231210347516747,160,5.123685025430531
45985,29840,-89.63129729566798,-63.43494882292201,-554.0,-10.0,5.0,194,10.390998565359851,33,-0.4972903689595058
46020,34560,-89.76681145215035,-45.0,-434.5,-5.0,5.0,209,15.001437457056653,4,-0.7464872898783045
46037,46080,-89.83511068271835,0.0,152.0,0.0,5.0,135,19.78752888653308,312,-1.593818360510496
46020,57599,-89.76681145215035,45.0,1105.5,5.0,5.0,115,21.115006501189487,262,-2.6876268575021625
45985,62319,-89.63129729566798,63.43494882292201,861.0,10.0,5.0,130,27.816670935120094,248,-2.0363854079569084
45946,64400,-89.47857743439259,71.56505117707799,24.5,15.0,5.0,120,22.678181100020375,298,-1.3511684203270247
45905,65526,-89.32015143566208,75.96375653207353,-606.0,20.0,5.0,93,14.664256299684611,291,-0.8577014906171813
45864,66224,-89.15924066014537,78.69006752597979,-905.5,25.0,5.0,154,10.130974942073426,243,0.28318342229284027
45823,66697,-88.9970423584337,80.53767779197439,-890.5,30.0,5.0,152,7.541418033312687,234,0.20981538197432914
45781,67038,-88.83409588411895,81.86989764584403,-812.5,35.0,5.0,74,10.049667979095565,218,0.055185483575658834
45739,67295,-88.67067853966545,82.8749836510982,-586.0,40.0,5.0,346,5.373900209455078,232,0.5525929000207463
45697,67496,-88.50694719083492,83.6598082540901,-562.0,45.0,5.0,118,10.753462112801339,349,0.19243426079693232
45655,67658,-88.34299722571284,84.28940686250037,-885.0,50.0,5.0,86,25.002983097666455,265,1.6522546853304818
45613,67790,-88.17889003531414,84.8055710922652,-623.0,55.0,5.0,237,6.022151994849398,121,0.13174269813522285
45571,67900,-88.01466698755613,85.23635830927383,-606.0,60.0,5.0,62,8.016939207020211,225,1.1812160493970094
45529,67993,-87.85035704191449,85.60129464500447,-505.5,65.0,5.0,124,10.091520120710632,321,0.7308505224727351
45487,68074,-87.68598113890768,85.91438322002513,-1409.0,70.0,5.0,146,23.49681910969433,320,2.342170253899763
45445,68143,-87.52155485129832,86.18592516570965,-2724.0,75.0,5.0,159,16.760370289743705,312,5.025703264937303
45403,68204,-87.35709004963678,86.42366562500266,-2756.5,80.0,5.0,135,11.419005890947444,255,5.066418466190575
45361,68258,-87.19259598436352,86.63353933657021,-2735.5,85.0,5.0,33,10.96071559752108,243,4.521915101909455
45319,68305,-87.02808000958088,86.82016988013577,-2676.0,90.0,5.0,20,14.555325488720811,231,3.8342130902495537
45277,68348,-86.86354807959435,86.98721249581666,-2071.0,95.0,5.0,71,21.640991860702652,210,2.141579477310482
45234,68387,-86.69900509726281,87.13759477388825,-510.0,100.0,5.0,357,18.655987548778697,206,-0.6828868531733678
45192,68422,-86.53445516328118,87.27368900609373,334.5,105.0,5.0,119,7.458603517165313,32,-0.2695004213961861
45150,68453,-86.36990175775975,87.39743779750019,392.0,110.0,5.0,246,10.682088703354236,52,-0.7901781497926266
45108,68482,-86.20534787461253,87.51044707800085,387.0,115.0,5.0,305,13.755151458317963,89,-0.8803204796605979
45066,68509,-86.04079612246191,87.61405596961119,-555.0,120.0,5.0,162,27.90355701155749,61,-1.8330338004875035
45024,68533,-85.8762488013998,87.70938995736148,-1363.0,125.0,5.0,183,14.453976134271745,37,-1.1390973398369157
44982,68556,-85.71170796208314,87.7974018382342,-2310.5,130.0,5.0,182,12.775302916221396,40,-0.2991488197589369
44940,68576,-85.5471754517289,87.87890360333854,-3096.0,135.0,5.0,199,15.116023594011255,43,0.5488178486054448
44897,68596,-85.3826529502745,87.95459151111278,-3800.0,140.0,5.0,172,10.642009061641676,18,1.6905424748215012
44855,68614,-85.21814199907055,88.02506598911803,-3779.0,145.0,5.0,183,8.553440172408013,47,1.5484197801554627
44813,68631,-85.05364402384438,88.09084756700362,-3721.5,150.0,5.0,183,7.009906377949718,51,1.703058892939898
44811,24016,-85.04542633227092,-86.18592516570965,-2598.5,-150.0,10.0,60,4.9530366814625975,211,-0.3775151730110561
44853,24049,-85.2096407277125,-86.05481377096244,-2794.0,-145.0,10.0,56,4.856569385214029,181,0.6730020875522934
44895,24085,-85.37384797270819,-85.91438322002513,-2755.5,-140.0,10.0,120,7.834526011607559,217,0.5658095793916195
44937,24124,-85.53804441978242,-85.76360520094116,-2613.0,-135.0,10.0,77,13.297906328795719,221,-0.030179817579706465
44979,24166,-85.70222596695993,-85.60129464500447,-2626.0,-130.0,10.0,77,4.6264506438230875,235,-0.008269750666187453
45021,24210,-85.86638796776776,-85.42607874009914,-2647.5,-125.0,10.0,102,6.977153649191311,301,1.6905424748215012
45063,24259,-86.03052511897671,-85.23635830927383,-2580.0,-120.0,10.0,231,4.859800384073033,345,0.1369996023851501
45105,24312,-86.19463131939654,-85.0302592718897,-2460.0,-115.0,10.0,313,5.789395076392071,139,0.5429712723265894
45147,24369,-86.35869949064657,-84.8055710922652,-2505.5,-110.0,10.0,252,9.477382612117218,13,0.3972640595876728
45189,24432,-86.52272134742442,-84.55966796899449,-2421.0,-105.0,10.0,210,4.9076101745977185,149,0.4992419973524254
45231,24501,-86.68668709989919,-84.28940686250037,-2449.0,-100.0,10.0,213,5.8710715627430154,6,0.5762679277219106
45273,24578,-86.85058506369197,-83.99099404250548,-2383.5,-95.0,10.0,220,6.863950348085233,270,0.9556134037270861
45315,24663,-87.01440114225113,-83.6598082540901,-2310.5,-90.0,10.0,238,10.191241526038274,359,-0.4456039935634726
45357,24757,-87.17811813029034,-83.29016319224307,-2123.5,-85.0,10.0,241,10.128508121686425,358,-0.9257230524166352
45399,24864,-87.34171476201936,-82.8749836510982,-1648.0,-80.0,10.0,232,8.875020208145335,0,-1.3813169221831108
45441,24984,-87.50516438852029,-82.40535663140857,-1147.0,-75.0,10.0,150,19.52166357833413,345,-1.7911782762809942
45483,25121,-87.66843310492295,-81.86989764584403,-1052.5,-70.0,10.0,68,12.147327016307285,310,2.4151673321002156
45524,25279,-87.83147704221777,-81.2538377374448,-680.5,-65.0,10.0,163,12.608807654448128,343,-2.1273818208464466
45566,25462,-87.9942383574632,-80.53767779197439,-470.0,-60.0,10.0,201,17.834427462611224,3,-1.801623821283
45608,25678,-88.15663913581275,-79.69515353123397,-573.0,-55.0,10.0,338,16.013766656799273,229,0.597265927316137
45649,25935,-88.31857182956591,-78.69006752597979,-867.5,-50.0,10.0,104,16.004825474425537,241,1.2281460099399106
45690,26247,-88.47988373280924,-77.47119229084849,-567.0,-45.0,10.0,115,34.90318837236271,251,0.6074529432880916
45731,26633,-88.64035072669904,-75.96375653207353,-11.0,-40.0,10.0,107,19.543872356424902,327,-0.5647773688426436
45772,27122,-88.79963072947038,-74.05460409907715,394.5,-35.0,10.0,64,19.19325217802684,271,-1.6418378192254495
45813,27759,-88.95717645995747,-71.56505117707799,732.5,-30.0,10.0,322,25.103828708118968,155,-2.2259280276943625
45852,28621,-89.11206101053479,-68.19859051364818,-74.0,-25.0,10.0,305,19.804161081386393,141,-1.2163661724227548
45891,29840,-89.26260222520519,-63.43494882292201,-659.5,-20.0,10.0,254,10.753462112801339,89,-0.7965813008010839
45927,31664,-89.40548803552979,-56.309932474020215,-907.5,-15.0,10.0,241,7.670487076089221,76,-0.4510997140578076
45960,34560,-89.53362483556982,-45.0,-974.0,-10.0,10.0,242,13.983109661074817,40,-0.010556482692858703
45985,39279,-89.63129729566798,-26.56505117707799,-851.0,-5.0,10.0,170,11.415702575494807,16,-0.359756920013289
45995,46080,-89.6702220482477,0.0,-381.0,0.0,10.0,116,15.790068198055893,308,-0.8598624828741596
45985,52880,-89.63129729566798,26.56505117707799,98.5,5.0,10.0,114,12.608807654448128,277,-1.5544532166369929
45960,57599,-89.53362483556982,45.0,-184.5,10.0,10.0,150,16.013766656799273,49,-1.1205677333951571
45927,60495,-89.40548803552979,56.309932474020215,-688.5,15.0,10.0,160,12.84215572668732,17,-0.33527794679739664
45891,62319,-89.26260222520519,63.43494882292201,-929.5,20.0,10.0,155,10.759192389848943,313,0.5389101131533307
45852,63538,-89.11206101053479,68.19859051364818,-898.0,25.0,10.0,164,7.680959774091883,46,1.0451727101740922
45813,64400,-88.95717645995747,71.56505117707799,-923.0,30.0,10.0,114,8.772925969879688,233,0.3198153990420347
45772,65037,-88.79963072947038,74.05460409907715,-693.5,35.0,10.0,68,6.022151994849398,226,-0.14578741622038555
45731,65526,-88.64035072669904,75.96375653207353,-508.5,40.0,10.0,278,8.875020208145335,87,0.09721992181065602
45690,65912,-88.47988373280924,77.47119229084849,-310.5,45.0,10.0,287,12.374544467757218,92,-0.8326672849254088
45649,66224,-88.31857182956591,78.69006752597979,-1327.0,50.0,10.0,283,24.580779938091684,109,5.232151308453548
45608,66481,-88.15663913581275,79.69515353123397,-453.0,55.0,10.0,276,10.519847242351,104,-0.33169711788464007
45566,66697,-87.9942383574632,80.53767779197439,-510.0,60.0,10.0,309,9.517417535023538,129,-0.24470748036403736
45524,66880,-87.83147704221777,81.2538377374448,-840.0,65.0,10.0,140,22.81199311961903,17,1.101352030301758
45483,67038,-87.66843310492295,81.86989764584403,-1899.5,70.0,10.0,152,20.588688548975227,17,3.2072283427060624
45441,67175,-87.50516438852029,82.40535663140857,-2762.0,75.0,10.0,178,12.968883083120978,18,5.641978774101739
45399,67295,-87.34171476201936,82.8749836510982,-2737.5,80.0,10.0,136,9.204142657126285,83,6.40123108574473
45357,67402,-87.17811813029034,83.29016319224307,-2733.5,85.0,10.0,347,10.301039720454286,187,5.486591204850581
45315,67496,-87.01440114225113,83.6598082540901,-2679.5,90.0,10.0,354,13.533896204553749,187,4.221274727635168
45273,67581,-86.85058506369197,83.99099404250548,-2156.5,95.0,10.0,3,19.445198129095328,186,2.488879711386514
45231,67658,-86.68668709989919,84.28940686250037,-433.0,100.0,10.0,12,20.655884630306115,202,-0.7805705594021982
45189,67727,-86.52272134742442,84.55966796899449,666.0,105.0,10.0,323,7.10277284017425,61,-1.2689497350728163
45147,67790,-86.35869949064657,84.8055710922652,595.0,110.0,10.0,196,12.838929805514612,53,-0.599463159696864
45105,67847,-86.19463131939654,85.0302592718897,819.5,115.0,10.0,326,6.738747264233427,176,-0.2499787335674094
45063,67900,-86.03052511897671,85.23635830927383,-919.5,120.0,10.0,158,39.31311322340733,33,-1.4250573137739615
45021,67949,-85.86638796776776,85.42607874009914,-1984.5,125.0,10.0,188,17.458519538633364,40,-0.6184018147824527
44979,67993,-85.70222596695993,85.60129464500447,-2280.5,130.0,10.0,185,12.184041065967198,44,-0.39389615818817014
44937,68035,-85.53804441978242,85.76360520094116,-3151.0,135.0,10.0,235,23.699914633887627,38,0.5663255667290298
44895,68074,-85.37384797270819,85.91438322002513,-3816.0,140.0,10.0,185,10.501798978062928,40,1.3027307954832963
44853,68110,-85.2096407277125,86.05481377096244,-3789.5,145.0,10.0,185,8.529128637284941,52,1.3473428494159503
44811,68143,-85.04542633227092,86.18592516570965,-3746.5,150.0,10.0,185,7.058060293137903,56,1.4654670774003935
44808,24501,-85.03176053538863,-84.28940686250037,-2558.0,-150.0,15.0,148,11.706134580789264,213,-0.4768480983492771
44850,24551,-85.19550552537916,-84.0938588862295,-2746.5,-145.0,15.0,176,9.581915245891475,229,0.7216211715155746
44891,24605,-85.35921029485304,-83.8844964337146,-2667.5,-140.0,15.0,217,7.496202044830016,269,0.4897194648629435
44933,24663,-85.5228675835834,-83.6598082540901,-2568.5,-135.0,15.0,166,6.2361486483310005,354,1.1135632804123357
44975,24724,-85.68646913340183,-83.418055344822,-2541.5,-130.0,15.0,68,9.541303941099208,236,-0.2679166755346515
45017,24791,-85.85000549260391,-83.15722658736907,-2514.5,-125.0,15.0,307,11.452111822902118,242,0.19669900418196853
45059,24864,-86.01346577263308,-82.8749836510982,-2589.0,-120.0,15.0,50,4.793721704070849,305,0.26200935650975515
45101,24942,-86.17683734294638,-82.5685920288275,-2508.5,-115.0,15.0,76,4.762854708222205,311,0.12453089648565957
45143,25027,-86.34010544502242,-82.23483398157467,-2490.5,-110.0,15.0,220,6.498793484925766,340,-0.18179978024645194
45184,25121,-86.50325269949805,-81.86989764584403,-2449.0,-105.0,15.0,37,9.164192899075037,354,0.12453089648565957
45226,25223,-86.66625847045609,-81.46923439005187,-2434.5,-100.0,15.0,119,12.147327016307285,326,3.661441024740181
45268,25336,-86.82909803644073,-81.02737338510362,-2341.5,-95.0,15.0,164,11.684240740598153,0,1.444965365173163
45309,25462,-86.99174149651624,-80.53767779197439,-2227.5,-90.0,15.0,235,5.9897506431959355,347,-0.5045094311890521
45351,25602,-87.15415230786788,-79.99202019855866,-2236.0,-85.0,15.0,169,7.445079266235329,310,-0.17295502017875583
45392,25758,-87.31628530297361,-79.38034472384487,-2064.5,-80.0,15.0,255,11.219601244106984,355,-1.0336010160169078
45434,25935,-87.47808395908947,-78.69006752597979,-1326.0,-75.0,15.0,178,20.48092761468221,339,-1.6959910308073718
45475,26136,-87.63947657336776,-77.9052429229879,-453.0,-70.0,15.0,162,4.230123455992034,51,-1.9196535667800982
45516,26366,-87.8003708031157,-77.0053832080835,-866.0,-65.0,15.0,181,9.132306173017186,69,-1.5538557926846068
45557,26633,-87.96064570827723,-75.96375653207353,-328.5,-60.0,15.0,256,31.992979396481253,356,-2.056292850001973
45598,26945,-88.12013988227137,-74.74488129694222,478.0,-55.0,15.0,149,6.119602787943614,327,-3.0015981988867955
45639,27315,-88.27863328840705,-73.30075576600639,324.0,-50.0,15.0,88,18.256816421967113,319,-1.9742989010940288
45679,27759,-88.43581866250304,-71.56505117707799,717.5,-45.0,15.0,50,21.221863400181103,325,-3.0774848632180194
45719,28302,-88.59125505685799,-69.44395478041653,1439.0,-40.0,15.0,89,28.38127055509548,323,-3.5213806337938274
45758,28978,-88.74428976995713,-66.80140948635182,1475.0,-35.0,15.0,309,19.52166357833413,161,-2.6593826430477794
45796,29840,-88.89392242153258,-63.43494882292201,344.0,-30.0,15.0,308,20.017965112771094,147,-1.9101707003683532
45833,30966,-89.03856022004987,-59.03624346792648,-646.0,-25.0,15.0,330,14.02065867196291,89,-0.6994579666395805
45868,32478,-89.17556706945525,-53.13010235415598,-1214.0,-20.0,15.0,282,10.298928526566415,81,-0.4121959306352277
45900,34560,-89.30044208143157,-45.0,-999.0,-15.0,15.0,313,7.031002728285837,68,-0.3799866148687882
45927,37455,-89.40548803552979,-33.690067525979785,-1066.0,-10.0,15.0,164,7.417256775327609,28,0.16921263787674073
45946,41360,-89.47857743439259,-18.43494882292201,-985.5,-5.0,15.0,161,8.970133540230425,7,-0.10307688953198293
45953,46080,-89.50533477938205,0.0,-724.0,0.0,15.0,158,9.689999638368192,325,-0.2513608311580511
45946,50799,-89.47857743439259,18.43494882292201,-334.0,5.0,15.0,159,8.743107751588246,65,-1.0436717587470736
45927,54704,-89.40548803552979,33.690067525979785,-577.0,10.0,15.0,227,10.285878072991544,50,-0.7825392198479691
45900,57599,-89.30044208143157,45.0,-943.5,15.0,15.0,166,9.65439256702496,15,0.4974547395069054
45868,59681,-89.17556706945525,53.13010235415598,-1070.0,20.0,15.0,256,10.98671573878638,58,1.4676817563566695
45833,61193,-89.03856022004987,59.03624346792648,-1013.5,25.0,15.0,43,7.807697439678673,240,1.1582608692783174
45796,62319,-88.89392242153258,63.43494882292201,-779.0,30.0,15.0,68,5.699175993649092,234,0.2114764532540354
45758,63181,-88.74428976995713,66.80140948635182,-758.5,35.0,15.0,151,9.578117188184757,292,-0.6592386756139708
45719,63857,-88.59125505685799,69.44395478041653,-1064.0,40.0,15.0,130,31.81868393730401,287,-0.46495245116083966
45679,64400,-88.43581866250304,71.56505117707799,-1351.0,45.0,15.0,119,26.476238407302617,282,-0.2737104214937244
45639,64844,-88.27863328840705,73.30075576600639,-1188.0,50.0,15.0,42,34.03324320773937,251,-0.4065390725506557
45598,65214,-88.12013988227137,74.74488129694222,-464.5,55.0,15.0,251,22.883774316421174,352,0.6382902278632485
45557,65526,-87.96064570827723,75.96375653207353,-223.5,60.0,15.0,111,16.90350809570642,268,-1.0589843796058767
45516,65793,-87.8003708031157,77.0053832080835,-583.5,65.0,15.0,141,7.765616497739095,65,0.6162089619674048
45475,66023,-87.63947657336776,77.9052429229879,-1544.5,70.0,15.0,250,16.013766656799273,69,2.391684755325402
45434,66224,-87.47808395908947,78.69006752597979,-2559.5,75.0,15.0,203,12.254156247370133,73,4.527800358310767
45392,66401,-87.31628530297361,79.38034472384487,-2636.0,80.0,15.0,292,10.738635420323567,89,4.984334752765386
45351,66557,-87.15415230786788,79.99202019855866,-2640.0,85.0,15.0,27,13.068631434191454,109,5.070033715038971
45309,66697,-86.99174149651624,80.53767779197439,-2574.0,90.0,15.0,335,15.912578876212875,179,3.9098836165737296
45268,66823,-86.82909803644073,81.02737338510362,-1550.5,95.0,15.0,298,26.476238407302617,180,1.380422875896251
45226,66936,-86.66625847045609,81.46923439005187,-201.5,100.0,15.0,54,27.436974239099957,196,-1.1608010385669592
45184,67038,-86.50325269949805,81.86989764584403,970.0,105.0,15.0,327,13.068631434191454,193,-2.4592503334612466
45143,67132,-86.34010544502242,82.23483398157467,795.0,110.0,15.0,274,13.297906328795719,83,-1.800269022223895
45101,67217,-86.17683734294638,82.5685920288275,-129.5,115.0,15.0,126,26.084215808286945,37,-2.0303141796767137
45059,67295,-86.01346577263308,82.8749836510982,-834.0,120.0,15.0,150,15.884630645317591,70,-1.3761074753485425
45017,67368,-85.85000549260391,83.15722658736907,-1650.0,125.0,15.0,203,35.9799143204664,48,-1.0567479727074502
44975,67435,-85.68646913340183,83.418055344822,-2481.5,130.0,15.0,169,12.356137947546154,25,0.29735318685126144
44933,67496,-85.5228675835834,83.6598082540901,-2928.0,135.0,15.0,249,15.790068198055893,53,0.1575187130884016
44891,67554,-85.35921029485304,83.8844964337146,-3715.0,140.0,15.0,248,15.790068198055893,54,0.9161634314611783
44850,67608,-85.19550552537916,84.0938588862295,-3855.5,145.0,15.0,177,8.546399152365353,114,3.2247519347387636
44808,67658,-85.03176053538863,84.28940686250037,-3785.0,150.0,15.0,178,7.0557793917858564,315,3.230150905978066
44803,24984,-85.01269164306851,-82.40535663140857,-2695.5,-150.0,20.0,107,7.639465230740182,255,1.300202780574148
44845,25050,-85.17578614740145,-82.14668669802178,-2691.0,-145.0,20.0,88,8.612814202722099,230,0.24275702333937338
44886,25121,-85.33879510666145,-81.86989764584403,-2652.5,-140.0,20.0,39,13.068631434191454,267,0.23904864412279753
44928,25197,-85.5017063861161,-81.57303097851933,-2541.5,-135.0,20.0,82,7.629372940831597,326,0.4432849754190491
44970,25279,-85.66450613515563,-81.2538377374448,-2479.0,-130.0,20.0,248,14.702208970503227,138,1.7017804196453559
45011,25367,-85.82717845598492,-80.90972307917768,-2488.0,-125.0,20.0,53,6.446549175402249,358,0.8799180511332524
45053,25462,-85.9897049930085,-80.53767779197439,-2531.0,-120.0,20.0,38,7.928275431623314,221,0.5525836185838982
45094,25565,-86.15206442002608,-80.13419305691563,-2556.5,-115.0,20.0,104,9.140052208588386,348,0.7761710054903445
45136,25678,-86.3142317945572,-79.69515353123397,-2402.0,-110.0,20.0,69,12.165027766643334,309,-0.31398338684882443
45177,25800,-86.47617773772504,-79.2157021324374,-2438.0,-105.0,20.0,66,7.874315589337971,311,-0.39360680673981935
45219,25935,-86.63786738274366,-78.69006752597979,-2372.0,-100.0,20.0,91,4.625468491148633,318,-0.28145431995454506
45260,26083,-86.79925901303795,-78.11134196037202,-2231.5,-95.0,20.0,228,4.416225937216179,334,-0.9029010296093444
45301,26247,-86.9603022791006,-77.47119229084849,-2232.5,-90.0,20.0,182,5.060785656678126,294,0.3254205758798769
45342,26429,-87.12093583622989,-76.7594800848128,-2253.5,-85.0,20.0,187,7.0447259523797765,131,1.2259605356083265
45383,26633,-87.28108417516734,-75.96375653207353,-2204.5,-80.0,20.0,235,10.868250836334848,344,-0.1855635178431206
45424,26862,-87.4406533112605,-75.06858282186245,-1613.0,-75.0,20.0,220,11.892626014534637,351,-0.975139109364236
45465,27122,-87.59952483363872,-74.05460409907715,-1198.5,-70.0,20.0,128,10.519847242351,346,-1.7512378299367375
45505,27418,-87.75754755825808,-72.89727103094764,-1111.5,-65.0,20.0,196,8.736728014467786,37,-1.0710381098675499
45546,27759,-87.91452561711344,-71.56505117707799,-784.0,-60.0,20.0,222,11.81400875763513,344,-2.093234847631167
45585,28155,-88.07020114702377,-70.01689347810003,-194.5,-55.0,20.0,219,29.30904591367784,13,-1.7785626364331488
45625,28621,-88.22422863696782,-68.19859051364818,208.0,-50.0,20.0,198,17.52098000064962,340,-2.6792435954689453
45664,29174,-88.37613614716126,-66.03751102542182,1011.5,-45.0,20.0,220,15.790068198055893,326,-3.127364279949933
45702,29840,-88.52526551567479,-63.43494882292201,915.0,-40.0,20.0,225,47.752466337281085,151,-2.3998521956614325
45739,30654,-88.67067853966545,-60.25511870305778,650.0,-35.0,20.0,236,27.24613894169708,21,-2.4365566002677976
45775,31664,-88.81100807350447,-56.309932474020215,17.5,-30.0,20.0,309,18.657740799032744,147,-1.4518837442703119
45809,32936,-88.94422236217099,-51.34019174590991,-1139.0,-25.0,20.0,300,14.63030584113255,106,0.7117900543260168
45841,34560,-89.06726512071683,-45.0,-1480.5,-20.0,20.0,295,10.42699925726087,145,2.7178125750011493
45868,36641,-89.17556706945525,-36.86989764584402,-1220.0,-15.0,20.0,292,7.3459009842424585,347,2.3774436644607535
45891,39279,-89.26260222520519,-26.56505117707799,-1312.5,-10.0,20.0,165,13.983109661074817,21,0.5156670369386698
45905,42486,-89.32015143566208,-14.036243467926479,-1072.5,-5.0,20.0,164,7.1468493899366425,0,0.4758869430179735
45911,46080,-89.3404495588815,0.0,-1071.5,0.0,20.0,65,11.776187471196419,289,1.0802817034537227
45905,49673,-89.32015143566208,14.036243467926479,-563.0,5.0,20.0,283,6.738747264233427,79,0.22491678108662638
45891,52880,-89.26260222520519,26.56505117707799,-545.5,10.0,20.0,301,8.402225481214073,60,-0.7936225600849414
45868,55518,-89.17556706945525,36.86989764584402,-953.5,15.0,20.0,167,7.119708076238104,98,0.34831503700700217
45841,57599,-89.06726512071683,45.0,-829.0,20.0,20.0,308,8.163477355666643,97,0.17795181012260694
45809,59223,-88.94422236217099,51.34019174590991,-816.0,25.0,20.0,107,11.452111822902118,314,-0.49989002164021684
45775,60495,-88.81100807350447,56.309932474020215,-1590.5,30.0,20.0,113,35.501916852146394,306,0.10244853169892584
45739,61505,-88.67067853966545,60.25511870305778,-2279.5,35.0,20.0,108,23.90238008745501,290,0.8802719394941109
45702,62319,-88.52526551567479,63.43494882292201,-2679.5,40.0,20.0,126,20.16362145164265,283,1.4413164454344891
45664,62985,-88.37613614716126,66.03751102542182,-2283.0,45.0,20.0,111,17.89274049963067,280,0.9232892559112108
45625,63538,-88.22422863696782,68.19859051364818,-1748.5,50.0,20.0,85,17.312965326374655,257,0.23616505775507485
45585,64004,-88.07020114702377,70.01689347810003,-1100.0,55.0,20.0,88,19.52166357833413,249,-0.6178095561485741
45546,64400,-87.91452561711344,71.56505117707799,-890.0,60.0,20.0,136,8.546388243766517,277,-0.04625983833331552
45505,64741,-87.75754755825808,72.89727103094764,-620.0,65.0,20.0,330,5.94882245347345,238,-1.1337146979139037
45465,65037,-87.59952483363872,74.05460409907715,-1156.5,70.0,20.0,234,15.0768335942996,80,1.3796643647957385
45424,65297,-87.4406533112605,75.06858282186245,-1798.5,75.0,20.0,264,15.900173116213315,86,2.575308900630828
45383,65526,-87.28108417516734,75.96375653207353,-2863.0,80.0,20.0,250,36.29539868437093,75,6.147801909779997
45342,65730,-87.12093583622989,76.7594800848128,-2001.0,85.0,20.0,354,23.59680535727024,110,3.1024233884908834
45301,65912,-86.9603022791006,77.47119229084849,-1584.0,90.0,20.0,305,21.676025696713886,164,1.7196193333306076
45260,66076,-86.79925901303795,78.11134196037202,-607.5,95.0,20.0,308,16.013766656799273,191,-0.3803690139661939
45219,66224,-86.63786738274366,78.69006752597979,414.0,100.0,20.0,38,7.979639087812288,193,-2.0498674220655038
45177,66359,-86.47617773772504,79.2157021324374,908.0,105.0,20.0,25,10.98671573878638,193,-2.4042925374427213
45136,66481,-86.3142317945572,79.69515353123397,1071.0,110.0,20.0,330,7.2153174801845195,68,-1.1030890397891748
45094,66594,-86.15206442002608,80.13419305691563,-550.0,115.0,20.0,186,21.83655551467335,304,2.474193759377902
45053,66697,-85.9897049930085,80.53767779197439,-675.5,120.0,20.0,183,10.710442988646522,23,-0.9692814212512494
45011,66792,-85.82717845598492,80.90972307917768,-1795.0,125.0,20.0,105,22.47196949722723,34,-0.489193952187308
44970,66880,-85.66450613515563,81.2538377374448,-2449.0,130.0,20.0,213,11.17663461085632,54,-0.4447109135342501
44928,66962,-85.5017063861161,81.57303097851933,-2589.0,135.0,20.0,223,22.47196949722723,56,-0.24435128083879817
44886,67038,-85.33879510666145,81.86989764584403,-3716.0,140.0,20.0,226,14.096472852869374,59,0.7460421915328743
44845,67109,-85.17578614740145,82.14668669802178,-3825.5,145.0,20.0,215,8.490714874310044,62,0.9670332746354026
44803,67175,-85.01269164306851,82.40535663140857,-3785.5,150.0,20.0,172,6.828209088322638,72,1.085134969399067
44838,25544,-85.15055103802129,-80.21759296819272,-1976.5,-145.0,25.0,103,11.370896014856095,220,-1.253124126769273
44880,25631,-85.31267823271732,-79.8753283446022,-2418.0,-140.0,25.0,81,13.983109661074817,230,-0.3695613621311757
44921,25725,-85.47464512481902,-79.50852298766841,-2416.0,-135.0,25.0,79,10.564452506556213,343,0.8949527705607059
44962,25826,-85.63643104305042,-79.11447294534128,-2064.5,-130.0,25.0,60,8.21732442602717,169,0.16628627012262318
45004,25935,-85.79801225959118,-78.69006752597979,-2269.5,-125.0,25.0,52,10.519847242351,275,-0.3746595199312941
45045,26052,-85.95936138971376,-78.23171106797936,-2437.5,-120.0,25.0,151,7.404851340906709,272,0.48174590881467844
45086,26179,-86.1204466459273,-77.7352262721076,-1998.5,-115.0,25.0,106,11.684240740598153,236,-0.9095500511764592
45127,26317,-86.28123090437187,-77.19573393471325,-2598.0,-110.0,25.0,287,24.923965355088686,158,4.631239436889382
45169,26468,-86.44167052681864,-76.6075022462489,-2139.5,-105.0,25.0,180,13.981270560211215,346,0.9764057227809674
45210,26633,-86.60171386159979,-75.96375653207353,-2115.0,-100.0,25.0,185,12.838929805514612,308,-0.8500108754350665
45250,26814,-86.76129931861101,-75.25643716352927,-2153.0,-95.0,25.0,27,3.635987749905238,147,0.48174590881467844
45291,27014,-86.92035287345155,-74.47588900324574,-2204.5,-90.0,25.0,315,6.261238468614476,137,0.8787389461259955
45332,27235,-87.07878479812982,-73.61045966596522,-2132.0,-85.0,25.0,200,5.533782451756153,329,-0.35176604623206026
45372,27482,-87.23648533193544,-72.64597536373867,-2240.5,-80.0,25.0,212,7.806668654864811,137,2.1737001383463634
45412,27759,-87.39331888279462,-71.56505117707799,-2151.0,-75.0,25.0,238,11.235043742763958,109,2.6565487137360906
45452,28071,-87.54911616617494,-70.3461759419467,-1978.0,-70.0,25.0,243,14.272555401446969,334,-0.7236597287788995
45492,28425,-87.70366341363857,-68.96248897457819,-1358.0,-65.0,25.0,196,18.003952144750453,326,-1.9620035266881095
45531,28830,-87.85668736760378,-67.38013505195957,-1072.0,-60.0,25.0,206,9.163853388260998,312,-0.3666840336032693
45570,29297,-88.00783414911542,-65.55604521958347,-976.0,-55.0,25.0,236,12.606947586150259,10,-1.077971314583673
45608,29840,-88.15663913581275,-63.43494882292201,-602.0,-50.0,25.0,181,15.788259677479004,333,-2.27371864259648
45645,30477,-88.30248358394572,-60.94539590092286,141.0,-45.0,25.0,228,21.221863400181103,331,-2.7337004370466915
45681,31233,-88.44453175909297,-57.9946167919165,383.5,-40.0,25.0,254,16.90350809570642,16,-2.7848679827638345
45716,32137,-88.58163991757556,-54.46232220802562,171.5,-35.0,25.0,21,21.640991860702652,151,-1.648915452079703
45750,33230,-88.71222658860746,-50.19442890773481,-524.5,-30.0,25.0,292,16.90350809570642,149,-0.568407594162504
45781,34560,-88.83409588411895,-45.0,-1061.0,-25.0,25.0,35,22.883774316421174,145,0.5688610158050293
45809,36183,-88.94422236217099,-38.65980825409009,-1094.5,-20.0,25.0,40,11.014168248701885,141,0.9641652228667112
45833,38153,-89.03856022004987,-30.96375653207352,-1578.5,-15.0,25.0,309,13.599241556591295,65,1.7536631860576093
45852,40498,-89.11206101053479,-21.80140948635181,-1680.5,-10.0,25.0,93,8.462899933443085,8,3.1594113565468107
45864,43184,-89.15924066014537,-11.309932474020213,-1346.5,-5.0,25.0,112,18.657740799032744,341,1.9890879988769403
45868,46080,-89.17556706945525,0.0,-363.0,0.0,25.0,167,4.324471475437039,97,-1.050443175314962
45864,48975,-89.15924066014537,11.309932474020213,-784.0,5.0,25.0,36,13.297906328795719,228,1.7346591574491514
45852,51661,-89.11206101053479,21.80140948635181,-992.5,10.0,25.0,154,13.28727940752605,296,2.7165279414567025
45833,54006,-89.03856022004987,30.96375653207352,-507.5,15.0,25.0,15,4.891569000330217,259,0.2525966997923918
45809,55976,-88.94422236217099,38.65980825409009,-504.0,20.0,25.0,236,12.378271269705426,76,-0.6411513850088527
45781,57599,-88.83409588411895,45.0,-1603.0,25.0,25.0,158,16.159017752589428,321,0.17244171857309373
45750,58929,-88.71222658860746,50.19442890773481,-2784.0,30.0,25.0,238,18.42278241184141,323,2.5300213511615004
45716,60022,-88.58163991757556,54.46232220802562,-3510.5,35.0,25.0,116,18.440361227305228,295,2.9611207334590337
45681,60926,-88.44453175909297,57.9946167919165,-4204.0,40.0,25.0,25,19.306530159211473,269,8.645229239415968
45645,61682,-88.30248358394572,60.94539590092286,-3513.0,45.0,25.0,170,23.894217174469873,297,3.0414233931526153
45608,62319,-88.15663913581275,63.43494882292201,-2779.5,50.0,25.0,73,17.784931177056027,264,1.6082192125644839
45570,62862,-88.00783414911542,65.55604521958347,-2383.5,55.0,25.0,86,24.905185254276557,258,0.8217119613588676
45531,63329,-87.85668736760378,67.38013505195957,-1421.5,60.0,25.0,26,19.306530159211473,246,-0.2918806164322348
45492,63734,-87.70366341363857,68.96248897457819,-834.5,65.0,25.0,40,15.412509633896462,260,4.018458636803558
45452,64088,-87.54911616617494,70.3461759419467,-538.5,70.0,25.0,89,5.782854837902176,245,-0.6802813489877045
45412,64400,-87.39331888279462,71.56505117707799,-828.0,75.0,25.0,276,11.989214270374509,93,0.7352640791371335
45372,64677,-87.23648533193544,72.64597536373867,-968.5,80.0,25.0,303,16.45965788027016,149,0.8611659431810482
45332,64924,-87.07878479812982,73.61045966596522,-657.5,85.0,25.0,280,20.376447823277726,182,0.07757465923703256
45291,65145,-86.92035287345155,74.47588900324574,-584.0,90.0,25.0,269,14.60527562659282,167,-0.1770553749814067
45250,65345,-86.76129931861101,75.25643716352927,57.0,95.0,25.0,334,8.875020208145335,199,-1.687250616160315
45210,65526,-86.60171386159979,75.96375653207353,542.0,100.0,25.0,69,3.9311420051105244,188,-2.0237179268059955
45169,65691,-86.44167052681864,76.6075022462489,453.5,105.0,25.0,58,7.260343303708088,348,1.0983855036387051
45127,65842,-86.28123090437187,77.19573393471325,843.5,110.0,25.0,73,14.488866070547584,192,-1.884906307309942
45086,65980,-86.1204466459273,77.7352262721076,-323.5,115.0,25.0,232,29.58267233148665,54,-2.13473248403939
45045,66107,-85.95936138971376,78.23171106797936,-645.5,120.0,25.0,225,10.848537302188722,297,0.938765988613834
45004,66224,-85.79801225959118,78.69006752597979,-1603.0,125.0,25.0,210,20.055266308190678,57,-1.2030607267477038
44962,66333,-85.63643104305042,79.11447294534128,-2286.0,130.0,25.0,253,12.305404943478933,59,-0.6614376375809944
44921,66434,-85.47464512481902,79.50852298766841,-2311.0,135.0,25.0,235,8.556262706577572,120,1.6852974343202434
44880,66528,-85.31267823271732,79.8753283446022,-3326.5,140.0,25.0,195,20.16362145164265,63,0.28854538793018186
44838,66615,-85.15055103802129,80.21759296819272,-3832.5,145.0,25.0,191,9.750741579285936,66,0.7854210573995352
44830,26032,-85.11988617571126,-78.3106308245608,-1298.5,-145.0,30.0,99,16.6800483771075,223,-1.9163702909643592
44871,26136,-85.2809547653117,-77.9052429229879,-1788.5,-140.0,30.0,65,15.77921659041435,225,-1.4421673224261955
44913,26247,-85.44178932425459,-77.47119229084849,-1753.5,-135.0,30.0,68,13.983109661074817,229,-1.4765456956930307
44954,26366,-85.60236137598437,-77.0053832080835,-1828.5,-130.0,30.0,46,11.439185458887371,234,-1.109651088595934
44995,26494,-85.76263827742154,-76.50426671920418,-2227.5,-125.0,30.0,76,12.147327016307285,226,-0.4708740726389233
45036,26633,-85.92258242118402,-75.96375653207353,-2380.0,-120.0,30.0,74,13.227672608845433,272,-0.061656653350788904
45077,26782,-86.08215025066646,-75.37912601136834,-2161.5,-115.0,30.0,184,12.147327016307285,319,-0.1711066845583994
45117,26945,-86.24129103582256,-74.74488129694222,-3227.0,-110.0,30.0,17,19.727767908828824,203,8.61046380856751
45158,27122,-86.3999453406433,-74.05460409907715,-2690.5,-105.0,30.0,137,36.608351873655835,343,3.877612223198349
45198,27315,-86.55804309029627,-73.30075576600639,-2056.0,-100.0,30.0,4,13.926654313392119,152,-0.14901093156316234
45239,27526,-86.71550111417815,-72.47443162627712,-2171.5,-95.0,30.0,353,4.994705809159711,258,0.09843304374055366
45279,27759,-86.87221999713049,-71.56505117707799,-2194.5,-90.0,30.0,73,4.8599226619636156,258,0.43547938380228807
45319,28016,-87.02808000958088,-70.5599651718238,-2233.5,-85.0,30.0,208,4.800645630080739,285,0.35887184681424256
45358,28302,-87.18293580092859,-69.44395478041653,-2230.0,-80.0,30.0,47,10.519847242351,269,1.1593681370311855
45398,28621,-87.33660941840833,-68.19859051364818,-2044.5,-75.0,30.0,125,10.418744878141641,296,-0.8145848953593575
45437,28978,-87.48888104091148,-66.80140948635182,-1922.0,-70.0,30.0,185,6.766278477938108,283,0.7944143169724279
45475,29382,-87.63947657336776,-65.22485943116808,-1844.5,-65.0,30.0,138,12.838929805514612,333,-0.35094469675069406
45513,29840,-87.78805090633713,-63.43494882292201,-1834.5,-60.0,30.0,151,19.998445536529506,1,1.4957698564725102
45551,30364,-87.93416517952703,-61.38954033403479,-1290.0,-55.0,30.0,205,10.139766418002386,334,-0.9692814212512494
45587,30966,-88.07725578125002,-59.03624346792648,-1017.0,-50.0,30.0,240,13.297906328795719,19,-1.6613954087599472
45623,31664,-88.21659210603407,-56.309932474020215,-1202.5,-45.0,30.0,236,25.69589338322314,8,-1.1091969591847541
45657,32478,-88.35121947756187,-53.13010235415598,-288.5,-40.0,30.0,229,16.86350666971756,3,-2.482778406236987
45690,33433,-88.47988373280924,-49.398705354995535,82.5,-35.0,30.0,156,15.001437457056653,358,-2.6348058529466223
45721,34560,-88.6009363019476,-45.0,-341.5,-30.0,30.0,308,12.220622186700108,151,-0.8756589251821929
45750,35889,-88.71222658860746,-39.80557109226519,-661.0,-25.0,30.0,125,14.05532004129191,23,1.3501257314211974
45775,37455,-88.81100807350447,-33.690067525979785,-466.0,-20.0,30.0,317,14.664256299684611,147,-0.5625517423883611
45796,39279,-88.89392242153258,-26.56505117707799,-1317.0,-15.0,30.0,356,21.221863400181103,148,1.9187582649568315
45813,41360,-88.95717645995747,-18.43494882292201,-1362.5,-10.0,30.0,70,11.452111822902118,224,2.846654713369162
45823,43657,-88.9970423584337,-9.462322208025617,-746.0,-5.0,30.0,40,23.08874665342278,283,0.8911148263145187
45826,46080,-89.01068799374467,0.0,-363.5,0.0,30.0,137,12.147327016307285,279,-0.7875705213160963
45823,48502,-88.9970423584337,9.462322208025617,-854.0,5.0,30.0,301,10.98671573878638,119,1.0411374712881405
45813,50799,-88.95717645995747,18.43494882292201,-1022.0,10.0,30.0,348,10.534304393759832,217,2.368291036093997
45796,52880,-88.89392242153258,26.56505117707799,-598.0,15.0,30.0,29,14.210617066655383,247,0.49037290606499223
45775,54704,-88.81100807350447,33.690067525979785,-1034.5,20.0,30.0,240,24.705900224393954,69,-0.19985265772148178
45750,56270,-88.71222658860746,39.80557109226519,-2483.5,25.0,30.0,188,19.767845344544998,55,1.7845179145630887
45721,57599,-88.6009363019476,45.0,-3472.0,30.0,30.0,100,17.345278383521634,322,3.5099720070466285
45690,58726,-88.47988373280924,49.398705354995535,-3944.5,35.0,30.0,155,12.671670498906416,325,4.276758270586158
45657,59681,-88.35121947756187,53.13010235415598,-3945.0,40.0,30.0,132,11.543025380281353,286,4.152361265339174
45623,60495,-88.21659210603407,56.309932474020215,-3852.0,45.0,30.0,96,12.30397186458656,275,3.700246557337988
45587,61193,-88.07725578125002,59.03624346792648,-3721.0,50.0,30.0,100,13.785188300909875,266,3.1462762197709138
45551,61795,-87.93416517952703,61.38954033403479,-3186.5,55.0,30.0,80,18.657740799032744,258,2.097634029872339
45513,62319,-87.78805090633713,63.43494882292201,-1978.5,60.0,30.0,24,13.711905610243862,251,0.36545456969321083
45475,62777,-87.63947657336776,65.22485943116808,-961.0,65.0,30.0,357,34.112194468501684,245,-0.9271823633159294
45437,63181,-87.48888104091148,66.80140948635182,-447.0,70.0,30.0,317,6.979056327781346,89,0.09181233955400489
45398,63538,-87.33660941840833,68.19859051364818,-296.5,75.0,30.0,329,9.805622729046156,202,-1.1895645601299818
45358,63857,-87.18293580092859,69.44395478041653,124.0,80.0,30.0,317,7.766516933001129,201,-1.6287775763247905
45319,64143,-87.02808000958088,70.5599651718238,186.0,85.0,30.0,236,6.799293088939746,150,-1.211398513404679
45279,64400,-86.87221999713049,71.56505117707799,236.0,90.0,30.0,136,7.522880368600548,259,0.4492008148647475
45239,64633,-86.71550111417815,72.47443162627712,287.0,95.0,30.0,38,7.690886141578284,155,-1.0375193988503155
45198,64844,-86.55804309029627,73.30075576600639,339.5,100.0,30.0,99,15.56587469233879,303,1.9043859835100136
45158,65037,-86.3999453406433,74.05460409907715,447.0,105.0,30.0,24,10.514183080014913,227,-0.07992186116723515
45117,65214,-86.24129103582256,74.74488129694222,612.5,110.0,30.0,293,11.450235680849744,145,-0.5540753175332422
45077,65377,-86.08215025066646,75.37912601136834,642.5,115.0,30.0,193,12.378271269705426,80,-2.827062217183975
45036,65526,-85.92258242118402,75.96375653207353,-801.0,120.0,30.0,219,17.706356592579503,35,-0.6397676429467518
44995,65665,-85.76263827742154,76.50426671920418,-1036.5,125.0,30.0,214,10.621950173051992,63,-1.6186624684429045
44954,65793,-85.60236137598437,77.0053832080835,-1687.5,130.0,30.0,215,22.678181100020375,64,-1.1582088995888726
44913,65912,-85.44178932425459,77.47119229084849,-2497.5,135.0,30.0,216,13.326200984316378,63,-0.37172042562850466
44871,66023,-85.2809547653117,77.9052429229879,-2848.0,140.0,30.0,209,9.657039063743193,68,-0.21123857366923007
44830,66127,-85.11988617571126,78.3106308245608,-3819.0,145.0,30.0,203,12.946347255113334,73,0.6231344966792851
44821,26514,-85.08389366752345,-76.42956561483852,-1177.0,-145.0,35.0,23,12.278483191107002,283,-0.7064556135506942
44862,26633,-85.24373740691262,-75.96375653207353,-1021.5,-140.0,35.0,146,8.158200876641352,294,-1.189288401186232
44903,26760,-85.40326377136712,-75.46554491945989,-574.5,-135.0,35.0,64,19.736225733732084,227,-2.394489310118489
44943,26897,-85.5624357591747,-74.9315118405078,-1164.0,-130.0,35.0,7,21.640991860702652,223,-1.8389933187008194
44984,27044,-85.72121104838206,-74.35775354279127,-1470.5,-125.0,35.0,16,14.43766785823724,227,-1.5640919475348531
45025,27202,-85.8795410081806,-73.73979529168804,-1893.5,-120.0,35.0,97,9.95034173524526,236,-0.928254987906407
45065,27373,-86.03736948717736,-73.07248693585295,-1817.0,-115.0,35.0,54,19.950212903957993,272,-0.9608385527661099
45105,27558,-86.19463131939654,-72.34987578006988,-1697.0,-110.0,35.0,79,15.001437457056653,241,-1.3459224162829584
45145,27759,-86.35125047095235,-71.56505117707799,-1611.5,-105.0,35.0,94,7.129393037652504,320,0.8386207846054298
45185,27978,-86.50713772642197,-70.70995378081128,-1810.5,-100.0,35.0,330,17.124655610243295,244,-0.47340729413900307
45225,28217,-86.66218778188009,-69.77514056883192,-1905.5,-95.0,35.0,30,11.452111822902118,252,-0.7249267449091961
45264,28480,-86.81627556841795,-68.74949449286676,-2157.0,-90.0,35.0,92,11.219601244106984,257,-0.2027279418310774
45304,28769,-86.9692515718618,-67.61986494804043,-2207.0,-85.0,35.0,45,7.754600991116105,312,0.32253650119370414
45342,29089,-87.12093583622989,-66.37062226934319,-2207.5,-80.0,35.0,96,7.309791888050426,311,0.07679667701669994
45381,29444,-87.27111023386533,-64.98310652189998,-2210.0,-75.0,35.0,55,10.437629283771178,330,1.0065831517545603
45419,29840,-87.41950844690301,-63.43494882292201,-1956.5,-70.0,35.0,75,8.875020208145335,321,-0.41546828960741533
45456,30284,-87.56580292617622,-61.69924423399363,-1785.0,-65.0,35.0,194,6.87231031136346,130,0.7045481521871739
45493,30785,-87.70958787318247,-59.743562836470744,-1829.0,-60.0,35.0,201,8.129214579749451,287,0.9047777420029728
45529,31352,-87.85035704191449,-57.52880770915151,-1915.0,-55.0,35.0,195,22.368959167953925,328,1.4488691245383016
45564,31997,-87.98747493213558,-55.00797980144134,-1883.0,-50.0,35.0,102,13.526748355365502,319,0.277871402154554
45598,32735,-88.12013988227137,-52.1250163489018,-1349.0,-45.0,35.0,218,10.040033715347194,308,0.11043650274394659
45631,33583,-88.24733798575656,-48.81407483429036,-944.0,-40.0,35.0,135,14.210617066655383,307,-2.091949890488477
45662,34560,-88.36778830403279,-45.0,-647.0,-35.0,35.0,217,9.276264445298198,308,-2.185484894537056
45690,35686,-88.47988373280924,-40.60129464500447,-598.5,-30.0,35.0,7,7.688967988534155,120,-0.0744485851124167
45716,36982,-88.58163991757556,-35.53767779197438,-575.5,-25.0,35.0,234,5.782854837902176,336,-0.4876048645361717
45739,38465,-88.67067853966545,-29.74488129694222,-767.0,-20.0,35.0,146,15.522928092438981,333,0.7331719062168502
45758,40141,-88.74428976995713,-23.19859051364819,-759.5,-15.0,35.0,308,28.939921910919917,52,0.019743345220547937
45772,41997,-88.79963072947038,-15.945395900922854,-2671.5,-10.0,35.0,126,28.193730916991253,37,7.556838236445227
45781,43998,-88.83409588411895,-8.13010235415598,-1750.0,-5.0,35.0,135,34.36413931476853,353,1.2831409511475558
45784,46080,-88.84581301430629,0.0,-341.0,0.0,35.0,121,9.346599687499832,277,-1.1850885541181544
45781,48161,-88.83409588411895,8.13010235415598,-214.5,5.0,35.0,34,14.210617066655383,123,-1.1822810941023199
45772,50162,-88.79963072947038,15.945395900922854,-113.5,10.0,35.0,43,17.784931177056027,117,-1.2030654662149434
45758,52018,-88.74428976995713,23.19859051364819,-128.5,15.0,35.0,187,10.285878072991544,73,-0.9267243424906998
45739,53694,-88.67067853966545,29.74488129694222,-1601.0,20.0,35.0,220,21.390224507600887,71,0.3758469322244178
45716,55177,-88.58163991757556,35.53767779197438,-2740.0,25.0,35.0,233,21.743711885043144,66,2.0603520842911625
45690,56473,-88.47988373280924,40.60129464500447,-3916.0,30.0,35.0,223,14.963416426076606,61,4.236521035842359
45662,57599,-88.36778830403279,45.0,-3920.0,35.0,35.0,198,10.971404146187503,331,4.9854316653999975
45631,58576,-88.24733798575656,48.81407483429036,-3935.0,40.0,35.0,135,8.7320987358004,287,4.9535726480943385
45598,59424,-88.12013988227137,52.1250163489018,-3937.0,45.0,35.0,137,13.297906328795719,275,4.5083260558940665
45564,60162,-87.98747493213558,55.00797980144134,-4010.0,50.0,35.0,252,19.52166357833413,158,7.307537828206855
45529,60807,-87.85035704191449,57.52880770915151,-3407.0,55.0,35.0,20,15.661174090205115,257,2.7520059872652065
45493,61374,-87.70958787318247,59.743562836470744,-2377.5,60.0,35.0,21,18.62511947585561,250,1.040265743856489
45456,61875,-87.56580292617622,61.69924423399363,-769.0,65.0,35.0,12,27.34009762241123,246,-1.007268717187486
45419,62319,-87.41950844690301,63.43494882292201,5.5,70.0,35.0,312,8.022340052213739,139,-0.9237771309441546
45381,62715,-87.27111023386533,64.98310652189998,308.0,75.0,35.0,298,9.816904960448051,201,-1.720388617790241
45342,63070,-87.12093583622989,66.37062226934319,466.5,80.0,35.0,172,12.722062514623573,5,-0.8324546671339876
45304,63390,-86.9692515718618,67.61986494804043,458.0,85.0,35.0,166,11.101324229733661,256,-0.8455342324210282
45264,63679,-86.81627556841795,68.74949449286676,87.0,90.0,35.0,190,5.242186912390117,248,1.523444064198306
45225,63942,-86.66218778188009,69.77514056883192,333.5,95.0,35.0,100,9.734817183199809,230,-0.4327514987843581
45185,64181,-86.50713772642197,70.70995378081128,531.0,100.0,35.0,36,3.559991582100515,127,-0.3501997116243756
45145,64400,-86.35125047095235,71.56505117707799,552.0,105.0,35.0,28,13.0282999380383,306,1.651740874279639
45105,64601,-86.19463131939654,72.34987578006988,-576.0,110.0,35.0,305,23.42263378401917,106,17.034062867587444
45065,64786,-86.03736948717736,73.07248693585295,891.0,115.0,35.0,87,7.453230909780871,212,-1.2474796862310118
45025,64957,-85.8795410081806,73.73979529168804,-492.0,120.0,35.0,233,25.266290819560705,64,-2.06723959527465
44984,65115,-85.72121104838206,74.35775354279127,-896.5,125.0,35.0,240,15.790068198055893,94,-1.1222245067076195
44943,65262,-85.5624357591747,74.9315118405078,-1077.0,130.0,35.0,228,20.376447823277726,68,-1.6206489279206278
44903,65399,-85.40326377136712,75.46554491945989,-2141.5,135.0,35.0,216,13.068631434191454,69,-0.86762011724875
44862,65526,-85.24373740691262,75.96375653207353,-3017.0,140.0,35.0,209,16.90350809570642,72,-0.2214670328718163
44821,65645,-85.08389366752345,76.42956561483852,-3598.5,145.0,35.0,282,16.6969939997298,79,0.27068705806825905
44810,26988,-85.04269014402158,-74.57783868126133,-910.0,-145.0,40.0,259,15.706342201850424,117,-1.389679990020182
44851,27122,-85.20115458664219,-74.05460409907715,-1110.0,-140.0,40.0,300,9.581915245891475,115,1.7674961647673182
44891,27265,-85.35921029485304,-73.49563861824498,-718.5,-135.0,40.0,227,12.758553156366773,106,-1.7522870363328418
44932,27418,-85.5168112932568,-72.89727103094764,-343.0,-130.0,40.0,67,19.950212903957993,225,-2.5685478986390184
44972,27582,-85.67390514333776,-72.25532837494306,-858.0,-125.0,40.0,307,15.34119138235815,229,-2.144639517238545
45012,27759,-85.83043178302492,-71.56505117707799,-1210.0,-120.0,40.0,51,16.90350809570642,231,-1.8941883684459608
45052,27949,-85.9863221158666,-70.82099197418928,-1105.0,-115.0,40.0,141,21.011399599504742,235,-1.996654710269279
45092,28155,-86.14149628726071,-70.01689347810003,-900.0,-110.0,40.0,109,6.020836852583124,239,-2.147482238791674
45131,28378,-86.29586156772454,-69.14554196042165,-1099.5,-105.0,40.0,53,5.543355078209587,243,-1.9377027011580585
45171,28621,-86.4493097405257,-68.19859051364818,-1334.0,-100.0,40.0,64,5.856712683886596,165,-0.17561454669431867
45210,28885,-86.60171386159979,-67.16634582208245,-1425.0,-95.0,40.0,333,7.570172066691208,166,0.38246488554782837
45248,29174,-86.75292422168002,-66.03751102542182,-1334.0,-90.0,40.0,130,6.738747264233427,295,-1.5910245072280091
45287,29491,-86.9027632917905,-64.79887635452492,-1679.5,-85.0,40.0,20,5.014166812787259,277,-0.9849018775219693
45325,29840,-87.05101937148595,-63.43494882292201,-2004.0,-80.0,40.0,114,14.433134964805513,277,-0.8630768935520778
45362,30226,-87.19743858278908,-61.92751306414704,-1578.0,-75.0,40.0,57,11.414584257349723,294,-1.6404952252946556
45399,30654,-87.34171476201936,-60.25511870305778,-1483.0,-70.0,40.0,54,6.977153649191311,293,-1.61255205577421
45435,31131,-87.4834767019684,-58.3924977537511,-1602.0,-65.0,40.0,26,9.697553590614115,277,-1.2231893706998493
45471,31664,-87.62227210456714,-56.309932474020215,-1805.5,-60.0,40.0,288,12.608807654448128,140,1.1808937146199592
45505,32263,-87.75754755825808,-53.97262661489639,-1855.5,-55.0,40.0,211,7.5643519031112305,285,0.5859382535131958
45539,32936,-87.88862393688133,-51.34019174590991,-1755.5,-50.0,40.0,59,10.98671573878638,294,-0.31663050278325555
45571,33698,-88.01466698755613,-48.366460663429805,-1434.5,-45.0,40.0,219,7.473747844241378,355,-0.16280173379803037
45602,34560,-88.13465381962916,-45.0,-1281.0,-40.0,40.0,122,13.983109661074817,298,-1.5169397356430787
45631,35536,-88.24733798575656,-41.18592516570965,-1190.0,-35.0,40.0,206,8.04495308114594,338,-0.8013967681124614
45657,36641,-88.35121947756187,-36.86989764584402,-1016.0,-30.0,40.0,135,15.56587469233879,329,-1.3550727986365327
45681,37886,-88.44453175909297,-32.005383208083494,-593.0,-25.0,40.0,82,5.008029659260031,295,-2.0356000924762463
45702,39279,-88.52526551567479,-26.56505117707799,-827.5,-20.0,40.0,247,7.940844771790066,273,1.2528751630792883
45719,40817,-88.59125505685799,-20.556045219583467,-591.5,-15.0,40.0,293,16.45965788027016,159,0.018446116451992043
45731,42486,-88.64035072669904,-14.036243467926479,-2403.5,-10.0,40.0,352,27.90965815450924,204,5.719284050935133
45739,44255,-88.67067853966545,-7.125016348901798,-1302.0,-5.0,40.0,116,17.345278383521634,30,0.8912815149478384
45742,46080,-88.6809428135949,0.0,-1064.0,0.0,40.0,123,15.04448321904182,342,0.5475762228011205
45739,47904,-88.67067853966545,7.125016348901798,-649.0,5.0,40.0,196,15.074622918050018,273,1.9509588838917584
45731,49673,-88.64035072669904,14.036243467926479,-226.5,10.0,40.0,92,5.446676656641114,309,0.4735641656659101
45719,51342,-88.59125505685799,20.556045219583467,-4.5,15.0,40.0,229,14.210617066655383,125,-1.3607833704606995
45702,52880,-88.52526551567479,26.56505117707799,-1792.0,20.0,40.0,218,26.282128443435415,79,0.5448132269026732
45681,54273,-88.44453175909297,32.005383208083494,-2942.5,25.0,40.0,254,23.08874665342278,76,2.2204311209365293
45657,55518,-88.35121947756187,36.86989764584402,-3928.0,30.0,40.0,232,14.751184684416245,73,4.032453026104219
45631,56623,-88.24733798575656,41.18592516570965,-3920.0,35.0,40.0,228,10.85425233697567,68,4.991789661616382
45602,57599,-88.13465381962916,45.0,-3941.5,40.0,40.0,225,8.560806803066772,70,5.708837239852484
45571,58461,-88.01466698755613,48.366460663429805,-3918.5,45.0,40.0,285,12.988402461163455,184,5.634873210378898
45539,59223,-87.88862393688133,51.34019174590991,-3845.5,50.0,40.0,32,12.894494798023876,252,4.372288268025132
45505,59896,-87.75754755825808,53.97262661489639,-3661.5,55.0,40.0,26,17.32905057732563,245,3.4797286018654368
45471,60495,-87.62227210456714,56.309932474020215,-2316.5,60.0,40.0,353,22.47196949722723,248,1.132587958510447
45435,61028,-87.4834767019684,58.3924977537511,-663.0,65.0,40.0,12,25.301828926879224,247,-0.978248431863128
45399,61505,-87.34171476201936,60.25511870305778,476.5,70.0,40.0,52,5.333941956724622,226,-2.0088819674403875
45362,61933,-87.19743858278908,61.92751306414704,653.5,75.0,40.0,269,6.977153649191311,147,-1.783766246599359
45325,62319,-87.05101937148595,63.43494882292201,327.5,80.0,40.0,176,16.236964909352732,30,0.20083144704572467
45287,62668,-86.9027632917905,64.79887635452492,44.0,85.0,40.0,309,10.051561618623552,82,2.1207856291858924
45248,62985,-86.75292422168002,66.03751102542182,456.5,90.0,40.0,266,7.453230909780871,119,-1.0438088892990145
45210,63274,-86.60171386159979,67.16634582208245,177.0,95.0,40.0,273,16.45965788027016,142,0.33546115253091713
45171,63538,-86.4493097405257,68.19859051364818,240.0,100.0,40.0,35,20.588688548975227,214,3.0785523702905913
45131,63781,-86.29586156772454,69.14554196042165,176.5,105.0,40.0,106,12.378271269705426,5,-0.7713908399805084
45092,64004,-86.14149628726071,70.01689347810003,7.0,110.0,40.0,82,17.345278383521634,344,-0.33385746174043945
45052,64210,-85.9863221158666,70.82099197418928,279.5,115.0,40.0,121,15.34119138235815,340,-0.5730955091566298
45012,64400,-85.83043178302492,71.56505117707799,327.5,120.0,40.0,117,17.565371762030523,30,-1.1051683509732633
44972,64577,-85.67390514333776,72.25532837494306,-683.0,125.0,40.0,239,25.89195466097947,69,-1.9529796647871085
44932,64741,-85.5168112932568,72.89727103094764,-1264.0,130.0,40.0,258,14.665744760899459,38,-0.4772340141507855
44891,64894,-85.35921029485304,73.49563861824498,-1923.0,135.0,40.0,237,13.486782731754209,73,-1.1024124777484192
44851,65037,-85.20115458664219,74.05460409907715,-2534.5,140.0,40.0,254,13.089500607937241,75,-0.6529055519237318
44810,65171,-85.04269014402158,74.57783868126133,-2171.0,145.0,40.0,288,9.94781328757833,78,-0.8501257921362888
44839,27601,-85.15334841972359,-72.18111108547723,-1359.5,-140.0,45.0,285,12.378271269705426,116,-0.7610505503978897
44879,27759,-85.30978537475212,-71.56505117707799,-1405.5,-135.0,45.0,212,18.440361227305228,106,-0.8557646603244711
44919,27927,-85.46566074236968,-70.90650799951439,-1119.5,-130.0,45.0,283,20.376447823277726,102,-1.4573207865313063
44958,28108,-85.62091184322657,-70.20112364547508,-1164.5,-125.0,45.0,108,15.116023594011255,17,0.9653762845771354
44998,28302,-85.77546714813768,-69.44395478041653,-1163.5,-120.0,45.0,351,11.452111822902118,230,-1.912268884793909
45037,28510,-85.92924470738788,-68.62937773065681,-882.5,-115.0,45.0,155,9.110965561802413,92,-1.3378550559696785
45077,28735,-86.08215025066646,-67.75097634278764,-1201.5,-110.0,45.0,301,8.63686195798163,86,-1.1238580972720675
45115,28978,-86.23407487973661,-66.80140948635182,-1545.5,-105.0,45.0,281,12.82664350032295,37,1.084312652641795
45154,29242,-86.38489225631693,-65.77225468204583,-965.0,-100.0,45.0,196,9.346599687499832,83,-1.2629478064763344
45192,29528,-86.53445516328118,-64.6538240580533,-1096.5,-95.0,45.0,2,12.758553156366773,246,-1.6317514965980537
45230,29840,-86.68259128743992,-63.43494882292201,-1120.0,-90.0,45.0,48,12.60508749084095,249,-1.4983000856059652
45268,30181,-86.82909803644073,-62.10272896905237,-1845.0,-85.0,45.0,74,16.681840578121154,224,0.878251355236608
45305,30555,-86.97373616114442,-60.64224645720873,-1625.0,-80.0,45.0,137,18.440361227305228,273,-1.2862053777013567
45341,30966,-87.11622191047437,-59.03624346792648,-1144.0,-75.0,45.0,105,19.09082928208303,291,-2.0033993553784217
45377,31420,-87.25621740415028,-57.264773727892404,-1389.0,-70.0,45.0,314,13.526748355365502,138,0.12112751889104796
45412,31921,-87.39331888279462,-55.30484646876604,-1487.5,-65.0,45.0,334,7.766210949829215,146,0.41664409772253963
45446,32478,-87.52704250998163,-53.13010235415598,-1741.0,-60.0,45.0,27,7.8873022928706025,259,0.8458801748599584
45480,33098,-87.65680750347639,-50.71059313749964,-2367.5,-55.0,45.0,242,30.846801783276295,125,3.924053546779748
45512,33788,-87.78191664380071,-48.01278750418334,-2601.5,-50.0,45.0,207,30.93729082680571,5,4.630800707438555
45542,34560,-87.9015347773203,-45.0,-1597.5,-45.0,45.0,108,25.69589338322314,300,-0.4170394896955467
45571,35421,-88.01466698755613,-41.6335393365702,-1472.0,-40.0,45.0,230,6.738747264233427,335,-0.0028601022577546173
45598,36384,-88.12013988227137,-37.874983651098205,-1542.0,-35.0,45.0,37,11.452111822902118,332,0.8203473782574865
45623,37455,-88.21659210603407,-33.690067525979785,-1347.0,-30.0,45.0,124,7.453230909780871,300,-0.282353716564253
45645,38642,-88.30248358394572,-29.054604099077146,-913.0,-25.0,45.0,186,13.526748355365502,284,-1.6944453172667906
45664,39945,-88.37613614716126,-23.962488974578186,-650.0,-20.0,45.0,136,10.519847242351,287,-1.71619883171964
45679,41360,-88.43581866250304,-18.43494882292201,-977.0,-15.0,45.0,316,22.883774316421174,52,0.4751754828190621
45690,42872,-88.47988373280924,-12.528807709151511,-1850.5,-10.0,45.0,220,13.95000135042883,45,1.0394824232932296
45697,44456,-88.50694719083492,-6.34019174590991,-1871.0,-5.0,45.0,103,11.502223641965916,353,1.6481359086031764
45700,46080,-88.5160780739466,0.0,-1391.0,0.0,45.0,102,19.097842905389413,341,1.008612809650194
45697,47703,-88.50694719083492,6.34019174590991,-142.5,5.0,45.0,240,10.519847242351,95,-0.9397780602864845
45690,49287,-88.47988373280924,12.528807709151511,-520.5,10.0,45.0,230,12.722062514623573,63,4.586505098719221
45679,50799,-88.43581866250304,18.43494882292201,-243.5,15.0,45.0,236,13.297906328795719,96,-1.1753054087910004
45664,52214,-88.37613614716126,23.962488974578186,-1567.5,20.0,45.0,243,19.306530159211473,87,0.22369678305170848
45645,53517,-88.30248358394572,29.054604099077146,-2974.5,25.0,45.0,313,21.011399599504742,93,2.115746671393323
45623,54704,-88.21659210603407,33.690067525979785,-3837.5,30.0,45.0,217,13.521881511741315,82,3.676885238917759
45598,55775,-88.12013988227137,37.874983651098205,-3891.0,35.0,45.0,217,10.389592423737863,94,4.319801624035769
45571,56738,-88.01466698755613,41.6335393365702,-3918.0,40.0,45.0,6,9.210170398094542,124,4.814240349243605
45542,57599,-87.9015347773203,45.0,-3897.0,45.0,45.0,352,10.839859863306298,169,4.800793996910734
45512,58371,-87.78191664380071,48.01278750418334,-3802.0,50.0,45.0,27,13.882512448419623,183,4.1323407679436714
45480,59061,-87.65680750347639,50.71059313749964,-3256.0,55.0,45.0,45,22.47196949722723,185,2.8340327879951657
45446,59681,-87.52704250998163,53.13010235415598,-1654.0,60.0,45.0,5,19.202600429113208,245,0.32937810378083404
45412,60238,-87.39331888279462,55.30484646876604,-292.5,65.0,45.0,4,14.775549294074972,230,-1.3035284898851383
45377,60739,-87.25621740415028,57.264773727892404,154.5,70.0,45.0,326,24.50597535033855,164,1.4273982824992093
45341,61193,-87.11622191047437,59.03624346792648,500.5,75.0,45.0,184,17.345278383521634,41,-0.012468117333192849
45305,61604,-86.97373616114442,60.64224645720873,216.0,80.0,45.0,296,6.084089561534382,262,0.6572604498764153
45268,61978,-86.82909803644073,62.10272896905237,-84.5,85.0,45.0,68,30.400509260033207,253,3.208730368014584
45230,62319,-86.68259128743992,63.43494882292201,547.5,90.0,45.0,54,21.776796450970995,217,-1.479797906139964
45192,62631,-86.53445516328118,64.6538240580533,764.5,95.0,45.0,60,14.322366312066164,219,-1.0159069471448068
45154,62917,-86.38489225631693,65.77225468204583,491.0,100.0,45.0,240,15.116023594011255,35,-1.3485968567507338
45115,63181,-86.23407487973661,66.80140948635182,-409.5,105.0,45.0,140,21.640991860702652,355,0.07645997736135775
45077,63424,-86.08215025066646,67.75097634278764,-920.5,110.0,45.0,85,12.013011479988906,327,0.7697118910852117
45037,63649,-85.92924470738788,68.62937773065681,-1229.5,115.0,45.0,84,25.498100983993265,259,4.613138436282936
44998,63857,-85.77546714813768,69.44395478041653,-324.5,120.0,45.0,70,10.517959211340138,310,1.1803114212203758
44958,64051,-85.62091184322657,70.20112364547508,-193.5,125.0,45.0,20,6.7763400514355405,332,0.42573562396510223
44919,64232,-85.46566074236968,70.90650799951439,-302.5,130.0,45.0,246,25.694307432784285,77,-2.2003216106107724
44879,64400,-85.30978537475212,71.56505117707799,-1272.5,135.0,45.0,258,18.084991399443414,70,-1.4127081498672243
44839,64558,-85.15334841972359,72.18111108547723,-1787.5,140.0,45.0,246,18.16854819698838,81,-1.2321347560027065
44825,28071,-85.10047257899905,-70.3461759419467,-2311.0,-140.0,50.0,263,11.413186771462843,134,2.2361106344819093
44865,28242,-85.25515766742748,-69.67686317033707,-2260.0,-135.0,50.0,220,15.56587469233879,121,3.0094881084074356
44904,28425,-85.4091696466265,-68.96248897457819,-1833.5,-130.0,50.0,229,12.722062514623573,329,0.6365228927004148
44943,28621,-85.5624357591747,-68.19859051364818,-1392.5,-125.0,50.0,200,12.508889746409778,330,-0.022101581724868414
44983,28830,-85.71487330712905,-67.38013505195957,-1232.5,-120.0,50.0,271,10.166870556647051,97,-1.1672188087020299
45021,29055,-85.86638796776776,-66.5014343240479,-1730.5,-115.0,50.0,258,11.497974246360045,92,-0.8836970755556053
45060,29297,-86.0168717780252,-65.55604521958347,-1709.5,-110.0,50.0,200,9.932380363921496,89,-0.8181915812202677
45098,29558,-86.16620071625277,-64.5366549381284,-1463.0,-105.0,50.0,238,18.003952144750453,85,-0.9365685202218147
45136,29840,-86.3142317945572,-63.43494882292201,-1517.5,-100.0,50.0,60,8.638771027495324,142,1.7264488281532486
45173,30146,-86.46079955702656,-62.24145939893998,-1360.0,-95.0,50.0,235,8.165391089803649,37,-0.9615812553082915
45211,30477,-86.60571185894956,-60.94539590092286,-1500.5,-90.0,50.0,278,10.037812091401769,175,1.37552605448912
45247,30839,-86.74874478069894,-59.53445508054013,-1483.0,-85.0,50.0,125,9.913619847994669,247,-0.930749667567852
45283,31233,-86.88963650969119,-57.9946167919165,-912.5,-80.0,50.0,77,13.675378376989846,286,-1.9129101789539371
45319,31664,-87.02808000958088,-56.309932474020215,-1124.0,-75.0,50.0,289,9.470726365813048,152,-0.35488397742091915
45353,32137,-87.16371429655122,-54.46232220802562,-1760.5,-70.0,50.0,278,11.26872590909037,43,0.6021105579695756
45387,32657,-87.2961141739111,-52.43140797117251,-1746.5,-65.0,50.0,160,11.517815545250707,5,-0.04987936325668754
45420,33230,-87.42477836440185,-50.19442890773481,-1368.0,-60.0,50.0,314,8.165391089803649,255,-0.13469179478453316
45452,33862,-87.54911616617494,-47.72631099390627,-3804.0,-55.0,50.0,310,33.36363866965987,175,10.707573702072208
45483,34560,-87.66843310492295,-45.0,-3278.0,-50.0,50.0,104,29.38258980600164,293,9.314891962698395
45512,35331,-87.78191664380071,-41.98721249581666,-1501.0,-45.0,50.0,353,20.588688548975227,144,1.590869025678095
45539,36183,-87.88862393688133,-38.65980825409009,-1462.0,-40.0,50.0,121,16.013766656799273,282,-1.0832869656479818
45564,37122,-87.98747493213558,-34.99202019855866,-1488.5,-35.0,50.0,222,15.67768988258592,262,0.36886260367749346
45587,38153,-88.07725578125002,-30.96375653207352,-1214.5,-30.0,50.0,72,6.3727843156764585,284,0.36175988175242657
45608,39279,-88.15663913581275,-26.56505117707799,-972.0,-25.0,50.0,43,6.714144136144063,278,-1.5140281119011945
45625,40498,-88.22422863696782,-21.80140948635181,-686.5,-20.0,50.0,122,12.837073107691536,273,-2.0023023243948312
45639,41804,-88.27863328840705,-16.69924423399362,-247.5,-15.0,50.0,290,12.608807654448128,151,-0.5254567784796749
45649,43184,-88.31857182956591,-11.309932474020213,-1920.5,-10.0,50.0,299,19.651509855666934,47,1.4440389498971076
45655,44618,-88.34299722571284,-5.710593137499642,-1805.0,-5.0,50.0,103,11.24253109421853,207,1.7403943546952265
45657,46080,-88.35121947756187,0.0,-1056.5,0.0,50.0,97,17.068202532356192,298,0.6175782587597186
45655,47541,-88.34299722571284,5.710593137499642,-343.5,5.0,50.0,185,16.45965788027016,329,0.0519669412160726
45649,48975,-88.31857182956591,11.309932474020213,-400.5,10.0,50.0,234,15.790068198055893,80,-0.47020709872184074
45639,50355,-88.27863328840705,16.69924423399362,-613.0,15.0,50.0,144,15.790068198055893,0,0.2157973185064687
45625,51661,-88.22422863696782,21.80140948635181,-1150.0,20.0,50.0,294,12.147327016307285,102,-0.2877460440043638
45608,52880,-88.15663913581275,26.56505117707799,-2246.5,25.0,50.0,276,20.376447823277726,100,1.0743436252977443
45587,54006,-88.07725578125002,30.96375653207352,-3357.5,30.0,50.0,255,17.124655610243295,101,2.7055828758441764
45564,55037,-87.98747493213558,34.99202019855866,-3814.5,35.0,50.0,315,12.079657844230608,104,3.716945306287361
45539,55976,-87.88862393688133,38.65980825409009,-3866.0,40.0,50.0,327,11.879731577748567,128,3.9893220691765947
45512,56828,-87.78191664380071,41.98721249581666,-3764.5,45.0,50.0,354,13.126357942401699,167,3.887311382875859
45483,57599,-87.66843310492295,45.0,-3559.5,50.0,50.0,346,15.557497924714202,170,3.28543780309588
45452,58297,-87.54911616617494,47.72631099390627,-2735.0,55.0,50.0,12,20.193557219871995,182,1.8487535694863981
45420,58929,-87.42477836440185,50.19442890773481,-1303.0,60.0,50.0,17,29.492613968304333,185,-0.06923546792415512
45387,59502,-87.2961141739111,52.43140797117251,35.5,65.0,50.0,30,13.983109661074817,229,-1.6819135075393665
45353,60022,-87.16371429655122,54.46232220802562,-18.0,70.0,50.0,96,14.210617066655383,234,1.3686910830673678
45319,60495,-87.02808000958088,56.309932474020215,77.5,75.0,50.0,347,16.013766656799273,222,-0.08443005664086142
45283,60926,-86.88963650969119,57.9946167919165,247.5,80.0,50.0,331,11.21772204722938,207,-0.990462302692283
45247,61320,-86.74874478069894,59.53445508054013,481.0,85.0,50.0,313,28.005530847737717,206,-1.5720598360862712
45211,61682,-86.60571185894956,60.94539590092286,630.5,90.0,50.0,248,9.156578400710456,164,-0.6737459203818227
45173,62013,-86.46079955702656,62.24145939893998,628.5,95.0,50.0,254,4.676102108373595,8,-1.1617759417202074
45136,62319,-86.3142317945572,63.43494882292201,-380.5,100.0,50.0,124,23.49681910969433,5,-0.04653645690725426
45098,62601,-86.16620071625277,64.5366549381284,-914.5,105.0,50.0,135,22.883774316421174,358,0.7311019928933865
45060,62862,-86.0168717780252,65.55604521958347,-1365.5,110.0,50.0,180,10.256265401828957,332,1.4276267386597712
45021,63104,-85.86638796776776,66.5014343240479,-884.0,115.0,50.0,80,11.219601244106984,328,1.0653341730559405
44983,63329,-85.71487330712905,67.38013505195957,-445.5,120.0,50.0,271,20.376447823277726,180,1.506700440873083
44943,63538,-85.5624357591747,68.19859051364818,-603.5,125.0,50.0,51,7.381109279816761,178,2.2719860744427316
44904,63734,-85.4091696466265,68.96248897457819,-304.5,130.0,50.0,21,7.066412113295199,184,0.5608616424121394
44865,63917,-85.25515766742748,69.67686317033707,36.0,135.0,50.0,249,19.736225733732084,82,-2.412135867898892
44825,64088,-85.10047257899905,70.3461759419467,-609.5,140.0,50.0,228,19.52166357833413,84,-2.0155941433264757
44810,28530,-85.04269014402158,-68.55226367289465,-2344.5,-140.0,55.0,8,10.164589155481595,152,2.657844603824381
44850,28714,-85.19550552537916,-67.83365417791754,-2321.5,-135.0,55.0,79,9.379224093514146,311,2.9224339976403257
44888,28910,-85.34753345550538,-67.06789956241022,-1993.5,-130.0,55.0,92,8.875020208145335,318,1.0094279254208067
44927,29119,-85.49869151205854,-66.25050550713324,-1696.0,-125.0,55.0,142,12.91183289440084,315,-0.11160663406843468
44966,29343,-85.64888641135444,-65.37643521383639,-1772.0,-120.0,55.0,330,12.608807654448128,95,-0.788836371597942
45004,29583,-85.79801225959118,-64.4400348281762,-2060.5,-115.0,55.0,249,9.462397417377124,91,-0.5628959515560547
45042,29840,-85.94594848413062,-63.43494882292201,-2197.0,-110.0,55.0,267,6.935139321114585,88,-0.41885896579947274
45079,30117,-86.09255738331487,-62.35402463626132,-2099.0,-105.0,55.0,231,10.519847242351,84,-0.4370814537273863
45116,30415,-86.23768122272367,-61.189206257026946,-1829.5,-100.0,55.0,219,14.890376736044576,80,-0.5518777366936056
45153,30737,-86.38113879469832,-59.93141717813756,-1507.0,-95.0,55.0,78,8.638771027495324,325,-0.04201228955268803
45189,31085,-86.52272134742442,-58.57043438516149,-1386.0,-90.0,55.0,77,5.303660838215453,218,-0.060088544447980334
45225,31463,-86.66218778188009,-57.094757077012105,-1275.5,-85.0,55.0,177,6.85019715840115,247,-1.1182763929257267
45260,31874,-86.79925901303795,-55.4914770123316,-976.5,-80.0,55.0,225,14.549190374129882,10,-1.3503758502962042
45295,32320,-86.93361140178256,-53.74616226255522,-1271.0,-75.0,55.0,293,9.667914470835498,6,-1.2513001717435814
45328,32808,-87.06486919563164,-51.84277341263094,-1768.5,-70.0,55.0,87,10.691253399147842,357,1.0569784498686718
45361,33340,-87.19259598436352,-49.76364169072618,-1470.0,-65.0,55.0,65,10.051561618623552,249,-0.23249940583998002
45392,33922,-87.31628530297361,-47.48955292199916,-1832.5,-60.0,55.0,27,11.046618935294191,270,2.535437496350842
45423,34560,-87.43535072939171,-45.0,-1725.0,-55.0,55.0,59,26.087366782655348,251,0.31363429656717606
45452,35257,-87.54911616617494,-42.27368900609374,-1622.0,-50.0,55.0,55,17.784931177056027,264,-0.47449839997290505
45480,36021,-87.65680750347639,-39.28940686250036,-1164.5,-45.0,55.0,11,7.254819376262245,268,-1.697314005806968
45505,36856,-87.75754755825808,-36.02737338510361,-1475.5,-40.0,55.0,0,13.526748355365502,155,1.8462369297729049
45529,37767,-87.85035704191449,-32.47119229084849,-1707.0,-35.0,55.0,45,22.546836819402007,307,4.285679918866677
45551,38755,-87.93416517952703,-28.61045966596522,-1123.5,-30.0,55.0,55,17.012361234711907,267,-1.340267702711151
45570,39822,-88.00783414911542,-24.443954780416536,-469.0,-25.0,55.0,359,3.7668217989640054,260,-1.9438610160335021
45585,40964,-88.07020114702377,-19.98310652189998,-631.0,-20.0,55.0,261,8.638771027495324,108,-0.4603721215717106
45598,42174,-88.12013988227137,-15.255118703057777,-1264.0,-15.0,55.0,231,25.103828708118968,95,0.662123409626037
45608,43441,-88.15663913581275,-10.304846468766033,-1801.0,-10.0,55.0,203,14.664256299684611,85,1.417962471630182
45613,44750,-88.17889003531414,-5.194428907734806,-2054.5,-5.0,55.0,143,17.563596509203496,37,2.1298775919383472
45615,46080,-88.1863677064886,0.0,-1806.5,0.0,55.0,215,20.80034024220414,30,1.5627608500546593
45613,47409,-88.17889003531414,5.194428907734806,-1549.0,5.0,55.0,102,29.675519134605818,282,1.255280059436648
45608,48718,-88.15663913581275,10.304846468766033,-547.0,10.0,55.0,192,13.983109661074817,258,-0.43697175832870283
45598,49985,-88.12013988227137,15.255118703057777,-705.5,15.0,55.0,235,5.139185030821,80,0.24293202459577098
45585,51195,-88.07020114702377,19.98310652189998,-800.0,20.0,55.0,314,4.102559458573423,108,-0.7093059510702797
45570,52337,-88.00783414911542,24.443954780416536,-1636.5,25.0,55.0,265,17.565371762030523,107,0.26388043142732115
45551,53404,-87.93416517952703,28.61045966596522,-2755.0,30.0,55.0,282,17.1388489380384,66,3.9740081680370576
45529,54392,-87.85035704191449,32.47119229084849,-3209.5,35.0,55.0,315,15.754579057606179,130,2.4328565752505655
45505,55303,-87.75754755825808,36.02737338510361,-3437.5,40.0,55.0,315,15.723850236448268,133,2.855009470912635
45480,56138,-87.65680750347639,39.28940686250036,-3301.0,45.0,55.0,301,18.22243026617343,136,2.724535817530388
45452,56902,-87.54911616617494,42.27368900609374,-2707.5,50.0,55.0,332,26.087366782655348,163,1.8681376274901211
45423,57599,-87.43535072939171,45.0,-1973.0,55.0,55.0,342,21.011399599504742,182,0.8188988264360445
45392,58237,-87.31628530297361,47.48955292199916,-927.5,60.0,55.0,8,20.16362145164265,231,-0.5885273135126783
45361,58819,-87.19259598436352,49.76364169072618,153.0,65.0,55.0,358,7.896224205529208,229,-1.762042815144468
45328,59351,-87.06486919563164,51.84277341263094,100.0,70.0,55.0,341,10.286717704515759,147,-0.28148227620838495
45295,59839,-86.93361140178256,53.74616226255522,456.0,75.0,55.0,295,15.116023594011255,185,-1.6330067468912255
45260,60285,-86.79925901303795,55.4914770123316,1055.0,80.0,55.0,319,19.306530159211473,216,-2.5084222476485407
45225,60696,-86.66218778188009,57.094757077012105,1017.5,85.0,55.0,280,8.753669476375197,121,-1.823509579086747
45189,61074,-86.52272134742442,58.57043438516149,737.5,90.0,55.0,290,8.05790863061892,50,-1.8172106288213266
45153,61422,-86.38113879469832,59.93141717813756,-212.5,95.0,55.0,167,16.980208910180238,41,-0.44076720152314053
45116,61744,-86.23768122272367,61.189206257026946,-1072.5,100.0,55.0,166,15.07544504305338,12,0.7347421953936802
45079,62042,-86.09255738331487,62.35402463626132,-1501.5,105.0,55.0,173,11.102318912283419,346,2.461874546386973
45042,62319,-85.94594848413062,63.43494882292201,-1535.5,110.0,55.0,165,8.142841005677909,339,1.7514960268790636
45004,62576,-85.79801225959118,64.4400348281762,-1208.5,115.0,55.0,65,8.638771027495324,322,3.1390199898036215
44966,62816,-85.64888641135444,65.37643521383639,-803.5,120.0,55.0,74,11.219601244106984,327,1.354304762157821
44927,63040,-85.49869151205854,66.25050550713324,-524.5,125.0,55.0,27,7.673622140293756,321,1.2508557172513497
44888,63249,-85.34753345550538,67.06789956241022,-515.0,130.0,55.0,61,6.736836843464416,172,1.078053462003301
44850,63445,-85.19550552537916,67.83365417791754,-277.5,135.0,55.0,345,10.749691805396314,181,0.24231260558164366
44810,63629,-85.04269014402158,68.55226367289465,148.0,140.0,55.0,67,10.519847242351,183,-0.525960521706164
44833,29174,-85.13101458191542,-66.03751102542182,-2004.5,-135.0,60.0,89,15.04682943591527,287,1.235833913315302
44871,29382,-85.2809547653117,-65.22485943116808,-1403.0,-130.0,60.0,73,16.681840578121154,295,-0.5401127275980112
44910,29604,-85.42990056998914,-64.35899417569472,-1591.5,-125.0,60.0,19,9.966067434172684,98,-0.8369844363662391
44947,29840,-85.57774893801852,-63.43494882292201,-2233.0,-120.0,60.0,315,14.133581233985161,94,-0.4154439264937858
44985,30093,-85.72438345504115,-62.447188423282206,-3039.5,-115.0,60.0,263,16.36344950177961,91,0.15318554380695798
45022,30364,-85.86967228747754,-61.38954033403479,-2739.5,-110.0,60.0,165,12.378271269705426,87,0.029612361561242136
45059,30654,-86.01346577263308,-60.25511870305778,-2679.5,-105.0,60.0,235,11.219601244106984,83,0.05401987945820968
45095,30966,-86.1555936062852,-59.03624346792648,-2407.0,-100.0,60.0,247,19.52166357833413,79,-0.04493857490182756
45131,31302,-86.29586156772454,-57.724355685422374,-2188.5,-95.0,60.0,235,15.34119138235815,29,-0.2242247911048596
45167,31664,-86.43404772029623,-56.309932474020215,-2290.5,-90.0,60.0,186,12.608807654448128,13,-0.24098756424851742
45201,32055,-86.56989802869707,-54.78240703180729,-2466.5,-85.0,60.0,250,22.05770150046622,20,-0.21036573528635255
45235,32478,-86.7031213464795,-53.13010235415598,-2128.0,-80.0,60.0,229,13.35681293429193,14,-0.24380684671908717
45269,32936,-86.83338375421536,-51.34019174590991,-2076.0,-75.0,60.0,259,10.807888256321782,1,-0.751651804027759
45301,33433,-86.9603022791006,-49.398705354995535,-1433.5,-70.0,60.0,162,17.124655610243295,357,-1.1697490161017818
45333,33973,-87.08343811231352,-47.290610042638534,-665.0,-65.0,60.0,331,11.91598133482619,167,-0.738141787180362
45363,34560,-87.20228957672339,-45.0,-1454.0,-60.0,60.0,42,20.499159615745597,257,-0.31111173333962694
45392,35197,-87.31628530297361,-42.510447078000844,-1373.0,-55.0,60.0,62,20.497032788434513,265,-0.6917011322440163
45420,35889,-87.42477836440185,-39.80557109226519,-809.5,-50.0,60.0,34,18.003952144750453,258,-2.056952802815296
45446,36641,-87.52704250998163,-36.86989764584402,-844.5,-45.0,60.0,357,22.678181100020375,257,-1.9956923645854994
45471,37455,-87.62227210456714,-33.690067525979785,-791.5,-40.0,60.0,137,7.633789347377179,262,-2.1116407345462167
45493,38334,-87.70958787318247,-30.256437163529263,-215.5,-35.0,60.0,104,5.653459083937177,290,-1.2616651174155096
45513,39279,-87.78805090633713,-26.56505117707799,-179.0,-30.0,60.0,41,6.500106222329226,257,-2.5254545817630896
45531,40289,-87.85668736760378,-22.619864948040426,-457.5,-25.0,60.0,289,12.608807654448128,116,-0.871779147215457
45546,41360,-87.91452561711344,-18.43494882292201,-1458.0,-20.0,60.0,251,16.604249475826887,107,0.44179609867049563
45557,42486,-87.96064570827723,-14.036243467926479,-2441.5,-15.0,60.0,238,20.16362145164265,93,1.5653830287925217
45566,43657,-87.9942383574632,-9.462322208025617,-3014.0,-10.0,60.0,218,15.403232196684849,78,2.8199141018452294
45571,44860,-88.01466698755613,-4.763641690726178,-3133.0,-5.0,60.0,169,12.94633452821011,62,3.503371952537953
45573,46080,-88.02152344260521,0.0,-3772.5,0.0,60.0,189,22.261828916909995,26,5.303131263761913
45571,47299,-88.01466698755613,4.763641690726178,-3445.5,5.0,60.0,114,26.087366782655348,324,4.278227245238765
45566,48502,-87.9942383574632,9.462322208025617,-1403.5,10.0,60.0,129,14.274817971055102,267,0.8828631459045339
45557,49673,-87.96064570827723,14.036243467926479,-805.0,15.0,60.0,217,6.2554487237117495,102,-0.24373878634892573
45546,50799,-87.91452561711344,18.43494882292201,-925.0,20.0,60.0,329,4.580690569751169,297,0.6472459487887768
45531,51870,-87.85668736760378,22.619864948040426,-1210.0,25.0,60.0,289,24.10421336510746,131,-0.3229852961414727
45513,52880,-87.78805090633713,26.56505117707799,-1528.0,30.0,60.0,323,25.103828708118968,132,0.08197449479025008
45493,53825,-87.70958787318247,30.256437163529263,-1981.5,35.0,60.0,311,28.005530847737717,134,0.6422440604698082
45471,54704,-87.62227210456714,33.690067525979785,-2195.5,40.0,60.0,290,24.305412437438655,136,0.9552832328899687
45446,55518,-87.52704250998163,36.86989764584402,-1965.0,45.0,60.0,330,17.11216827234198,139,0.7281773668634599
45420,56270,-87.42477836440185,39.80557109226519,-1410.5,50.0,60.0,332,21.430036126086453,142,0.07976941412256645
45392,56962,-87.31628530297361,42.510447078000844,-489.5,55.0,60.0,346,22.883774316421174,231,-1.2191734190819878
45363,57599,-87.20228957672339,45.0,44.5,60.0,60.0,252,7.92635945709127,147,-1.542314772254349
45333,58186,-87.08343811231352,47.290610042638534,-21.5,65.0,60.0,292,13.755151458317963,187,-1.3202201701712029
45301,58726,-86.9603022791006,49.398705354995535,198.5,70.0,60.0,357,14.66827596926851,209,-0.19701561845777693
45269,59223,-86.83338375421536,51.34019174590991,986.0,75.0,60.0,350,14.954746261210259,215,-2.471218576214044
45235,59681,-86.7031213464795,53.13010235415598,1321.5,80.0,60.0,1,22.19271436909881,213,-2.6808648474533467
45201,60104,-86.56989802869707,54.78240703180729,1549.0,85.0,60.0,274,10.579948292987435,57,-2.78005799673453
45167,60495,-86.43404772029623,56.309932474020215,868.5,90.0,60.0,224,15.554999230395872,58,-2.2486007735702804
45131,60857,-86.29586156772454,57.724355685422374,-495.5,95.0,60.0,249,25.103828708118968,59,-0.01588885571726688
45095,61193,-86.1555936062852,59.03624346792648,-1438.0,100.0,60.0,198,13.574904527805357,20,1.4488691245383016
45059,61505,-86.01346577263308,60.25511870305778,-1546.0,105.0,60.0,248,10.531704461852932,29,2.2945422334902736
45022,61795,-85.86967228747754,61.38954033403479,-1497.0,110.0,60.0,244,8.489699120563971,14,1.9070729526714236
44985,62066,-85.72438345504115,62.447188423282206,-1505.5,115.0,60.0,305,9.028813634037078,340,2.203789283547041
44947,62319,-85.57774893801852,63.43494882292201,-1323.5,120.0,60.0,96,13.297906328795719,332,2.1846483924933002
44910,62555,-85.42990056998914,64.35899417569472,-1084.0,125.0,60.0,114,13.79341071450827,327,2.140151989547623
44871,62777,-85.2809547653117,65.22485943116808,-868.0,130.0,60.0,92,14.432172588327242,196,1.614059689859624
44833,62985,-85.13101458191542,66.03751102542182,-323.5,135.0,60.0,53,18.22243026617343,176,0.24239355944900373
44815,29621,-85.06187545883036,-64.29004621918874,-801.0,-135.0,65.0,100,11.452111822902118,276,-1.7200389259226836
44853,29840,-85.2096407277125,-63.43494882292201,-936.5,-130.0,65.0,324,8.964743445892621,162,-1.5191764779004415
44891,30073,-85.35628832025255,-62.52556837372287,-1848.0,-125.0,65.0,283,17.345278383521634,98,-0.571747414183753
44928,30321,-85.5017063861161,-61.55707137563666,-2809.5,-120.0,65.0,307,12.938430412179192,94,0.057224165359764545
44965,30585,-85.64576921618746,-60.52411099675425,-3032.5,-115.0,65.0,316,8.528078796457361,90,0.28755879392324224
45001,30868,-85.7883352379665,-59.42077312751099,-3503.5,-110.0,65.0,258,14.210617066655383,88,1.3000436171763368
45037,31170,-85.92924470738788,-58.240519915187214,-3237.0,-105.0,65.0,212,9.656485415874275,82,0.5813603947078342
45073,31494,-86.06831705865879,-56.97613244420336,-3092.5,-100.0,65.0,237,19.306530159211473,78,0.5697002183869435
45108,31841,-86.20534787461253,-55.619655276155136,-3173.0,-95.0,65.0,243,11.684240740598153,25,0.6458680338896982
45143,32214,-86.34010544502242,-54.16234704572171,-2993.0,-90.0,65.0,242,16.790948921878005,9,0.4116890420382389
45176,32615,-86.47232689180137,-52.59464336859145,-2994.5,-85.0,65.0,146,11.676748456165257,4,0.2776922245327062
45210,33048,-86.60171386159979,-50.906141113770495,-2527.0,-80.0,65.0,226,9.082719490811744,0,-0.23237671591342784
45242,33514,-86.72792782297941,-49.08561677997488,-1809.5,-75.0,65.0,345,31.024740393406116,353,-0.42092518921280175
45273,34016,-86.85058506369197,-47.12109639666146,-1178.0,-70.0,65.0,105,15.34119138235815,315,0.8425261939158311
45304,34560,-86.9692515718618,-45.0,-249.5,-65.0,65.0,202,9.816904960448051,303,-1.9650840238072378
45333,35146,-87.08343811231352,-42.70938995736147,-194.5,-60.0,65.0,64,18.003952144750453,256,-2.101717203123713
45361,35779,-87.19259598436352,-40.23635830927382,233.5,-55.0,65.0,66,16.681840578121154,270,-2.907413758539947
45387,36462,-87.2961141739111,-37.568592028827496,-32.0,-50.0,65.0,6,12.78693191189423,244,-1.4175268327605512
45412,37198,-87.39331888279462,-34.69515353123397,-159.5,-45.0,65.0,295,10.051561618623552,127,-1.210299767436264
45435,37988,-87.4834767019684,-31.6075022462489,-642.5,-40.0,65.0,257,9.346599687499832,123,0.43798924770716025
45456,38835,-87.56580292617622,-28.30075576600638,-885.0,-35.0,65.0,262,22.05770150046622,120,2.7411581226257944
45475,39737,-87.63947657336776,-24.77514056883192,-784.0,-30.0,65.0,29,22.2634693258976,285,1.9869122418945446
45492,40694,-87.70366341363857,-21.037511025421818,-930.5,-25.0,65.0,274,16.6800483771075,116,-0.5347662525753216
45505,41701,-87.75754755825808,-17.102728969052375,-2439.5,-20.0,65.0,266,18.464591713318868,104,1.2328342087294613
45516,42753,-87.8003708031157,-12.994616791916505,-3371.0,-15.0,65.0,245,15.312104283794591,94,2.808207708306091
45524,43840,-87.83147704221777,-8.74616226255521,-3512.5,-10.0,65.0,208,12.25532698447314,89,3.749032671070777
45529,44953,-87.85035704191449,-4.398705354995532,-3458.5,-5.0,65.0,220,10.31072649607552,82,4.5404955440304215
45531,46080,-87.85668736760378,0.0,-3420.5,0.0,65.0,289,20.80034024220414,47,5.404322952853635
45529,47206,-87.85035704191449,4.398705354995532,-2808.5,5.0,65.0,130,11.860517685344352,265,3.5966340206274987
45524,48319,-87.83147704221777,8.74616226255521,-2566.5,10.0,65.0,127,20.74735076559887,219,3.4565323206344014
45516,49406,-87.8003708031157,12.994616791916505,-1364.5,15.0,65.0,260,17.124655610243295,8,1.8903051638094315
45505,50458,-87.75754755825808,17.102728969052375,-1211.5,20.0,65.0,146,14.4358361317493,295,1.1378290464898528
45492,51465,-87.70366341363857,21.037511025421818,-1234.5,25.0,65.0,174,6.928672524429916,254,0.19366643071411135
45475,52422,-87.63947657336776,24.77514056883192,-1256.0,30.0,65.0,338,12.378271269705426,191,1.7893451347476497
45456,53324,-87.56580292617622,28.30075576600638,-897.5,35.0,65.0,31,19.09082928208303,137,-0.6479361500873165
45435,54171,-87.4834767019684,31.6075022462489,-889.5,40.0,65.0,37,19.736225733732084,139,-0.6498721184233773
45412,54961,-87.39331888279462,34.69515353123397,-687.0,45.0,65.0,21,6.042267882343595,228,-0.8266559768490808
45387,55697,-87.2961141739111,37.568592028827496,-904.0,50.0,65.0,248,27.24613894169708,324,3.6798088545113545
45361,56380,-87.19259598436352,40.23635830927382,-1317.0,55.0,65.0,215,29.12481514956709,333,8.879032043547172
45333,57013,-87.08343811231352,42.70938995736147,-884.5,60.0,65.0,57,42.0913823514645,253,0.534117095381722
45304,57599,-86.9692515718618,45.0,126.0,65.0,65.0,28,13.809277460071648,225,-1.8612778373099916
45273,58143,-86.85058506369197,47.12109639666146,407.5,70.0,65.0,23,19.53237368839822,191,-1.5573415157473278
45242,58645,-86.72792782297941,49.08561677997488,1920.0,75.0,65.0,17,26.326010274035454,214,-3.0310762327501837
45210,59111,-86.60171386159979,50.906141113770495,1614.0,80.0,65.0,165,34.03324320773937,24,-1.493927421539037
45176,59544,-86.47232689180137,52.59464336859145,1219.5,85.0,65.0,105,29.30904591367784,7,1.6461883082585567
45143,59945,-86.34010544502242,54.16234704572171,1267.0,90.0,65.0,242,18.111494972443435,67,-2.765339411679419
45108,60318,-86.20534787461253,55.619655276155136,-120.5,95.0,65.0,223,16.790948921878005,69,-0.7193518106839631
45073,60665,-86.06831705865879,56.97613244420336,-872.5,100.0,65.0,246,13.843193182728761,27,0.6091404738947126
45037,60989,-85.92924470738788,58.240519915187214,-1145.0,105.0,65.0,270,11.333675833144008,64,1.3809595439041553
45001,61291,-85.7883352379665,59.42077312751099,-993.5,110.0,65.0,309,8.978774065212296,69,1.390184664684658
44965,61574,-85.64576921618746,60.52411099675425,-1041.0,115.0,65.0,300,12.996816350651093,21,1.7076562479099884
44928,61838,-85.5017063861161,61.55707137563666,-1438.5,120.0,65.0,291,15.120652166234875,156,2.6303512853840254
44891,62086,-85.35628832025255,62.52556837372287,-1433.0,125.0,65.0,269,11.909636540102898,189,2.828846308089373
44853,62319,-85.2096407277125,63.43494882292201,-1292.5,130.0,65.0,81,8.725316882088022,169,1.7289729750733616
44815,62538,-85.06187545883036,64.29004621918874,-915.5,135.0,65.0,95,10.166870556647051,194,1.444965365173163
44834,30284,-85.1338006791206,-61.69924423399363,-1406.5,-130.0,70.0,292,12.147327016307285,165,-1.1843298966500073
44871,30527,-85.2780814296068,-60.751173663453024,-2326.5,-125.0,70.0,299,23.699914633887627,165,-0.22293064122536982
44907,30785,-85.4210043468333,-59.743562836470744,-2863.0,-120.0,70.0,311,9.734669567210359,94,0.24079269542430948
44943,31060,-85.5624357591747,-58.67130713219584,-3089.0,-115.0,70.0,311,7.562933972098111,92,0.5341719644162626
44979,31352,-85.70222596695993,-57.52880770915151,-3294.5,-110.0,70.0,69,6.977153649191311,167,1.8483732620510294
45015,31664,-85.84020708442623,-56.309932474020215,-3336.0,-105.0,70.0,76,6.261238468614476,167,2.1220832014049544
45049,31997,-85.97619060442244,-55.00797980144134,-3660.5,-100.0,70.0,297,14.549190374129882,82,1.4746599248804557
45084,32354,-86.10996466861855,-53.615648184164115,-3647.5,-95.0,70.0,77,9.109061398891308,0,2.8978357655318354
45117,32735,-86.24129103582256,-52.1250163489018,-3285.5,-90.0,70.0,321,8.875020208145335,67,1.0430025753925938
45150,33144,-86.36990175775975,-50.527540151656176,-3509.5,-85.0,70.0,125,20.376447823277726,0,0.7861285539585554
45182,33583,-86.49549559828526,-48.81407483429036,-2927.0,-80.0,70.0,232,16.90172007451071,355,0.1184204083902494
45214,34054,-86.61773427224823,-46.97493401088198,-2234.5,-75.0,70.0,189,15.56587469233879,351,-0.45891478392473944
45244,34560,-86.73623863860256,-45.0,-1571.5,-70.0,70.0,153,13.456647969352801,348,-0.978248431863128
45273,35103,-86.85058506369197,-42.87890360333855,-981.5,-65.0,70.0,245,30.57865157045948,344,-1.450000730160097
45301,35686,-86.9603022791006,-40.60129464500447,-307.0,-60.0,70.0,137,20.160179264950845,349,-1.8798733714189573
45328,36311,-87.06486919563164,-38.15722658736906,239.5,-55.0,70.0,114,19.09082928208303,296,-1.691483556104813
45353,36982,-87.16371429655122,-35.53767779197438,534.0,-50.0,70.0,254,17.124655610243295,344,-2.039301456890962
45377,37699,-87.25621740415028,-32.7352262721076,-309.5,-45.0,70.0,307,14.210617066655383,139,-0.8745649628939981
45399,38465,-87.34171476201936,-29.74488129694222,-413.5,-40.0,70.0,57,11.387219496030871,198,-0.09783943736686243
45419,39279,-87.41950844690301,-26.56505117707799,-331.5,-35.0,70.0,63,13.755151458317963,242,-1.3100990195732833
45437,40141,-87.48888104091148,-23.19859051364819,-198.5,-30.0,70.0,347,8.874094009997636,126,-1.4658718227739738
45452,41048,-87.54911616617494,-19.65382405805331,-1361.0,-25.0,70.0,256,22.26514208014742,118,-0.3583588835601179
45465,41997,-87.59952483363872,-15.945395900922854,-2779.0,-20.0,70.0,267,17.062236725928308,106,1.443423945216134
45475,42983,-87.63947657336776,-12.094757077012101,-3315.5,-15.0,70.0,269,13.071516064821521,102,2.685546411022997
45483,43998,-87.66843310492295,-8.13010235415598,-3455.0,-10.0,70.0,322,10.006179059235857,99,3.6543776873152076
45487,45034,-87.68598113890768,-4.085616779974877,-3482.0,-5.0,70.0,312,8.732265918359715,192,4.646609045190243
45489,46080,-87.69186016297304,0.0,-3470.0,0.0,70.0,158,9.149762012674337,204,4.176049279106193
45487,47125,-87.68598113890768,4.085616779974877,-3316.5,5.0,70.0,146,12.608807654448128,257,4.44929065544561
45483,48161,-87.66843310492295,8.13010235415598,-2883.0,10.0,70.0,84,15.56587469233879,211,2.8123444055642945
45475,49176,-87.63947657336776,12.094757077012101,-1964.5,15.0,70.0,126,25.89195466097947,258,1.518111327736439
45465,50162,-87.59952483363872,15.945395900922854,-1388.5,20.0,70.0,330,6.315579664990953,234,0.6282485361078598
45452,51111,-87.54911616617494,19.65382405805331,-1490.0,25.0,70.0,321,6.198841058715658,285,1.6905424748215012
45437,52018,-87.48888104091148,23.19859051364819,-1606.5,30.0,70.0,121,7.324387087383993,252,1.4822307289106549
45419,52880,-87.41950844690301,26.56505117707799,-1428.0,35.0,70.0,118,11.086277727307177,232,2.480042189044496
45399,53694,-87.34171476201936,29.74488129694222,-1112.0,40.0,70.0,141,10.431044641043394,267,0.43493081946496076
45377,54460,-87.25621740415028,32.7352262721076,-1097.0,45.0,70.0,28,7.0872114611245625,227,1.6905424748215012
45353,55177,-87.16371429655122,35.53767779197438,-984.5,50.0,70.0,22,7.893922727503488,235,-0.7130469296676466
45328,55848,-87.06486919563164,38.15722658736906,-711.5,55.0,70.0,118,12.528285518268522,228,-1.0948633919190283
45301,56473,-86.9603022791006,40.60129464500447,-86.5,60.0,70.0,100,10.051561618623552,226,-1.7133462421421004
45273,57056,-86.85058506369197,42.87890360333855,293.5,65.0,70.0,20,13.4105337787381,153,-1.7585256939106761
45244,57599,-86.73623863860256,45.0,1034.0,70.0,70.0,36,16.669921766730713,215,-2.5110515523570127
45214,58105,-86.61773427224823,46.97493401088198,1884.5,75.0,70.0,173,26.668135842645462,57,-1.9662946206339444
45182,58576,-86.49549559828526,48.81407483429036,-332.5,80.0,70.0,204,29.12183416587341,56,9.863752327957558
45150,59015,-86.36990175775975,50.527540151656176,-94.0,85.0,70.0,44,38.28490051117129,250,10.788313659964802
45117,59424,-86.24129103582256,52.1250163489018,1794.0,90.0,70.0,321,15.116023594011255,76,-3.2728876603321937
45084,59805,-86.10996466861855,53.615648184164115,515.0,95.0,70.0,235,17.688864518111455,77,-1.7093733906971786
45049,60162,-85.97619060442244,55.00797980144134,-151.0,100.0,70.0,251,14.7358440046803,81,-0.6588218787975606
45015,60495,-85.84020708442623,56.309932474020215,-323.0,105.0,70.0,318,10.98671573878638,88,-0.21053371348589486
44979,60807,-85.70222596695993,57.52880770915151,-237.5,110.0,70.0,348,7.200888863540297,93,-0.4043483913569637
44943,61099,-85.5624357591747,58.67130713219584,-156.0,115.0,70.0,325,15.833050438854924,152,0.9132004017587123
44907,61374,-85.4210043468333,59.743562836470744,-160.5,120.0,70.0,261,23.90238008745501,111,-0.5257764219305843
44871,61632,-85.2780814296068,60.751173663453024,-1155.0,125.0,70.0,261,21.687587823929107,161,1.544109888147645
44834,61875,-85.1338006791206,61.69924423399363,-1362.5,130.0,70.0,231,11.031191530543461,330,3.6565540941860766
44813,30715,-85.05364402384438,-60.01836063115067,-1632.5,-130.0,75.0,0,10.742867233462196,168,-1.0848003370212325
44850,30966,-85.19550552537916,-59.03624346792648,-2496.0,-125.0,75.0,347,10.564936605010285,168,-0.11913955015527718
44885,31233,-85.33588597786442,-57.9946167919165,-3292.0,-120.0,75.0,288,13.166657670794232,94,0.6858659006001745
44921,31516,-85.47464512481902,-56.88865803962798,-3746.0,-115.0,75.0,56,11.684240740598153,105,2.2050220478394835
44956,31817,-85.61162676920671,-55.71312302279104,-4387.0,-110.0,75.0,233,28.005530847737717,96,2.4258425223080042
44991,32137,-85.7466568003709,-54.46232220802562,-4042.5,-105.0,75.0,262,28.19221373353601,81,1.6731157031953559
45025,32478,-85.8795410081806,-53.13010235415598,-3389.5,-100.0,75.0,74,12.838929805514612,177,2.2372043421117183
45058,32842,-86.01006268415239,-51.70983680775693,-3531.0,-95.0,75.0,340,14.811404691968493,358,2.2587729394516742
45091,33230,-86.13798002214394,-50.19442890773481,-3847.0,-90.0,75.0,238,7.8156511734648255,82,3.388515537188336
45123,33644,-86.2630233505845,-48.57633437499735,-3639.0,-85.0,75.0,167,8.303443756927942,59,1.9726671280997234
45154,34087,-86.38489225631693,-46.8476102659946,-3405.0,-80.0,75.0,183,9.811352512369826,351,0.63036051408287
45184,34560,-86.50325269949805,-45.0,-3109.0,-75.0,75.0,206,17.784931177056027,347,0.19560151547592625
45214,35065,-86.61773427224823,-43.025065989118026,-2423.5,-70.0,75.0,185,14.67090676325043,343,-0.43056912947653375
45242,35605,-86.72792782297941,-40.91438322002513,-1804.5,-65.0,75.0,228,17.124655610243295,340,-0.8727370922153822
45269,36183,-86.83338375421536,-38.65980825409009,-939.5,-60.0,75.0,207,16.681840578121154,293,-1.5787719828048554
45295,36799,-86.93361140178256,-36.25383773744479,217.5,-55.0,75.0,137,7.094343049852833,289,-2.4694489489500038
45319,37455,-87.02808000958088,-33.690067525979785,156.0,-50.0,75.0,213,9.581915245891475,349,0.528673975364035
45341,38153,-87.11622191047437,-30.96375653207352,276.5,-45.0,75.0,44,8.21123381488526,169,-1.6601663477652981
45362,38893,-87.19743858278908,-28.072486935852957,281.0,-40.0,75.0,55,20.376447823277726,228,-1.7270099857306012
45381,39675,-87.27111023386533,-25.016893478100023,811.5,-35.0,75.0,61,19.52166357833413,253,-3.262392709308301
45398,40498,-87.33660941840833,-21.80140948635181,-70.0,-30.0,75.0,315,13.066778157320721,127,-1.5665688456029354
45412,41360,-87.39331888279462,-18.43494882292201,-1077.5,-25.0,75.0,322,21.43172850597227,122,-0.765461660599546
45424,42257,-87.4406533112605,-14.931417178137554,-2535.5,-20.0,75.0,294,28.379758707208037,113,1.0131629778460538
45434,43184,-87.47808395908947,-11.309932474020213,-3637.0,-15.0,75.0,50,24.705900224393954,186,6.774188126649173
45441,44135,-87.50516438852029,-7.594643368591445,-3252.0,-10.0,75.0,313,10.975415054466295,182,3.0103641995874146
45445,45103,-87.52155485129832,-3.8140748342903543,-3426.5,-5.0,75.0,21,9.960151375208318,192,3.384527836104286
45446,46080,-87.52704250998163,0.0,-3426.5,0.0,75.0,21,10.77830189630693,199,3.184985073828416
45445,47056,-87.52155485129832,3.8140748342903543,-3495.5,5.0,75.0,6,11.571241622103205,204,3.2851343741794086
45441,48024,-87.50516438852029,7.594643368591445,-3144.0,10.0,75.0,88,13.574746739184768,207,2.523543781237812
45434,48975,-87.47808395908947,11.309932474020213,-2205.0,15.0,75.0,95,20.284678666049334,206,1.2203880801257068
45424,49902,-87.4406533112605,14.931417178137554,-1184.0,20.0,75.0,335,8.63686195798163,228,-0.0012353203008368529
45412,50799,-87.39331888279462,18.43494882292201,-1565.0,25.0,75.0,320,7.04569755834247,92,1.7349444660010176
45398,51661,-87.33660941840833,21.80140948635181,-1577.5,30.0,75.0,18,6.700056590094661,210,1.4430134804564203
45381,52484,-87.27111023386533,25.016893478100023,-1502.5,35.0,75.0,11,7.101230767455365,237,0.4506530010990172
45362,53266,-87.19743858278908,28.072486935852957,-1377.5,40.0,75.0,9,7.4690191443235125,227,-0.3338996827554514
45341,54006,-87.11622191047437,30.96375653207352,-1268.5,45.0,75.0,1,7.875610145553152,231,-0.44238942712570545
45319,54704,-87.02808000958088,33.690067525979785,-988.0,50.0,75.0,152,18.440361227305228,239,0.21122613803359988
45295,55360,-86.93361140178256,36.25383773744479,-554.0,55.0,75.0,38,9.265281237871488,221,-1.211048708198091
45269,55976,-86.83338375421536,38.65980825409009,-307.5,60.0,75.0,63,12.378271269705426,217,-1.5551609175631014
45242,56554,-86.72792782297941,40.91438322002513,572.5,65.0,75.0,27,11.439988163478322,223,-2.168674519069814
45214,57094,-86.61773427224823,43.025065989118026,1115.0,70.0,75.0,47,19.23079610832863,214,-2.574970870443122
45184,57599,-86.50325269949805,45.0,1946.0,75.0,75.0,239,34.03324320773937,72,-2.2502014876697265
45154,58072,-86.38489225631693,46.8476102659946,-743.0,80.0,75.0,263,30.926538239006145,84,9.744608278736331
45123,58515,-86.2630233505845,48.57633437499735,248.0,85.0,75.0,21,37.22671269170031,132,7.326384128513646
45091,58929,-86.13798002214394,50.19442890773481,2381.0,90.0,75.0,289,8.638771027495324,84,-3.6983489214277716
45058,59317,-86.01006268415239,51.70983680775693,1133.0,95.0,75.0,228,15.307706249705518,84,-2.5093700332247546
45025,59681,-85.8795410081806,53.13010235415598,451.5,100.0,75.0,223,11.232084493956783,120,-0.2775953000684979
44991,60022,-85.7466568003709,54.46232220802562,177.5,105.0,75.0,279,16.90350809570642,93,-1.2031643101260863
44956,60342,-85.61162676920671,55.71312302279104,168.5,110.0,75.0,330,16.681840578121154,103,-0.8430323543494422
44921,60643,-85.47464512481902,56.88865803962798,359.0,115.0,75.0,57,11.219601244106984,174,0.7235739858773567
44885,60926,-85.33588597786442,57.9946167919165,410.0,120.0,75.0,283,6.33596517530334,33,-0.2931487581612772
44850,61193,-85.19550552537916,59.03624346792648,-245.5,125.0,75.0,213,9.778973681099908,103,0.18421021085284675
44813,61444,-85.05364402384438,60.01836063115067,-952.5,130.0,75.0,222,15.790068198055893,133,1.0825207092937517
44827,31390,-85.10878321084016,-57.38075692880717,-3009.0,-125.0,80.0,339,18.547364708655007,171,0.3228055348494968
44863,31664,-85.24658988796575,-56.309932474020215,-3385.0,-120.0,80.0,346,11.37531101964335,94,0.965054008355716
44897,31955,-85.3826529502745,-55.175510843043206,-3770.5,-115.0,80.0,268,18.874564837108476,91,1.3479319089159971
44932,32263,-85.5168112932568,-53.97262661489639,-4907.0,-110.0,80.0,316,13.730820906541066,121,4.480858501387314
44966,32589,-85.64888641135444,-52.69605172201657,-4910.5,-105.0,80.0,178,13.547209076625464,7,5.209325713721773
44999,32936,-85.77868047981143,-51.34019174590991,-4327.0,-100.0,80.0,132,26.669695506335824,5,2.8430580445192946
45031,33305,-85.90597429763862,-49.899092453787766,-4229.0,-95.0,80.0,53,16.971491164501852,306,3.898282340207682
45063,33698,-86.03052511897671,-48.366460663429805,-3631.0,-90.0,80.0,114,6.417016756339979,355,1.3859437867254367
45094,34115,-86.15206442002608,-46.73570458892839,-4038.5,-85.0,80.0,98,8.75479524581574,10,2.831595391794411
45125,34560,-86.27029567576251,-45.0,-3781.0,-80.0,80.0,176,9.315519577539762,346,1.0750615633861498
45154,35032,-86.38489225631693,-43.15238973400541,-3573.0,-75.0,80.0,181,10.808223080683502,342,0.6809717158949838
45182,35536,-86.49549559828526,-41.18592516570965,-3055.5,-70.0,80.0,165,11.965552805471129,338,0.08594176618965589
45210,36071,-86.60171386159979,-39.0938588862295,-2292.5,-65.0,80.0,154,12.544736983135529,335,-0.5680603168607796
45235,36641,-86.7031213464795,-36.86989764584402,-1430.5,-60.0,80.0,91,22.47196949722723,289,-1.2292132386932404
45260,37245,-86.79925901303795,-34.5085229876684,-242.0,-55.0,80.0,113,17.565371762030523,286,-2.191469867786618
45283,37886,-86.88963650969119,-32.005383208083494,-92.5,-50.0,80.0,35,17.345278383521634,313,1.1644964766201533
45305,38564,-86.97373616114442,-29.357753542791276,645.0,-45.0,80.0,68,11.381641729536941,283,-2.361783729065874
45325,39279,-87.05101937148595,-26.56505117707799,1181.0,-40.0,80.0,88,14.375450217452794,243,-3.113027963815393
45342,40030,-87.12093583622989,-23.629377730656817,1255.5,-35.0,80.0,299,18.547364708655007,141,-2.79907290261978
45358,40817,-87.18293580092859,-20.556045219583467,171.0,-30.0,80.0,302,13.176332775965234,185,-0.7891971008547995
45372,41637,-87.23648533193544,-17.35402463626132,-557.5,-25.0,80.0,308,22.47196949722723,126,-1.2006229259219603
45383,42486,-87.28108417516734,-14.036243467926479,-2041.5,-20.0,80.0,293,18.468068633487377,119,0.3128211212558061
45392,43361,-87.31628530297361,-10.619655276155134,-3053.5,-15.0,80.0,313,15.014303964257127,118,2.082326188953076
45399,44255,-87.34171476201936,-7.125016348901798,-3334.5,-10.0,80.0,302,12.57949835215114,183,2.49480585482991
45403,45164,-87.35709004963678,-3.576334374997351,-3394.0,-5.0,80.0,24,11.770085799717988,118,3.9650134536603927
45404,46080,-87.36223508966107,0.0,-3363.0,0.0,80.0,26,13.152267299070056,196,2.4035754162510914
45403,46995,-87.35709004963678,3.576334374997351,-3376.5,5.0,80.0,12,14.53975986996878,200,2.3896735822999675
45399,47904,-87.34171476201936,7.125016348901798,-2816.0,10.0,80.0,57,23.49681910969433,201,1.526957897396002
45392,48798,-87.31628530297361,10.619655276155134,-1744.5,15.0,80.0,59,21.743711885043144,201,0.30654318915624024
45383,49673,-87.28108417516734,14.036243467926479,-961.0,20.0,80.0,329,7.5191580232962565,141,-0.7792657286485776
45372,50522,-87.23648533193544,17.35402463626132,-1550.0,25.0,80.0,258,8.461768717599364,149,1.0675767611425486
45358,51342,-87.18293580092859,20.556045219583467,-1590.5,30.0,80.0,311,7.529742603010669,191,2.044410107598689
45342,52129,-87.12093583622989,23.629377730656817,-1574.0,35.0,80.0,16,7.870582631254373,222,0.6118770813623252
45325,52880,-87.05101937148595,26.56505117707799,-1521.0,40.0,80.0,8,8.401415663062537,224,0.28743959946144815
45305,53595,-86.97373616114442,29.357753542791276,-1381.5,45.0,80.0,6,8.87079444837667,180,1.9321556684460477
45283,54273,-86.88963650969119,32.005383208083494,-893.0,50.0,80.0,74,9.581915245891475,218,-1.0056395979953148
45260,54914,-86.79925901303795,34.5085229876684,-540.5,55.0,80.0,46,11.91598133482619,225,-1.35034593975319
45235,55518,-86.7031213464795,36.86989764584402,-167.5,60.0,80.0,48,11.473093019556396,223,-1.6490832362570036
45210,56088,-86.60171386159979,39.0938588862295,611.5,65.0,80.0,45,12.797994442578709,217,-2.1994505581831008
45182,56623,-86.49549559828526,41.18592516570965,1297.5,70.0,80.0,54,17.482295220924144,213,-2.692289742210328
45154,57127,-86.38489225631693,43.15238973400541,2844.0,75.0,80.0,56,16.013766656799273,211,-3.568041145979737
45125,57599,-86.27029567576251,45.0,1838.0,80.0,80.0,282,38.135580001232555,97,-1.8596787697990196
45094,58044,-86.15206442002608,46.73570458892839,1246.5,85.0,80.0,0,27.876645341807784,117,0.7924070354925906
45063,58461,-86.03052511897671,48.366460663429805,1927.5,90.0,80.0,101,29.857761289072908,39,-1.9390076974668107
45031,58854,-85.90597429763862,49.899092453787766,628.5,95.0,80.0,185,30.039340362751044,45,-0.4856518804227039
44999,59223,-85.77868047981143,51.34019174590991,-7.0,100.0,80.0,203,13.79861689086226,44,2.804520443447279
44966,59570,-85.64888641135444,52.69605172201657,46.5,105.0,80.0,128,11.758085816393294,348,4.825522386679507
44932,59896,-85.5168112932568,53.97262661489639,395.0,110.0,80.0,111,11.334026145649199,219,4.506515886779629
44897,60204,-85.3826529502745,55.175510843043206,445.0,115.0,80.0,266,7.4115715817255365,160,-0.249809917993688
44863,60495,-85.24658988796575,56.309932474020215,238.0,120.0,80.0,301,7.338546890826159,91,-0.6767000371412605
44827,60769,-85.10878321084016,57.38075692880717,-406.5,125.0,80.0,258,11.684240740598153,110,0.10621679674255388
44804,31799,-85.01813241262838,-55.7842978675626,-3222.0,-125.0,85.0,330,16.426389800831476,174,0.4240253528070282
44839,32079,-85.15334841972359,-54.68878656036681,-3785.5,-120.0,85.0,209,13.755151458317963,87,2.1282874293398057
44873,32376,-85.28670671547452,-53.53076560994813,-4089.0,-115.0,85.0,64,24.10421336510746,178,1.9361385759165504
44907,32689,-85.41804279381302,-52.30575953331083,-4925.5,-110.0,85.0,25,15.154888756451387,171,4.094903619875052
44940,33021,-85.5471754517289,-51.00900595749453,-4978.5,-105.0,85.0,90,13.281768816274324,261,5.624827092948425
44972,33373,-85.67390514333776,-49.635463426902646,-4514.0,-100.0,85.0,104,19.948487142527306,265,3.9838160578662456
45004,33745,-85.79801225959118,-48.179830119864235,-3611.0,-95.0,85.0,34,6.0342276010541935,354,1.8008864940979523
45035,34141,-85.91925537069154,-46.63657704161672,-3711.5,-90.0,85.0,117,6.8108560546159325,349,1.6440174142902568
45065,34560,-86.03736948717736,-45.0,-3851.0,-85.0,85.0,114,7.872426331902164,344,1.5168110912476342
45094,35004,-86.15206442002608,-43.264295411071615,-3852.5,-80.0,85.0,3,10.519847242351,284,1.7093507321046726
45123,35475,-86.2630233505845,-41.423665625002656,-3716.5,-75.0,85.0,127,10.705747309269334,337,0.9297539984683335
45150,35975,-86.36990175775975,-39.472459848343824,-3376.0,-70.0,85.0,124,13.125670997977396,333,0.45263394792650175
45176,36504,-86.47232689180137,-37.40535663140856,-2595.5,-65.0,85.0,148,21.221863400181103,330,-0.2963681908941516
45201,37064,-86.56989802869707,-35.21759296819271,-1324.5,-60.0,85.0,97,20.80034024220414,283,-1.3477298295718978
45225,37656,-86.66218778188009,-32.9052429229879,28.0,-55.0,85.0,68,15.226849330093849,282,-2.450520017294429
45247,38280,-86.74874478069894,-30.46554491945988,484.5,-50.0,85.0,44,11.91598133482619,279,-2.712785575649824
45268,38938,-86.82909803644073,-27.89727103094763,1044.0,-45.0,85.0,76,10.519847242351,277,-3.08069727280178
45287,39628,-86.9027632917905,-25.20112364547507,1612.5,-40.0,85.0,131,8.003514278889226,252,-3.5598942970652945
45304,40350,-86.9692515718618,-22.380135051959574,1658.0,-35.0,85.0,278,10.519847242351,142,-3.029182781224062
45319,41103,-87.02808000958088,-19.44003482817619,678.5,-30.0,85.0,317,23.189348972983645,139,-2.42324208755439
45332,41884,-87.07878479812982,-16.389540334034784,-142.5,-25.0,85.0,280,16.45965788027016,136,-1.6851121860247271
45342,42690,-87.12093583622989,-13.240519915187205,-1427.5,-20.0,85.0,317,17.277631370715557,126,-0.4588202815102043
45351,43517,-87.15415230786788,-10.007979801441337,-2412.5,-15.0,85.0,298,20.16362145164265,124,0.9905152697385734
45357,44362,-87.17811813029034,-6.7098368077569335,-3085.0,-10.0,85.0,327,16.45965788027016,184,1.5692118528998948
45361,45218,-87.19259598436352,-3.3664606634298013,-3219.5,-5.0,85.0,288,15.56587469233879,189,1.7500735905700264
45362,46080,-87.19743858278908,0.0,-3199.0,0.0,85.0,33,16.408506375161505,193,1.6833990821194438
45361,46941,-87.19259598436352,3.3664606634298013,-2994.5,5.0,85.0,20,18.640923187296913,196,1.2857759449934532
45357,47797,-87.17811813029034,6.7098368077569335,-2253.0,10.0,85.0,34,25.103828708118968,196,0.5117835461559376
45351,48642,-87.15415230786788,10.007979801441337,-1369.0,15.0,85.0,14,19.706803504723258,248,1.5051511837598115
45342,49469,-87.12093583622989,13.240519915187205,-974.0,20.0,85.0,260,12.608807654448128,145,-0.7235309869102529
45332,50275,-87.07878479812982,16.389540334034784,-1220.0,25.0,85.0,296,15.116023594011255,155,-0.21689945618488587
45319,51056,-87.02808000958088,19.44003482817619,-1496.5,30.0,85.0,309,8.315606515697601,165,0.5220998149532095
45304,51809,-86.9692515718618,22.380135051959574,-1618.0,35.0,85.0,33,9.477382612117218,172,1.8418696673505326
45287,52531,-86.9027632917905,25.20112364547507,-1369.0,40.0,85.0,13,9.134037627059286,210,-0.34503138693984786
45268,53221,-86.82909803644073,27.89727103094763,-1159.0,45.0,85.0,345,12.606947586150259,207,-0.606033651585593
45247,53879,-86.74874478069894,30.46554491945988,-833.0,50.0,85.0,347,19.950212903957993,216,-1.0891953527710085
45225,54503,-86.66218778188009,32.9052429229879,-397.5,55.0,85.0,355,16.07920581158636,215,-1.476701823651035
45201,55095,-86.56989802869707,35.21759296819271,182.0,60.0,85.0,8,16.45965788027016,214,-1.930424191777008
45176,55655,-86.47232689180137,37.40535663140856,971.0,65.0,85.0,35,11.915914932221636,213,-2.471084291656578
45150,56184,-86.36990175775975,39.472459848343824,1494.0,70.0,85.0,45,19.736225733732084,212,-2.796418702988784
45123,56684,-86.2630233505845,41.423665625002656,2601.0,75.0,85.0,63,18.003952144750453,211,-3.432296512670926
45094,57155,-86.15206442002608,43.264295411071615,3831.5,80.0,85.0,17,14.664256299684611,209,-4.0936816464299275
45065,57599,-86.03736948717736,45.0,2698.5,85.0,85.0,244,33.53201880132983,90,-3.8537172312424994
45035,58018,-85.91925537069154,46.63657704161672,974.0,90.0,85.0,220,29.30904591367784,85,-1.9746942251729378
45004,58414,-85.79801225959118,48.179830119864235,-5.0,95.0,85.0,169,16.51068782038421,72,1.1710690282970981
44972,58786,-85.67390514333776,49.635463426902646,-220.5,100.0,85.0,230,12.727087871622324,86,3.1436507971235432
44940,59138,-85.5471754517289,51.00900595749453,-255.5,105.0,85.0,277,11.038402066513816,164,4.617676907407771
44907,59470,-85.41804279381302,52.30575953331083,457.5,110.0,85.0,70,20.588688548975227,169,0.9159566403460724
44873,59783,-85.28670671547452,53.53076560994813,827.5,115.0,85.0,259,10.401017053805957,106,-1.8987629852485843
44839,60080,-85.15334841972359,54.68878656036681,288.0,120.0,85.0,245,11.566349813171792,108,-1.1789627644551803
44804,60360,-85.01813241262838,55.7842978675626,-212.0,125.0,85.0,227,12.722062514623573,117,-0.45320707975432645
44814,32478,-85.05638630507269,-53.13010235415598,-3635.0,-120.0,90.0,311,12.559513468062674,99,1.495866814026674
44847,32780,-85.18704442374278,-51.95295746817391,-3554.5,-115.0,90.0,313,9.50779667474782,180,0.9946630131042885
44880,33098,-85.31557288514124,-50.71059313749964,-3813.5,-110.0,90.0,35,25.499184323694315,182,1.5059227187226887
44913,33433,-85.44178932425459,-49.398705354995535,-4118.5,-105.0,90.0,74,29.12481514956709,185,2.1868751504111827
44944,33788,-85.56549414773151,-48.01278750418334,-3590.5,-100.0,90.0,246,13.526748355365502,77,2.143150245080671
44975,34163,-85.68646913340183,-46.548157698977974,-3678.5,-95.0,90.0,32,6.688424121942199,192,2.083440306976856
45005,34560,-85.80447605199659,-45.0,-3725.5,-90.0,90.0,18,8.165391089803649,268,1.9355324647581151
45035,34978,-85.91925537069154,-43.36342295838329,-3874.5,-85.0,90.0,118,8.244681418797148,338,1.6985631533237626
45063,35421,-86.03052511897671,-41.6335393365702,-4065.0,-80.0,90.0,235,16.45965788027016,33,4.172602918592881
45091,35889,-86.13798002214394,-39.80557109226519,-3717.0,-75.0,90.0,106,11.4421378301873,331,1.0847872298894188
45117,36384,-86.24129103582256,-37.874983651098205,-3210.0,-70.0,90.0,85,17.740308297047676,279,0.4638493083859529
45143,36905,-86.34010544502242,-35.83765295427829,-2201.0,-65.0,90.0,53,15.116023594011255,273,-0.3758413726531857
45167,37455,-86.43404772029623,-33.690067525979785,-1328.0,-60.0,90.0,133,14.688674281565497,278,-1.365057573516893
45189,38034,-86.52272134742442,-31.429565614838516,-175.0,-55.0,90.0,101,29.12481514956709,277,-2.2984638727882123
45211,38642,-86.60571185894956,-29.054604099077146,769.0,-50.0,90.0,60,9.20068639676724,188,-0.8586522293383452
45230,39279,-86.68259128743992,-26.56505117707799,910.5,-45.0,90.0,36,9.998489600064623,311,-1.8250152388955911
45248,39945,-86.75292422168002,-23.962488974578186,1490.5,-40.0,90.0,105,11.91598133482619,272,-3.365440629826578
45264,40639,-86.81627556841795,-21.25050550713324,1804.5,-35.0,90.0,347,4.115877566739681,148,-2.427167382289387
45279,41360,-86.87221999713049,-18.43494882292201,1623.5,-30.0,90.0,237,6.975229336255771,145,-2.9990444477998857
45291,42105,-86.92035287345155,-15.524110996754258,486.5,-25.0,90.0,301,17.137231781799226,140,-2.3247460707580316
45301,42872,-86.9603022791006,-12.528807709151511,-555.0,-20.0,90.0,327,15.116023594011255,134,-1.2884568074803608
45309,43657,-86.99174149651624,-9.462322208025617,-1490.5,-15.0,90.0,346,16.236964909352732,131,-0.35121728456279727
45315,44456,-87.01440114225113,-6.34019174590991,-2162.0,-10.0,90.0,326,15.56587469233879,184,0.4064368910330817
45319,45265,-87.02808000958088,-3.1798301198642345,-2321.5,-5.0,90.0,52,18.003952144750453,189,0.4847806664905701
45320,46080,-87.03265366987262,0.0,-2211.5,0.0,90.0,345,20.514580484814466,188,0.36879311844639645
45319,46894,-87.02808000958088,3.1798301198642345,-1751.5,5.0,90.0,22,25.301828926879224,195,-0.0757558775742273
45315,47703,-87.01440114225113,6.34019174590991,-984.5,10.0,90.0,22,26.86249863999974,140,-0.6733181191893839
45309,48502,-86.99174149651624,9.462322208025617,-497.0,15.0,90.0,315,11.038991890339725,91,2.0918654765975666
45301,49287,-86.9603022791006,12.528807709151511,-677.0,20.0,90.0,326,9.565170797189717,148,-1.2538839008064235
45291,50054,-86.92035287345155,15.524110996754258,-893.0,25.0,90.0,320,11.063218440021323,157,-1.0281132137336269
45279,50799,-86.87221999713049,18.43494882292201,-1229.5,30.0,90.0,306,8.972129391209565,164,-0.3333139981367878
45264,51520,-86.81627556841795,21.25050550713324,-1438.0,35.0,90.0,26,9.280916059436054,170,0.9663110430594001
45248,52214,-86.75292422168002,23.962488974578186,-1273.5,40.0,90.0,261,12.378271269705426,172,0.42204607590376875
45230,52880,-86.68259128743992,26.56505117707799,-977.5,45.0,90.0,42,13.983109661074817,207,-0.9552624661242823
45211,53517,-86.60571185894956,29.054604099077146,-35.5,50.0,90.0,1,9.890521509178644,214,-1.7075225430499221
45189,54125,-86.52272134742442,31.429565614838516,-1481.0,55.0,90.0,128,28.19221373353601,336,11.477596223492327
45167,54704,-86.43404772029623,33.690067525979785,-1123.0,60.0,90.0,101,22.35395782247061,251,5.515579462689745
45143,55254,-86.34010544502242,35.83765295427829,818.5,65.0,90.0,84,33.194604343683885,205,-2.380519917791313
45117,55775,-86.24129103582256,37.874983651098205,1767.0,70.0,90.0,40,15.117167768058971,204,-2.9479338419676138
45091,56270,-86.13798002214394,39.80557109226519,2914.5,75.0,90.0,39,18.943220844905767,209,-3.600603586032853
45063,56738,-86.03052511897671,41.6335393365702,4373.5,80.0,90.0,29,15.790068198055893,208,-4.376322241245095
45035,57181,-85.91925537069154,43.36342295838329,2435.0,85.0,90.0,226,29.30904591367784,96,-3.497724116147516
45005,57599,-85.80447605199659,45.0,695.5,90.0,90.0,231,22.22097141816814,82,-1.2980266405131544
44975,57996,-85.68646913340183,46.548157698977974,222.0,95.0,90.0,229,16.308610783749252,89,0.06772869738453417
44944,58371,-85.56549414773151,48.01278750418334,122.5,100.0,90.0,267,13.57479499482133,103,0.6110246218070903
44913,58726,-85.44178932425459,49.398705354995535,-90.5,105.0,90.0,274,12.382910246963382,123,1.7922865746576107
44880,59061,-85.31557288514124,50.71059313749964,284.0,110.0,90.0,10,25.499184323694315,145,0.07111445494516158
44847,59379,-85.18704442374278,51.95295746817391,1107.5,115.0,90.0,247,13.068631434191454,91,-1.7961915546243832
44814,59681,-85.05638630507269,53.13010235415598,477.5,120.0,90.0,243,11.61312742033628,111,-1.4547247383473143
44821,33167,-85.08389366752345,-50.44033203100551,-3929.5,-115.0,95.0,305,9.981118633430137,94,2.3451627926515903
44853,33488,-85.2096407277125,-49.18491612511841,-3755.0,-110.0,95.0,306,7.901825285328458,88,2.3530378341446374
44885,33827,-85.33297867044661,-47.862405226111754,-3866.0,-105.0,95.0,242,7.981833983801793,90,2.80236927848942
44916,34183,-85.45370929963914,-46.46880071438583,-3851.0,-100.0,95.0,53,12.378271269705426,191,1.7602516487529354
44946,34560,-85.5716172868525,-45.0,-4100.0,-95.0,95.0,68,13.068631434191454,288,3.794435868120498
44975,34956,-85.68646913340183,-43.45184230102203,-3961.0,-90.0,95.0,106,9.581915245891475,264,2.349058327880356
45004,35374,-85.79801225959118,-41.82016988013577,-3850.5,-85.0,95.0,123,8.452580709209984,271,1.5839942170100767
45031,35814,-85.90597429763862,-40.10090754621224,-3769.0,-80.0,95.0,120,9.619433487146406,272,1.2649172667516542
45058,36277,-86.01006268415239,-38.29016319224307,-3707.0,-75.0,95.0,116,21.43172850597227,273,1.0002080839803937
45084,36765,-86.10996466861855,-36.384351815835885,-2452.5,-70.0,95.0,83,10.864483412164226,274,-0.28862783925509267
45108,37278,-86.20534787461253,-34.38034472384487,-1758.5,-65.0,95.0,118,18.003952144750453,274,-0.9884942449453145
45131,37817,-86.29586156772454,-32.27564431457763,-988.0,-60.0,95.0,106,14.43766785823724,273,-1.665397862370081
45153,38382,-86.38113879469832,-30.068582821862453,-139.0,-55.0,95.0,94,13.1671830704286,273,-2.3387843851259933
45173,38973,-86.46079955702656,-27.758540601060023,750.0,-50.0,95.0,76,14.028129663191024,272,-2.9680176490169106
45192,39591,-86.53445516328118,-25.34617594194669,1186.0,-45.0,95.0,47,17.258469553567938,271,-3.2453194090050914
45210,40234,-86.60171386159979,-22.833654177917545,1807.5,-40.0,95.0,53,22.05770150046622,269,-3.5217716333461273
45225,40902,-86.66218778188009,-20.224859431168078,1739.0,-35.0,95.0,302,12.378271269705426,131,-2.478548949910284
45239,41593,-86.71550111417815,-17.52556837372287,1311.0,-30.0,95.0,280,8.638771027495324,119,-1.225992797956055
45250,42305,-86.76129931861101,-14.743562836470735,1069.0,-25.0,95.0,310,7.6501077360472065,155,-2.3681852317740946
45260,43036,-86.79925901303795,-11.888658039627975,329.0,-20.0,95.0,316,13.068631434191454,141,-2.188952984789524
45268,43783,-86.82909803644073,-8.972626614896393,-709.5,-15.0,95.0,290,21.43172850597227,135,-1.2730835154388194
45273,44541,-86.85058506369197,-6.009005957494525,-983.5,-10.0,95.0,14,16.017283501638218,135,-0.9050506739804675
45277,45308,-86.86354807959435,-3.0127875041833403,-1151.5,-5.0,95.0,71,25.89195466097947,188,-0.3471071579921952
45278,46080,-86.86788103113106,0.0,-711.5,0.0,95.0,21,17.086619034476914,147,-0.9271603247390112
45277,46851,-86.86354807959435,3.0127875041833403,-238.5,5.0,95.0,76,22.47196949722723,159,-1.3239669706089905
45273,47618,-86.85058506369197,6.009005957494525,727.0,10.0,95.0,0,21.011399599504742,158,-2.338024751994028
45268,48376,-86.82909803644073,8.972626614896393,188.5,15.0,95.0,310,14.549190374129882,149,-2.012320247574962
45260,49123,-86.79925901303795,11.888658039627975,-99.0,20.0,95.0,25,18.003952144750453,149,-1.8108113619448183
45250,49854,-86.76129931861101,14.743562836470735,-179.5,25.0,95.0,264,16.013766656799273,149,-1.7412563738542133
45239,50566,-86.71550111417815,17.52556837372287,-624.5,30.0,95.0,63,9.816904960448051,196,-0.9783067777441447
45225,51257,-86.66218778188009,20.224859431168078,-885.5,35.0,95.0,302,15.116023594011255,198,-0.8403831711072264
45210,51925,-86.60171386159979,22.833654177917545,-1172.0,40.0,95.0,35,14.43766785823724,221,0.7093952779601169
45192,52568,-86.53445516328118,25.34617594194669,-870.0,45.0,95.0,54,13.074900837359158,206,-0.9635214763776158
45173,53186,-86.46079955702656,27.758540601060023,77.0,50.0,95.0,7,11.227771238592046,212,-1.8087983635522407
45153,53777,-86.38113879469832,30.068582821862453,-1368.0,55.0,95.0,310,26.953999318288247,155,8.23101000286246
45131,54342,-86.29586156772454,32.27564431457763,-987.5,60.0,95.0,8,26.39961367544676,183,4.559738525633498
45108,54881,-86.20534787461253,34.38034472384487,875.0,65.0,95.0,51,31.11489292484925,210,-2.4410931109251996
45084,55394,-86.10996466861855,36.384351815835885,1745.0,70.0,95.0,59,17.124655610243295,209,-2.9583816652326
45058,55882,-86.01006268415239,38.29016319224307,3055.0,75.0,95.0,49,22.05770150046622,208,-3.6826440755289296
45031,56345,-85.90597429763862,40.10090754621224,4458.5,80.0,95.0,95,8.165391089803649,208,-4.423771870785305
45004,56785,-85.79801225959118,41.82016988013577,2620.5,85.0,95.0,241,27.075609382504553,100,-3.5880084955744365
44975,57203,-85.68646913340183,43.45184230102203,840.0,90.0,95.0,235,22.639434936600793,92,-1.6390073738764883
44946,57599,-85.5716172868525,45.0,284.0,95.0,95.0,269,18.759850858104954,130,1.8021662880091096
44916,57976,-85.45370929963914,46.46880071438583,336.0,100.0,95.0,279,15.268826031658904,112,-0.3441661825359079
44885,58332,-85.33297867044661,47.862405226111754,125.5,105.0,95.0,285,16.681840578121154,127,0.3864305066204968
44853,58671,-85.2096407277125,49.18491612511841,651.0,110.0,95.0,47,18.22243026617343,139,-1.1453831632892064
44821,58992,-85.08389366752345,50.44033203100551,1197.5,115.0,95.0,317,10.117341179839283,122,-1.9455074455102137
44825,33862,-85.10047257899905,-47.72631099390627,-3891.0,-110.0,100.0,45,8.789202288310722,182,1.9321556684460477
44856,34202,-85.22097913242797,-46.39718102729638,-3892.0,-105.0,100.0,39,8.756156407679486,249,2.407513925327781
44886,34560,-85.33879510666145,-45.0,-3696.0,-100.0,100.0,244,18.003952144750453,356,3.0684266765725066
44916,34936,-85.45370929963914,-43.53119928561418,-3979.5,-95.0,100.0,209,15.790068198055893,323,3.4577033809910107
44944,35331,-85.56549414773151,-41.98721249581666,-3857.0,-90.0,100.0,264,29.58267233148665,322,2.4134255217085983
44972,35746,-85.67390514333776,-40.36453657309736,-3770.0,-85.0,100.0,128,8.445814104954852,260,1.2841828466561458
44999,36183,-85.77868047981143,-38.65980825409009,-3696.0,-80.0,100.0,126,9.66402972610842,267,1.0179352125746863
45025,36641,-85.8795410081806,-36.86989764584402,-3122.0,-75.0,100.0,118,13.4105337787381,268,0.3217082771637422
45049,37122,-85.97619060442244,-34.99202019855866,-2368.5,-70.0,100.0,156,12.838929805514612,269,-0.44511234665226784
45073,37625,-86.06831705865879,-33.02386755579665,-1862.5,-65.0,100.0,120,12.242567493208618,269,-0.9645081209420877
45095,38153,-86.1555936062852,-30.96375653207352,-1102.0,-60.0,100.0,126,17.563596509203496,314,-1.2039571920953207
45116,38704,-86.23768122272367,-28.810793742973058,-293.0,-55.0,100.0,113,15.938458772462315,268,-2.2346648263482347
45136,39279,-86.3142317945572,-26.56505117707799,819.5,-50.0,100.0,132,26.282128443435415,267,-2.9933706644263327
45154,39877,-86.38489225631693,-24.22774531795417,2507.0,-45.0,100.0,80,15.037217686663254,245,-3.95673411781907
45171,40498,-86.4493097405257,-21.80140948635181,2452.5,-40.0,100.0,271,11.794545539398142,149,-3.4850811644468687
45185,41141,-86.50713772642197,-19.290046219188735,1362.0,-35.0,100.0,282,14.26778711287773,122,-1.3174187506801418
45198,41804,-86.55804309029627,-16.69924423399362,879.5,-30.0,100.0,262,9.462397417377124,114,1.064782363237327
45210,42486,-86.60171386159979,-14.036243467926479,903.0,-25.0,100.0,329,13.526748355365502,120,-0.7662386780612083
45219,43184,-86.63786738274366,-11.309932474020213,633.5,-20.0,100.0,243,16.175808038211514,139,-2.323410020660065
45226,43896,-86.66625847045609,-8.530765609948133,481.5,-15.0,100.0,311,19.09082928208303,140,-2.3703188565558184
45231,44618,-86.68668709989919,-5.710593137499642,229.0,-10.0,100.0,17,19.413360124946635,142,-2.194423173970381
45234,45347,-86.69900509726281,-2.8624052261117474,261.0,-5.0,100.0,350,21.430036126086453,142,-2.1714378991534264
45235,46080,-86.7031213464795,0.0,531.0,0.0,100.0,0,16.91693109702906,141,-2.2926305011872805
45234,46812,-86.69900509726281,2.8624052261117474,965.0,5.0,100.0,43,18.316989655174027,215,-2.279563915484412
45231,47541,-86.68668709989919,5.710593137499642,1476.0,10.0,100.0,323,19.950212903957993,151,-2.7995804163484475
45226,48263,-86.66625847045609,8.530765609948133,867.5,15.0,100.0,330,10.86269804757887,150,-2.4483657299053756
45219,48975,-86.63786738274366,11.309932474020213,668.5,20.0,100.0,318,10.305978204808287,150,-2.3019255152245237
45210,49673,-86.60171386159979,14.036243467926479,433.5,25.0,100.0,273,23.293095696619716,151,-2.149550746265615
45198,50355,-86.55804309029627,16.69924423399362,-616.0,30.0,100.0,294,17.241532138631737,134,-0.8289760412964271
45185,51018,-86.50713772642197,19.290046219188735,-456.0,35.0,100.0,345,11.219601244106984,161,-1.2589755762649155
45171,51661,-86.4493097405257,21.80140948635181,-248.0,40.0,100.0,326,14.43766785823724,211,-1.503224211575939
45154,52282,-86.38489225631693,24.22774531795417,-497.0,45.0,100.0,311,13.061006670778017,158,-1.2893848764515974
45136,52880,-86.3142317945572,26.56505117707799,-16.0,50.0,100.0,8,13.374787126342923,211,-1.7515263363694145
45116,53455,-86.23768122272367,28.810793742973058,546.5,55.0,100.0,2,13.781110548100884,155,-2.2462853566322996
45095,54006,-86.1555936062852,30.96375653207352,893.0,60.0,100.0,13,22.26514208014742,209,-2.416376679771487
45073,54534,-86.06831705865879,33.02386755579665,1476.0,65.0,100.0,348,14.781340045435222,217,-2.6083502269240064
45049,55037,-85.97619060442244,34.99202019855866,2153.0,70.0,100.0,35,16.497601941809492,208,-3.2163731911110895
45025,55518,-85.8795410081806,36.86989764584402,3369.5,75.0,100.0,74,24.905185254276557,207,-3.8475856782587905
44999,55976,-85.77868047981143,38.65980825409009,4797.5,80.0,100.0,55,34.36413931476853,207,-4.590047636491589
44972,56413,-85.67390514333776,40.36453657309736,3412.5,85.0,100.0,263,26.416503066953737,104,-4.1721777202930195
44944,56828,-85.56549414773151,41.98721249581666,1536.5,90.0,100.0,246,25.499184323694315,106,-2.602787493124896
44916,57223,-85.45370929963914,43.53119928561418,682.0,95.0,100.0,259,21.343133529534988,108,-1.2247754937376407
44886,57599,-85.33879510666145,45.0,12.5,100.0,100.0,15,22.882116511959744,150,4.312187214917396
44856,57957,-85.22097913242797,46.39718102729638,806.5,105.0,100.0,283,14.658326290996893,137,-1.3354535479543888
44825,58297,-85.10047257899905,47.72631099390627,1145.5,110.0,100.0,25,25.684790843034307,142,-1.6449958723048925
44827,34560,-85.10601142452998,-45.0,-3702.5,-105.0,105.0,37,9.554257689219643,226,1.4471546895664233
44856,34917,-85.22097913242797,-43.60281897270362,-3076.5,-100.0,105.0,30,8.67417788849725,194,0.5309145532733459
44885,35292,-85.33297867044661,-42.13759477388825,-3769.0,-95.0,105.0,319,28.689361653131073,198,1.3933179971731233
44913,35686,-85.44178932425459,-40.60129464500447,-3940.5,-90.0,105.0,25,11.223892047583952,254,1.4210926871414593
44940,36098,-85.5471754517289,-38.99099404250548,-3483.5,-85.0,105.0,11,8.068898884605353,256,0.8267890097360961
44966,36530,-85.64888641135444,-37.30394827798343,-3702.5,-80.0,105.0,277,10.519847242351,195,4.024650900406458
44991,36982,-85.7466568003709,-35.53767779197438,-3676.0,-75.0,105.0,162,15.098287343680765,281,1.5991883987631947
45015,37455,-85.84020708442623,-33.690067525979785,-2890.5,-70.0,105.0,177,14.466309039870923,276,0.29726783030779613
45037,37949,-85.92924470738788,-31.759480084812793,-1914.0,-65.0,105.0,133,14.664256299684611,265,-0.9670816126946189
45059,38465,-86.01346577263308,-29.74488129694222,-968.5,-60.0,105.0,83,14.228306050010607,264,-1.7341562462932048
45079,39002,-86.09255738331487,-27.64597536373868,-223.0,-55.0,105.0,79,15.790068198055893,264,-2.2976242303342422
45098,39561,-86.16620071625277,-25.463345061871614,973.5,-50.0,105.0,117,23.293095696619716,264,-3.1098203584852064
45115,40141,-86.23407487973661,-23.19859051364819,2202.0,-45.0,105.0,233,15.116023594011255,5,-2.3990562070483876
45131,40741,-86.29586156772454,-20.854458039578347,1898.5,-40.0,105.0,248,11.655166040296544,115,-0.560290374938097
45145,41360,-86.35125047095235,-18.43494882292201,1421.5,-35.0,105.0,270,11.084636929087747,133,-2.3750829845118657
45158,41997,-86.3999453406433,-15.945395900922854,787.5,-30.0,105.0,262,8.527043031719865,126,-0.5552936821639752
45169,42651,-86.44167052681864,-13.392497753751098,513.5,-25.0,105.0,58,9.818029217985572,131,1.5390689333580323
45177,43319,-86.47617773772504,-10.7842978675626,585.5,-20.0,105.0,96,12.378271269705426,307,1.6521445541789903
45184,43998,-86.50325269949805,-8.13010235415598,1352.0,-15.0,105.0,27,17.345278383521634,159,-2.775567362615773
45189,44687,-86.52272134742442,-5.440332031005506,1404.5,-10.0,105.0,108,23.90238008745501,216,-2.6956332193656727
45192,45382,-86.53445516328118,-2.7263109939062655,1670.0,-5.0,105.0,65,15.339374951314477,221,-2.9886522214553866
45193,46080,-86.53837529551186,0.0,2019.5,0.0,105.0,347,14.890376736044576,222,-3.387238367937058
45192,46777,-86.53445516328118,2.7263109939062655,2394.0,5.0,105.0,34,12.838929805514612,224,-3.6759101376237213
45189,47472,-86.52272134742442,5.440332031005506,1930.5,10.0,105.0,344,11.625804415781717,152,-3.0756333026190643
45184,48161,-86.50325269949805,8.13010235415598,1358.0,15.0,105.0,328,12.419942609641922,152,-2.7552893345044076
45177,48840,-86.47617773772504,10.7842978675626,1093.0,20.0,105.0,311,11.42206978913057,152,-2.5938401413062993
45169,49508,-86.44167052681864,13.392497753751098,947.5,25.0,105.0,298,9.936685335500675,204,1.5683840047407984
45158,50162,-86.3999453406433,15.945395900922854,491.0,30.0,105.0,289,9.327425545112574,153,-2.2543109160892185
45145,50799,-86.35125047095235,18.43494882292201,321.5,35.0,105.0,39,8.967375632735383,154,-2.071803930931563
45131,51418,-86.29586156772454,20.854458039578347,527.0,40.0,105.0,13,11.219601244106984,161,-2.0665912420617136
45115,52018,-86.23407487973661,23.19859051364819,316.0,45.0,105.0,258,13.526748355365502,154,-2.115669900299766
45098,52598,-86.16620071625277,25.463345061871614,267.0,50.0,105.0,353,16.548819045788562,209,-1.9864345436016744
45079,53157,-86.09255738331487,27.64597536373868,819.5,55.0,105.0,2,16.710707947521435,209,-2.348336435007427
45059,53694,-86.01346577263308,29.74488129694222,1386.0,60.0,105.0,355,17.05954710916878,207,-2.698265960373881
45037,54210,-85.92924470738788,31.759480084812793,1890.5,65.0,105.0,358,18.137220686758635,208,-3.042866052705709
45015,54704,-85.84020708442623,33.690067525979785,2647.5,70.0,105.0,76,18.657740799032744,202,-3.3757506795381533
44991,55177,-85.7466568003709,35.53767779197438,3688.5,75.0,105.0,67,32.166614920167504,206,-4.015920566148909
44966,55629,-85.64888641135444,37.30394827798343,5357.0,80.0,105.0,68,22.47196949722723,206,-4.861230647301818
44940,56061,-85.5471754517289,38.99099404250548,4821.0,85.0,105.0,273,30.037876659224363,106,-4.872899016126059
44913,56473,-85.44178932425459,40.60129464500447,2897.0,90.0,105.0,261,25.43231865406515,110,-3.7007840062738087
44885,56867,-85.33297867044661,42.13759477388825,1772.0,95.0,105.0,278,22.858236196046896,112,-2.802600334906494
44856,57242,-85.22097913242797,43.60281897270362,1309.0,100.0,105.0,336,19.763349682681657,117,-2.1902264529159066
44827,57599,-85.10601142452998,45.0,1672.5,105.0,105.0,298,16.87024031483581,150,-1.9018909788331846
44825,35257,-85.10047257899905,-42.27368900609374,-3345.5,-100.0,110.0,187,10.682492345320645,267,1.9440774332506225
44853,35631,-85.2096407277125,-40.81508387488159,-2997.5,-95.0,110.0,163,16.681840578121154,310,1.7920234573080605
44880,36021,-85.31557288514124,-39.28940686250036,-3131.0,-90.0,110.0,322,12.378271269705426,243,0.5291848728291431
44907,36430,-85.41804279381302,-37.69424046668917,-3554.0,-85.0,110.0,7,8.97502301499722,214,2.383972112311854
44932,36856,-85.5168112932568,-36.02737338510361,-3496.5,-80.0,110.0,138,9.12502471278046,235,0.921876416291227
44956,37302,-85.61162676920671,-34.28687697720896,-3206.0,-75.0,110.0,138,10.14327553256342,259,0.15709707221389166
44979,37767,-85.70222596695993,-32.47119229084849,-2721.5,-70.0,110.0,72,12.838929805514612,260,-0.34228581696159843
45001,38251,-85.7883352379665,-30.579226872489016,-1998.0,-65.0,110.0,78,14.210617066655383,260,-0.9695210383893031
45022,38755,-85.86967228747754,-28.61045966596522,-785.0,-60.0,110.0,112,22.05770150046622,261,-1.9030601007352148
45042,39279,-85.94594848413062,-26.56505117707799,226.5,-55.0,110.0,89,13.021936151551175,261,-2.5965770318443826
45060,39822,-86.0168717780252,-24.443954780416536,1207.5,-50.0,110.0,109,16.90350809570642,261,-3.1924675815731933
45077,40384,-86.08215025066646,-22.249023657212366,1636.5,-45.0,110.0,272,10.98671573878638,48,0.0534458954265758
45092,40964,-86.14149628726071,-19.98310652189998,1336.0,-40.0,110.0,255,16.620963191449935,134,-2.027830433785564
45105,41561,-86.19463131939654,-17.650124219930124,868.0,-35.0,110.0,220,14.43766785823724,16,1.9272589011250396
45117,42174,-86.24129103582256,-15.255118703057777,490.0,-30.0,110.0,74,9.521636881381886,136,0.9096933129397549
45127,42802,-86.28123090437187,-12.804266065286752,460.5,-25.0,110.0,66,11.596332986944866,161,1.1883858482497585
45136,43441,-86.3142317945572,-10.304846468766033,661.5,-20.0,110.0,54,13.576083775491766,187,0.07274062331949167
45143,44092,-86.34010544502242,-7.765166018425333,1400.0,-15.0,110.0,38,13.669691271988423,215,-1.8386198278348493
45147,44750,-86.35869949064657,-5.194428907734806,1872.5,-10.0,110.0,19,13.72768567412784,282,-1.1797636211671623
45150,45413,-86.36990175775975,-2.602562202499806,2040.5,-5.0,110.0,10,13.954223511407154,219,-2.0023023243948312
45151,46080,-86.37364355748412,0.0,2652.5,0.0,110.0,25,12.18000362330521,219,-3.8263425686330326
45150,46746,-86.36990175775975,2.602562202499806,2721.0,5.0,110.0,4,13.598945602330081,144,-3.4234170573232143
45147,47409,-86.35869949064657,5.194428907734806,2332.0,10.0,110.0,340,15.351451252455874,154,-3.283448993967694
45143,48067,-86.34010544502242,7.765166018425333,1686.0,15.0,110.0,319,15.609783517749943,159,-2.177600758657829
45136,48718,-86.3142317945572,10.304846468766033,1341.0,20.0,110.0,300,13.334210081906775,164,-2.197157075659605
45127,49357,-86.28123090437187,12.804266065286752,1208.0,25.0,110.0,288,10.778934269566241,122,-1.211048708198091
45117,49985,-86.24129103582256,15.255118703057777,933.0,30.0,110.0,280,9.320670887567577,326,-1.5755677450716887
45105,50598,-86.19463131939654,17.650124219930124,836.5,35.0,110.0,51,8.634221994726053,315,-1.6944453172667906
45092,51195,-86.14149628726071,19.98310652189998,1094.5,40.0,110.0,43,10.264670555597405,224,-0.6869272513872726
45077,51775,-86.08215025066646,22.249023657212366,1179.0,45.0,110.0,333,21.640991860702652,194,-2.2448932834071456
45060,52337,-86.0168717780252,24.443954780416536,1520.0,50.0,110.0,350,19.306530159211473,156,-2.907378698451149
45042,52880,-85.94594848413062,26.56505117707799,1653.5,55.0,110.0,334,20.041771763985572,157,-2.9592338560743126
45022,53404,-85.86967228747754,28.61045966596522,2160.5,60.0,110.0,338,23.49681910969433,207,-3.203688405267704
45001,53908,-85.7883352379665,30.579226872489016,2799.5,65.0,110.0,345,21.50454552281512,206,-3.5700347662143943
44979,54392,-85.70222596695993,32.47119229084849,3832.5,70.0,110.0,1,25.79242174893891,206,-4.12498048665162
44956,54857,-85.61162676920671,34.28687697720896,4763.5,75.0,110.0,342,16.180374789857005,205,-4.564110159637061
44932,55303,-85.5168112932568,36.02737338510361,5591.5,80.0,110.0,19,9.740487622173797,190,-3.3859318820015982
44907,55729,-85.41804279381302,37.69424046668917,5648.0,85.0,110.0,217,18.650727580659755,109,-5.1537160182285096
44880,56138,-85.31557288514124,39.28940686250036,4579.0,90.0,110.0,261,28.754366489565623,108,-4.783617674453231
44853,56528,-85.2096407277125,40.81508387488159,3258.5,95.0,110.0,257,24.705900224393954,115,-3.9620233620139924
44825,56902,-85.10047257899905,42.27368900609374,2918.5,100.0,110.0,339,25.395805845647075,117,-3.7024271190978215
44821,35952,-85.08389366752345,-39.559667968994496,-2944.5,-95.0,115.0,16,10.300875826333428,248,0.21251957576773825
44847,36339,-85.18704442374278,-38.04704253182609,-3222.0,-90.0,115.0,9,10.114073693736445,201,0.9047777420029728
44873,36743,-85.28670671547452,-36.46923439005187,-3524.5,-85.0,115.0,3,9.827524610753011,218,0.9634237128740358
44897,37164,-85.3826529502745,-34.824489156956794,-3591.0,-80.0,115.0,89,10.057721295654094,222,0.947042805740568
44921,37603,-85.47464512481902,-33.11134196037203,-3298.0,-75.0,115.0,95,12.368954065396391,254,0.10670216977600624
44943,38059,-85.5624357591747,-31.328692867804172,-2853.5,-70.0,115.0,161,14.636833546942105,314,1.199335142470027
44965,38534,-85.64576921618746,-29.475889003245747,-2013.5,-65.0,115.0,78,16.309491523596982,248,-0.7274796095528678
44985,39026,-85.72438345504115,-27.5528115767178,-671.0,-60.0,115.0,124,22.47196949722723,300,-1.2750709855201414
45004,39536,-85.79801225959118,-25.559965171823812,321.0,-55.0,115.0,137,13.297906328795719,254,-2.4190666342165636
45021,40064,-85.86638796776776,-23.498565675952097,1025.5,-50.0,115.0,167,9.142199086124226,284,-2.368952567780531
45037,40609,-85.92924470738788,-21.370622269343183,1217.0,-45.0,115.0,240,19.950212903957993,331,1.2528969249370498
45052,41170,-85.9863221158666,-19.17900802581072,1008.5,-40.0,115.0,336,13.577887681879796,181,5.9327481624684655
45065,41746,-86.03736948717736,-16.927513064147043,849.0,-35.0,115.0,90,7.82412964830724,147,-0.8482864484258704
45077,42337,-86.08215025066646,-14.620873988631656,660.0,-30.0,115.0,83,10.077360645628199,167,0.36572770497029583
45086,42940,-86.1204466459273,-12.264773727892402,578.0,-25.0,115.0,75,13.108950379444181,184,0.7438417757644029
45094,43554,-86.15206442002608,-9.865806943084367,1251.0,-20.0,115.0,93,15.676222486197643,188,-1.9254628640116203
45101,44177,-86.17683734294638,-7.431407971172507,1744.0,-15.0,115.0,50,17.45819797061766,210,-2.475008314263499
45105,44807,-86.19463131939654,-4.969740728110304,2250.5,-10.0,115.0,28,20.499196108131578,213,-3.1700431356911993
45108,45442,-86.20534787461253,-2.489552921999156,2670.5,-5.0,115.0,305,25.499184323694315,162,-3.4811799180346905
45109,46080,-86.20892681129767,0.0,2915.5,0.0,115.0,11,19.981527116083576,218,-3.689493082991687
45108,46717,-86.20534787461253,2.489552921999156,3595.0,5.0,115.0,51,29.12481514956709,218,-4.386762739939214
45105,47352,-86.19463131939654,4.969740728110304,3198.5,10.0,115.0,326,31.291832921684613,155,-3.71249502985652
45101,47982,-86.17683734294638,7.431407971172507,2403.5,15.0,115.0,308,19.41378320713716,154,-3.35055184044314
45094,48605,-86.15206442002608,9.865806943084367,1257.0,20.0,115.0,296,17.688402463843126,122,-0.3909978039426328
45086,49219,-86.1204466459273,12.264773727892402,925.5,25.0,115.0,249,17.565371762030523,350,-1.385517801889029
45077,49822,-86.08215025066646,14.620873988631656,224.5,30.0,115.0,188,15.116023594011255,328,-1.344437043711911
45065,50413,-86.03736948717736,16.927513064147043,545.0,35.0,115.0,83,13.250327955997724,316,-1.958162812321055
45052,50989,-85.9863221158666,19.17900802581072,1580.0,40.0,115.0,121,17.124655610243295,312,-2.6708307192272156
45037,51550,-85.92924470738788,21.370622269343183,1645.5,45.0,115.0,231,24.705900224393954,333,-0.8758959637954565
45021,52095,-85.86638796776776,23.498565675952097,2494.5,50.0,115.0,102,26.86249863999974,299,-3.5457841960544383
45004,52623,-85.79801225959118,25.559965171823812,3414.0,55.0,115.0,311,28.28606880808915,206,-3.9353551822563206
44985,53133,-85.72438345504115,27.5528115767178,3995.0,60.0,115.0,297,29.30904591367784,205,-4.250624300407334
44965,53625,-85.64576921618746,29.475889003245747,4577.0,65.0,115.0,324,27.054646774427596,205,-4.556739086753769
44943,54100,-85.5624357591747,31.328692867804172,5430.0,70.0,115.0,5,27.34009762241123,205,-4.935755590026301
44921,54556,-85.47464512481902,33.11134196037203,6143.5,75.0,115.0,301,10.98671573878638,204,-5.245129141725492
44897,54995,-85.3826529502745,34.824489156956794,5733.5,80.0,115.0,61,10.4728306749786,190,-3.722389452313296
44873,55416,-85.28670671547452,36.46923439005187,6573.0,85.0,115.0,108,18.22066811070975,222,-4.2317543318976485
44847,55820,-85.18704442374278,38.04704253182609,6292.0,90.0,115.0,264,19.52166357833413,111,-5.370438599913115
44821,56207,-85.08389366752345,39.559667968994496,4858.5,95.0,115.0,299,29.675519134605818,112,-4.88387853404566
44814,36641,-85.05638630507269,-36.86989764584402,-3033.0,-90.0,120.0,296,16.236964909352732,215,0.26266837327337283
44839,37040,-85.15334841972359,-35.3112134396332,-3431.0,-85.0,120.0,358,10.74833505000183,231,0.49933736660545175
44863,37455,-85.24658988796575,-33.690067525979785,-3292.5,-80.0,120.0,89,11.375575364898017,249,0.06564063458793885
44885,37886,-85.33588597786442,-32.005383208083494,-2726.0,-75.0,120.0,73,15.594191815060947,252,-0.4467062311966471
44907,38334,-85.4210043468333,-30.256437163529263,-1833.0,-70.0,120.0,81,13.366741505613426,253,-1.154006908835008
44928,38798,-85.5017063861161,-28.44292862436335,-1172.5,-65.0,120.0,64,22.05770150046622,252,-1.657295711015133
44947,39279,-85.57774893801852,-26.56505117707799,-182.5,-60.0,120.0,78,17.345278383521634,254,-2.2722797459001844
44966,39776,-85.64888641135444,-24.623564786163612,504.0,-55.0,120.0,78,12.33772005189337,349,-0.04492186579750592
44983,40289,-85.71487330712905,-22.619864948040426,838.0,-50.0,120.0,101,15.159286672418663,282,-2.0839983450682737
44998,40817,-85.77546714813768,-20.556045219583467,2037.5,-45.0,120.0,57,16.90350809570642,254,-3.6305412214179245
45012,41360,-85.83043178302492,-18.43494882292201,1479.0,-40.0,120.0,289,14.877606910759985,151,-2.184281302974097
45025,41917,-85.8795410081806,-16.26020470831196,1070.0,-35.0,120.0,243,9.110965561802413,145,0.08186504092193184
45036,42486,-85.92258242118402,-14.036243467926479,1377.0,-30.0,120.0,85,8.93718706102666,153,-1.2133436203491341
45045,43067,-85.95936138971376,-11.768288932020644,1059.0,-25.0,120.0,76,13.840283500902032,247,2.6565487137360906
45053,43657,-85.9897049930085,-9.462322208025617,1825.5,-20.0,120.0,61,15.888603008029296,192,-2.424768104851085
45059,44255,-86.01346577263308,-7.125016348901798,2717.5,-15.0,120.0,50,21.221863400181103,209,-3.1081183582780896
45063,44860,-86.03052511897671,-4.763641690726178,3880.0,-10.0,120.0,32,27.24613894169708,161,-4.072934285276259
45066,45469,-86.04079612246191,-2.3859440303888126,4456.0,-5.0,120.0,63,25.103828708118968,233,-4.36721317362376
45067,46080,-86.04422573548253,0.0,4450.5,0.0,120.0,64,22.678181100020375,218,-4.515994496809247
45066,46690,-86.04079612246191,2.3859440303888126,5050.0,5.0,120.0,9,9.110965561802413,217,-4.906873528439815
45063,47299,-86.03052511897671,4.763641690726178,4678.5,10.0,120.0,286,13.9794314299514,156,-4.322878816118112
45059,47904,-86.01346577263308,7.125016348901798,3210.5,15.0,120.0,230,22.26514208014742,145,-3.6459330275572
45053,48502,-85.9897049930085,9.462322208025617,1572.5,20.0,120.0,257,18.46776871019542,140,-2.2948556553440027
45045,49092,-85.95936138971376,11.768288932020644,160.5,25.0,120.0,247,18.812430907565393,335,-1.0456988649918721
45036,49673,-85.92258242118402,14.036243467926479,-98.5,30.0,120.0,256,13.156591632320843,344,-0.3964997137308812
45025,50242,-85.8795410081806,16.26020470831196,248.5,35.0,120.0,75,12.378271269705426,316,-1.9369784464621704
45012,50799,-85.83043178302492,18.43494882292201,533.5,40.0,120.0,141,14.625392100040157,311,-2.234309903058167
44998,51342,-85.77546714813768,20.556045219583467,1202.0,45.0,120.0,74,16.614714141122796,317,1.9321556684460477
44983,51870,-85.71487330712905,22.619864948040426,1949.5,50.0,120.0,37,25.20900252138161,299,-3.3611127026876466
44966,52383,-85.64888641135444,24.623564786163612,4154.0,55.0,120.0,70,16.013766656799273,293,-4.484722997804222
44947,52880,-85.57774893801852,26.56505117707799,4993.5,60.0,120.0,32,10.097646806682587,207,-4.699111099559426
44928,53361,-85.5017063861161,28.44292862436335,5728.0,65.0,120.0,41,20.161900377279434,207,-5.030083792547249
44907,53825,-85.4210043468333,30.256437163529263,6098.0,70.0,120.0,36,16.45965788027016,264,-1.1319178582657288
44885,54273,-85.33588597786442,32.005383208083494,6193.0,75.0,120.0,3,9.816904960448051,105,-1.0726603331226312
44863,54704,-85.24658988796575,33.690067525979785,5598.0,80.0,120.0,262,14.879431264131993,157,1.6666545396094412
44839,55119,-85.15334841972359,35.3112134396332,6236.0,85.0,120.0,129,15.853398544516217,308,7.570172066691208
44814,55518,-85.05638630507269,36.86989764584402,6616.0,90.0,120.0,228,6.8168085730849555,301,-0.24380684671908717
44804,37320,-85.01813241262838,-34.2157021324374,-3178.0,-85.0,125.0,33,15.56587469233879,229,0.08713855066394385
44827,37729,-85.10878321084016,-32.61924307119283,-2897.5,-80.0,125.0,84,12.664533311746167,246,-0.3492828461328594
44850,38153,-85.19550552537916,-30.96375653207352,-1960.0,-75.0,125.0,80,21.43172850597227,248,-1.0816130252564473
44871,38592,-85.2780814296068,-29.248826336546973,-1103.5,-70.0,125.0,106,11.603159078240205,249,-1.718902513125061
44891,39046,-85.35628832025255,-27.474431626277134,-509.0,-65.0,125.0,78,11.452111822902118,249,-2.1121201077128036
44910,39515,-85.42990056998914,-25.641005824305285,166.0,-60.0,125.0,60,13.290220180956409,249,-2.4771371907524853
44927,40000,-85.49869151205854,-23.74949449286676,947.5,-55.0,125.0,45,14.210617066655383,252,-2.9147566633369757
44943,40498,-85.5624357591747,-21.80140948635181,1126.0,-50.0,125.0,91,14.890376736044576,251,-3.071147683994228
44958,41011,-85.62091184322657,-19.798876354524932,1459.5,-45.0,125.0,242,28.005530847737717,340,12.17184578528853
44972,41537,-85.67390514333776,-17.744671625056935,1806.5,-40.0,125.0,309,14.210617066655383,157,-2.6569917406698416
44984,42075,-85.72121104838206,-15.642246457208728,1339.0,-35.0,125.0,45,7.690886141578284,171,-1.3234213448676042
44995,42625,-85.76263827742154,-13.495733280795811,1574.5,-30.0,125.0,60,10.849152252076683,179,-1.6944453172667906
45004,43184,-85.79801225959118,-11.309932474020213,2007.0,-25.0,125.0,57,20.376447823277726,172,-2.7935550706100245
45011,43752,-85.82717845598492,-9.090276920822323,2683.0,-20.0,125.0,37,14.890376736044576,169,-3.110720177647504
45017,44328,-85.85000549260391,-6.84277341263094,3804.0,-15.0,125.0,52,22.883774316421174,265,-3.9321490419975262
45021,44909,-85.86638796776776,-4.573921259900861,4401.0,-10.0,125.0,140,25.301828926879224,336,-4.718667510148433
45024,45493,-85.8762488013998,-2.2906100426385296,4218.5,-5.0,125.0,205,23.698277037011234,332,-4.6573476385463595
45025,46080,-85.8795410081806,0.0,4256.0,0.0,125.0,147,23.293095696619716,328,-4.62442719424728
45024,46666,-85.8762488013998,2.2906100426385296,4579.0,5.0,125.0,152,19.306530159211473,323,-4.760952609327509
45021,47250,-85.86638796776776,4.573921259900861,4189.5,10.0,125.0,249,19.950212903957993,142,-3.8853556240809146
45017,47831,-85.85000549260391,6.84277341263094,2143.5,15.0,125.0,239,30.58009921150701,133,-2.5148418331089926
45011,48407,-85.82717845598492,9.090276920822323,469.0,20.0,125.0,253,25.499184323694315,339,-1.0527077952222026
45004,48975,-85.79801225959118,11.309932474020213,-299.0,25.0,125.0,242,17.46453178458956,329,-1.1099293576672706
44995,49534,-85.76263827742154,13.495733280795811,-453.0,30.0,125.0,206,16.236964909352732,344,0.06358246897805403
44984,50084,-85.72121104838206,15.642246457208728,-581.5,35.0,125.0,135,26.86249863999974,316,-1.3004265204221908
44972,50622,-85.67390514333776,17.744671625056935,-253.0,40.0,125.0,92,15.382880533825356,310,-1.597781118865631
44958,51148,-85.62091184322657,19.798876354524932,698.0,45.0,125.0,93,25.103828708118968,303,-2.469086985349022
44943,51661,-85.5624357591747,21.80140948635181,1809.5,50.0,125.0,91,30.039340362751044,297,-3.341170541687587
44927,52159,-85.49869151205854,23.74949449286676,3269.0,55.0,125.0,75,23.877281770489375,293,-4.155258261885463
44910,52644,-85.42990056998914,25.641005824305285,5220.5,60.0,125.0,72,15.56587469233879,287,-4.863349473377309
44891,53113,-85.35628832025255,27.474431626277134,5443.5,65.0,125.0,292,14.890376736044576,207,-0.020136757278295583
44871,53567,-85.2780814296068,29.248826336546973,5616.0,70.0,125.0,145,11.91598133482619,284,-4.715900604468266
44850,54006,-85.19550552537916,30.96375653207352,5770.5,75.0,125.0,129,10.9735398556514,269,-4.122867404239124
44827,54430,-85.10878321084016,32.61924307119283,5863.0,80.0,125.0,87,7.126796382184829,265,-3.5339504168347133
44804,54839,-85.01813241262838,34.2157021324374,6394.0,85.0,125.0,110,8.928317167691475,256,-4.267323134811457
44813,38404,-85.05364402384438,-29.981639368849336,-1366.5,-75.0,130.0,342,8.114641833913332,245,-1.5541643477142815
44834,38835,-85.1338006791206,-28.30075576600638,-1143.0,-70.0,130.0,118,10.562583977845192,246,-1.737375538108991
44853,39279,-85.2096407277125,-26.56505117707799,-412.0,-65.0,130.0,110,24.10421336510746,246,-2.2181881196786617
44871,39737,-85.2809547653117,-24.77514056883192,722.0,-60.0,130.0,121,20.588688548975227,246,-2.7963878505709365
44888,40209,-85.34753345550538,-22.932100437589785,1145.0,-55.0,130.0,102,8.643321509672871,7,-0.7691114802301752
44904,40694,-85.4091696466265,-21.037511025421818,1575.5,-50.0,130.0,38,18.440361227305228,249,-3.310873035705446
44919,41192,-85.46566074236968,-19.093492000485615,2526.0,-45.0,130.0,143,7.2153174801845195,355,-2.9017320184038065
44932,41701,-85.5168112932568,-17.102728969052375,1630.5,-40.0,130.0,267,13.280997280272604,26,-2.4190666342165636
44943,42222,-85.5624357591747,-15.068488159492212,1646.0,-35.0,130.0,78,6.952750564814887,319,-0.9980024923638109
44954,42753,-85.60236137598437,-12.994616791916505,2159.0,-30.0,130.0,100,7.590312232885104,48,-2.177600758657829
44962,43293,-85.63643104305042,-10.885527054658738,2534.0,-25.0,130.0,169,14.664256299684611,348,-3.8518864990811315
44970,43840,-85.66450613515563,-8.74616226255521,2606.0,-20.0,130.0,190,21.1642080346054,344,-3.905663317828548
44975,44395,-85.68646913340183,-6.581944655178011,2673.0,-15.0,130.0,202,23.70545429637761,340,-3.963437818117868
44979,44953,-85.70222596695993,-4.398705354995532,2208.0,-10.0,130.0,217,27.627151828405772,334,-3.5804503931633196
44982,45516,-85.71170796208314,-2.2025981617658053,1998.0,-5.0,130.0,185,24.103014190168853,328,-3.4598628854272957
44983,46080,-85.71487330712905,0.0,1807.0,0.0,130.0,163,27.76736531336571,322,-3.2872479796487526
44982,46643,-85.71170796208314,2.2025981617658053,2959.5,5.0,130.0,144,35.01816170952762,320,-3.939738524989939
44979,47206,-85.70222596695993,4.398705354995532,3310.5,10.0,130.0,245,26.669695506335824,343,-2.7747348143485646
44975,47764,-85.68646913340183,6.581944655178011,1231.0,15.0,130.0,245,30.039340362751044,348,-1.603704841883396
44970,48319,-85.66450613515563,8.74616226255521,-57.0,20.0,130.0,235,20.742988830213022,333,-1.2174366274700454
44962,48866,-85.63643104305042,10.885527054658738,-554.0,25.0,130.0,237,16.57730900082817,343,1.6885910477117958
44954,49406,-85.60236137598437,12.994616791916505,-988.5,30.0,130.0,204,23.799591202229013,328,0.7158506019227043
44943,49937,-85.5624357591747,15.068488159492212,-1072.5,35.0,130.0,86,13.50386471269473,317,-0.7843464523627995
44932,50458,-85.5168112932568,17.102728969052375,-407.0,40.0,130.0,87,15.004256125671624,308,-1.4703688473039052
44919,50967,-85.46566074236968,19.093492000485615,-61.0,45.0,130.0,89,18.35313161732176,302,-1.844304009860401
44904,51465,-85.4091696466265,21.037511025421818,1193.5,50.0,130.0,91,20.11011347668904,296,-2.959955189912002
44888,51950,-85.34753345550538,22.932100437589785,2728.0,55.0,130.0,78,23.91995292652881,292,-3.9181827319172835
44871,52422,-85.2809547653117,24.77514056883192,4667.5,60.0,130.0,95,16.45965788027016,289,-4.651408259302342
44853,52880,-85.2096407277125,26.56505117707799,4996.5,65.0,130.0,147,8.396491127786971,283,-2.177600758657829
44834,53324,-85.1338006791206,28.30075576600638,5137.5,70.0,130.0,139,8.875020208145335,269,-2.537274279611805
44813,53755,-85.05364402384438,29.981639368849336,5099.5,75.0,130.0,131,13.753308740893766,324,0.9156196702962155
44815,39498,-85.06187545883036,-25.709953780811265,-113.5,-65.0,135.0,64,14.208781629653693,244,-2.4222099836323885
44833,39945,-85.13101458191542,-23.962488974578186,470.0,-60.0,135.0,161,8.591038501549727,244,-2.725477771710849
44850,40405,-85.19550552537916,-22.16634582208246,879.0,-55.0,135.0,133,10.060705128519963,289,-2.2523567246462397
44865,40877,-85.25515766742748,-20.323136829662943,1649.0,-50.0,135.0,172,15.114203272420212,7,-3.240244578416141
44879,41360,-85.30978537475212,-18.43494882292201,1347.5,-45.0,135.0,227,17.16750838111401,2,-3.042998792473534
44891,41854,-85.35921029485304,-16.504361381755018,1289.0,-40.0,135.0,238,10.590460551685851,1,-3.0473149034918867
44903,42359,-85.40326377136712,-14.534455080540122,1650.5,-35.0,135.0,144,8.857859679315753,356,-3.3098118974400905
44913,42872,-85.44178932425459,-12.528807709151511,666.0,-30.0,135.0,166,19.80592680693706,67,8.247756836700146
44921,43394,-85.47464512481902,-10.491477012331599,1493.5,-25.0,135.0,195,12.015695081295684,355,-2.6562218548283574
44928,43922,-85.5017063861161,-8.426969021480673,1214.0,-20.0,135.0,169,16.70215717131089,342,-2.88551593491761
44933,44456,-85.5228675835834,-6.34019174590991,1014.0,-15.0,135.0,249,23.49681910969433,338,-2.6584408920780493
44937,44995,-85.53804441978242,-4.23639479905884,902.0,-10.0,135.0,187,19.360265223089723,326,-2.6249235788445238
44940,45536,-85.5471754517289,-2.1210963966614536,522.5,-5.0,135.0,183,20.25561908731274,326,-2.1213743025889293
44940,46080,-85.5502233096437,0.0,161.0,0.0,135.0,158,22.971798502610532,330,-1.4424261950156416
44940,46623,-85.5471754517289,2.1210963966614536,1146.5,5.0,135.0,135,26.501904052921066,309,-2.6691127109387365
44937,47164,-85.53804441978242,4.23639479905884,2083.5,10.0,135.0,211,28.568149234987846,321,-3.1649229501544593
44933,47703,-85.5228675835834,6.34019174590991,180.5,15.0,135.0,229,25.4791340139013,338,-1.1166119575575475
44928,48237,-85.5017063861161,8.426969021480673,-805.0,20.0,135.0,230,20.37911935638937,338,-0.139560587662922
44921,48765,-85.47464512481902,10.491477012331599,-972.0,25.0,135.0,120,18.874564837108476,328,-0.7037894371645023
44913,49287,-85.44178932425459,12.528807709151511,-1209.0,30.0,135.0,229,13.375039294029095,322,-0.5298945287347046
44903,49800,-85.40326377136712,14.534455080540122,-1276.0,35.0,135.0,56,13.783792894038939,314,-0.4860745043458585
44891,50305,-85.35921029485304,16.504361381755018,-886.5,40.0,135.0,49,16.273019169067553,305,-0.9146917602501126
44879,50799,-85.30978537475212,18.43494882292201,-86.5,45.0,135.0,60,19.240442429483306,268,-1.3999992702432524
44865,51282,-85.25515766742748,20.323136829662943,1268.5,50.0,135.0,43,24.604403122689064,293,-3.0946430134744194
44850,51754,-85.19550552537916,22.16634582208246,3180.0,55.0,135.0,74,26.86249863999974,203,-3.4812285517906516
44833,52214,-85.13101458191542,23.962488974578186,4509.5,60.0,135.0,55,12.608807654448128,286,-4.587737996896309
44815,52661,-85.06187545883036,25.709953780811265,4908.0,65.0,135.0,248,4.583493057579822,328,0.7216211715155746
44810,40589,-85.04269014402158,-21.44773632710535,143.0,-55.0,140.0,222,25.30023253751375,13,-1.9992446399028916
44825,41048,-85.10047257899905,-19.65382405805331,262.0,-50.0,140.0,149,17.122871807473828,5,-2.148822502501533
44839,41518,-85.15334841972359,-17.81888891452278,262.0,-45.0,140.0,187,14.606802349077796,43,1.0665053272512957
44851,41997,-85.20115458664219,-15.945395900922854,727.5,-40.0,140.0,154,10.554349993027929,0,-2.7364051263477145
44862,42486,-85.24373740691262,-14.036243467926479,773.5,-35.0,140.0,227,18.22243026617343,355,-2.8894942528161236
44871,42983,-85.2809547653117,-12.094757077012101,1137.0,-30.0,140.0,155,24.50597535033855,350,-3.1239057460892647
44880,43488,-85.31267823271732,-10.124671655397817,1078.5,-25.0,140.0,195,13.068631434191454,346,-3.1013141590442674
44886,43998,-85.33879510666145,-8.13010235415598,699.5,-20.0,140.0,165,12.465815633164844,8,-1.6676076848747583
44891,44514,-85.35921029485304,-6.115503566285407,-18.5,-15.0,140.0,183,16.495545458731637,2,-1.0903545135139348
44895,45034,-85.37384797270819,-4.085616779974877,-40.5,-10.0,140.0,182,16.441519203914343,330,-1.5359063671379152
44897,45556,-85.3826529502745,-2.0454084888872277,-177.5,-5.0,140.0,188,16.49666448071122,344,-0.06787528505667545
44898,46080,-85.38559169260229,0.0,-344.5,0.0,140.0,143,17.912223921966348,10,-0.44649625645880126
44897,46603,-85.3826529502745,2.0454084888872277,-254.5,5.0,140.0,153,22.25275568259007,304,-1.0004354297084364
44895,47125,-85.37384797270819,4.085616779974877,-153.0,10.0,140.0,242,32.85456970677933,353,-0.7309634741505272
44891,47645,-85.35921029485304,6.115503566285407,-651.5,15.0,140.0,217,21.37376921133316,339,-0.40797804329154364
44886,48161,-85.33879510666145,8.13010235415598,-1074.0,20.0,140.0,220,17.519208962332016,332,-0.3507750976392189
44880,48671,-85.31267823271732,10.124671655397817,-1819.0,25.0,140.0,226,16.042919819791102,327,0.45158487523733165
44871,49176,-85.2809547653117,12.094757077012101,-1888.0,30.0,140.0,50,14.140960095713343,318,1.4488691245383016
44862,49673,-85.24373740691262,14.036243467926479,-1559.5,35.0,140.0,63,16.681840578121154,311,-0.0636332135304316
44851,50162,-85.20115458664219,15.945395900922854,-876.5,40.0,140.0,46,18.001236595830644,303,-0.9411164170916214
44839,50641,-85.15334841972359,17.81888891452278,203.0,45.0,140.0,74,26.86249863999974,264,-1.6387426679207864
44825,51111,-85.10047257899905,19.65382405805331,1744.5,50.0,140.0,50,24.02886009628353,292,-3.4372984575632954
44810,51570,-85.04269014402158,21.44773632710535,3664.5,55.0,140.0,14,20.798633396517186,288,-4.253592475698466
44810,42131,-85.04269014402158,-15.42216131873867,-73.5,-40.0,145.0,204,11.674875321770672,3,-2.0999600261764617
44821,42605,-85.08389366752345,-13.570434385161485,88.0,-35.0,145.0,186,9.811207829816635,356,-2.2827209093679683
44830,43087,-85.11988617571126,-11.689369175439193,65.5,-30.0,145.0,179,13.709558582244664,347,-2.207622717276669
44838,43575,-85.15055103802129,-9.782407031807287,238.0,-25.0,145.0,202,12.103098960260706,339,-2.307097604688631
44845,44069,-85.17578614740145,-7.853313301978219,-193.5,-20.0,145.0,236,19.62728356118784,330,-1.6111321111588244
44850,44568,-85.19550552537916,-5.9061411137705,-329.0,-15.0,145.0,181,12.940391427406693,319,-1.4501633000713667
44853,45070,-85.2096407277125,-3.945186229037563,-292.5,-10.0,145.0,183,13.118124575213226,314,-1.488010196000504
44855,45574,-85.21814199907055,-1.9749340108819766,-544.0,-5.0,145.0,187,13.639929374772603,308,-0.6590735409202038
44856,46080,-85.22097913242797,0.0,-650.0,0.0,145.0,237,15.34119138235815,12,0.2975952461447444
44855,46585,-85.21814199907055,1.9749340108819766,-1317.5,5.0,145.0,165,18.55106521366898,3,1.124581020206166
44853,47089,-85.2096407277125,3.945186229037563,-1476.0,10.0,145.0,182,19.92869890999363,352,0.7996981216267115
44850,47591,-85.19550552537916,5.9061411137705,-1647.5,15.0,145.0,199,18.5063538934984,342,0.6521150063023798
44845,48090,-85.17578614740145,7.853313301978219,-2209.5,20.0,145.0,212,17.464015338216058,326,2.533919977748294
44838,48584,-85.15055103802129,9.782407031807287,-2184.0,25.0,145.0,217,14.69413036739264,325,1.243418331128633
44830,49072,-85.11988617571126,11.689369175439193,-2119.0,30.0,145.0,59,16.068302561193942,316,0.9962705812644207
44821,49554,-85.08389366752345,13.570434385161485,-1826.5,35.0,145.0,53,19.39021777186532,308,0.42650808660993383
44810,50028,-85.04269014402158,15.42216131873867,-655.0,40.0,145.0,35,21.755754361543957,300,-1.1791040307203513
44803,44135,-85.01269164306851,-7.594643368591445,-946.0,-20.0,150.0,192,11.433349282887134,326,-0.15276755165036787
44808,44618,-85.03176053538863,-5.710593137499642,-1033.0,-15.0,150.0,184,11.793853989167227,297,0.3504136264120813
44811,45103,-85.04542633227092,-3.8140748342903543,-898.0,-10.0,150.0,81,13.068631434191454,294,0.10113363485845937
44813,45591,-85.05364402384438,-1.9091524329963763,-607.5,-5.0,150.0,187,11.154831757296938,274,1.306539550813539
44814,46080,-85.05638630507269,0.0,-829.5,0.0,150.0,159,11.882520997653245,39,1.1758067555306428
44813,46568,-85.05364402384438,1.9091524329963763,-1522.5,5.0,150.0,170,14.472312337472017,129,2.7388636039104735
44811,47056,-85.04542633227092,3.8140748342903543,-1902.5,10.0,150.0,181,15.67278324578389,353,2.1557019860658193
44808,47541,-85.03176053538863,5.710593137499642,-2162.5,15.0,150.0,74,16.013766656799273,337,2.7006053992419616
44803,48024,-85.01269164306851,7.594643368591445,-2265.0,20.0,150.0,202,14.3606806459904,332,1.9063418490311266
