row,col,lat,lon,h_target,worst_azimuth,worst_angle_deg,best_azimuth,best_angle_deg
0,0,89.98242187930433,-179.98242188360948,-45.0,25,5.807707883886724,109,-0.5629457312330003
0,94,89.98242187930433,-176.67773438345142,-45.0,23,6.232697473180402,185,-1.76345317378447
0,188,89.98242187930433,-173.3730468832933,-40.5,25,5.977783327189996,189,-1.8779290211566306
0,282,89.98242187930433,-170.06835938313526,-37.5,32,5.353678899610532,194,-2.221262943211374
0,376,89.98242187930433,-166.76367188297715,-44.0,31,5.694266986503134,200,-1.906545675375245
0,470,89.98242187930433,-163.45898438281907,-35.5,35,5.240063960572366,205,-2.392871614860394
0,564,89.98242187930433,-160.154296882661,-39.5,37,5.495638114168108,210,-2.164051038491982
0,658,89.98242187930433,-156.8496093825029,-50.5,37,6.1194322724308785,215,-1.5344601349667877
0,752,89.98242187930433,-153.54492188234482,-43.0,39,5.892758632146921,218,-1.8493114296536792
0,846,89.98242187930433,-150.24023438218674,-32.0,42,5.211653732506621,225,-2.507253725879789
0,940,89.98242187930433,-146.9355468820287,-28.5,44,5.296876651949483,229,-2.507253725879789
0,1034,89.98242187930433,-143.63085938187058,-32.0,24,5.1548255797197005,232,-2.3070724559256157
0,1128,89.98242187930433,-140.32617188171253,-37.5,30,5.438862451287813,239,-1.9351613780791344
0,1222,89.98242187930433,-137.02148438155444,-40.0,29,5.609156860273118,244,-2.0210026348415036
0,1316,89.98242187930433,-133.71679688139636,-42.0,56,6.0627816066863724,248,-1.7348319755034711
0,1410,89.98242187930433,-130.41210938123828,-43.0,34,5.892758632146921,249,-1.6203386639458608
0,1504,89.98242187930433,-127.1074218810802,-47.5,42,6.1194322724308785,257,-1.6489632411020938
0,1598,89.98242187930433,-123.80273438092212,-43.0,40,5.807707883886724,262,-1.6489632411020938
0,1692,89.98242187930433,-120.49804688076404,-50.0,73,6.4025033469537815,266,-2.106834815955323
0,1786,89.98242187930433,-117.19335938060595,-64.5,46,6.9959163371276984,271,-0.6467150518089517
0,1880,89.98242187930433,-113.88867188044787,-37.5,53,5.75099309027396,275,-2.164051038491982
0,1974,89.98242187930433,-110.58398438028979,-58.5,50,6.741773635224127,277,-0.7899319129163823
0,2068,89.98242187930433,-107.27929688013171,-45.5,53,5.892758632146921,281,-1.5344601349667877
0,2162,89.98242187930433,-103.97460937997363,-57.0,60,6.685260909824459,287,-0.8472159936394054
0,2256,89.98242187930433,-100.66992187981555,-60.0,60,6.8265179867272,288,-0.589425944164081
0,2350,89.98242187930433,-97.36523437965747,-41.5,68,5.807707883886724,293,-1.7348319755034711
0,2444,89.98242187930433,-94.0605468794994,-33.5,73,5.495638114168108,298,-2.421468967484982
0,2538,89.98242187930433,-90.75585937934132,-35.5,75,5.410470594810206,301,-2.421468967484982
0,2632,89.98242187930433,-87.45117187918325,-24.5,74,4.813646890218963,304,-2.7931195485471827
0,2726,89.98242187930433,-84.14648437902515,-11.0,78,4.0732831289227285,307,-3.5927588640721653
0,2820,89.98242187930433,-80.84179687886707,-10.0,82,4.016272419991072,310,-3.507144712674938
0,2914,89.98242187930433,-77.53710937870899,-1.0,86,3.4742890831491904,298,-4.248572598186353
0,3008,89.98242187930433,-74.23242187855091,1.5,92,3.3315543825699323,316,-4.277062202494296
0,3102,89.98242187930433,-70.92773437839283,11.5,136,3.017394750456645,304,-4.817946368710192
0,3196,89.98242187930433,-67.62304687823475,18.0,2,2.848749422613148,307,-5.27276506377916
0,3290,89.98242187930433,-64.31835937807668,23.0,4,2.7858763330266303,310,-5.27276506377916
0,3384,89.98242187930433,-61.0136718779186,30.0,7,2.751579080509579,313,-5.897042955310381
0,3478,89.98242187930433,-57.70898437776051,33.0,11,2.694412619408777,329,-6.067063267211422
0,3572,89.98242187930433,-54.404296877602434,40.5,13,2.585781645239544,331,-6.548195868272788
0,3666,89.98242187930433,-51.09960937744435,38.5,16,2.6315233153713375,333,-7.141251040497416
0,3760,89.98242187930433,-47.79492187728627,39.0,19,2.5972173742780966,335,-6.406779464069202
0,3854,89.98242187930433,-44.49023437712819,44.5,22,2.534318326395968,337,-6.717789694656574
0,3948,89.98242187930433,-41.185546876970115,40.0,25,2.591499535585578,339,-7.225850783680935
0,4042,89.98242187930433,-37.88085937681202,48.0,27,2.5057258201753485,335,-6.321891869149878
0,4136,89.98242187930433,-34.57617187665396,44.0,31,2.5457549760278875,335,-6.265284630378617
0,4230,89.98242187930433,-31.271484376495856,49.5,34,2.477132065080627,337,-6.576469591715202
0,4324,89.98242187930433,-27.966796876337792,48.0,37,2.5228814746788255,342,-5.925386994328368
0,4418,89.98242187930433,-24.662109376179693,51.5,41,2.482850915329777,346,-6.491638824264451
0,4512,89.98242187930433,-21.357421876021625,48.5,42,2.488569716077123,349,-6.406779464069202
0,4606,89.98242187930433,-18.052734375863558,44.5,49,2.565324862990489,349,-5.840346200196709
0,4700,89.98242187930433,-14.748046875705464,46.5,49,2.534318326395968,351,-6.038733913614404
0,4794,89.98242187930433,-11.443359375547397,42.5,53,2.602935161203913,354,-5.811993510979888
0,4888,89.98242187930433,-8.1386718753893,42.0,57,3.060910894395655,356,-5.585070294700421
0,4982,89.98242187930433,-4.833984375231233,35.5,57,3.3607693776640386,357,-5.670187486622845
0,5076,89.98242187930433,-1.5292968750731355,34.0,61,3.4107283219985383,359,-4.447954850296577
0,5170,89.98242187930433,1.775390625084931,31.0,65,3.4535461448023144,1,-5.187535562129397
0,5264,89.98242187930433,5.080078125243029,23.5,67,3.5320354226231934,3,-4.90327298937358
0,5358,89.98242187930433,8.384765625401096,23.5,70,3.5391701578190338,6,-4.277062202494296
0,5452,89.98242187930433,11.689453125559162,21.5,74,3.5605737031463605,7,-4.874833186067847
0,5546,89.98242187930433,14.994140625717257,18.5,77,3.631911635095828,11,-4.817946368710192
0,5640,89.98242187930433,18.298828125875325,19.0,81,3.5605737031463605,12,-4.647229218922866
0,5734,89.98242187930433,21.603515626033424,12.5,83,3.667576387007692,13,-4.390999293847221
0,5828,89.98242187930433,24.90820312619149,14.0,86,3.646177875607254,18,-4.5903049696170255
0,5922,89.98242187930433,28.212890626349587,14.0,91,3.631911635095828,18,-4.647229218922866
0,6016,89.98242187930433,31.51757812650765,11.0,94,3.717502252660978,21,-4.704144275234229
0,6110,89.98242187930433,34.822265626665754,9.5,97,3.724634059492068,21,-5.244357811128311
0,6204,89.98242187930433,38.126953126823814,12.0,100,3.6604436634143034,22,-5.5283117345943715
0,6298,89.98242187930433,41.43164062698188,8.5,103,3.724634059492068,23,-5.613445458623507
0,6392,89.98242187930433,44.736328127139984,4.0,107,3.7816843350318594,25,-5.3579711710270805
0,6486,89.98242187930433,48.041015627298044,0.0,110,3.845856914322106,29,-4.704144275234229
0,6580,89.98242187930433,51.34570312745615,7.5,115,3.746028785648454,31,-5.329571757328216
0,6674,89.98242187930433,54.650390627614215,5.5,117,3.7674224657186177,32,-5.2159479727055045
0,6768,89.98242187930433,57.95507812777231,6.5,121,3.7388973262039653,33,-5.471542288351067
0,6862,89.98242187930433,61.25976562793038,6.0,124,3.753160128861125,34,-5.499928365470206
0,6956,89.98242187930433,64.56445312808847,2.5,128,3.8387271019627596,40,-5.1307030790294945
0,7050,89.98242187930433,67.86914062824654,2.0,132,3.8315971705379197,43,-4.988577813342288
0,7144,89.98242187930433,71.17382812840461,-1.5,136,3.91714844140343,44,-5.045435404127019
0,7238,89.98242187930433,74.4785156285627,-5.5,139,3.924276929670945,48,-4.5618394320170905
0,7332,89.98242187930433,77.78320312872077,-9.0,142,3.995555084172739,52,-4.533371637493045
0,7426,89.98242187930433,81.08789062887887,-11.0,311,4.215774316247181,53,-4.334035041030602
0,7520,89.98242187930433,84.39257812903693,-11.0,150,3.995555084172739,56,-4.504901599833622
0,7614,89.98242187930433,87.69726562919503,-11.5,154,4.031189530546673,60,-4.504901599833622
0,7708,89.98242187930433,91.0019531293531,-13.0,314,4.101785461020437,64,-4.163091211358016
0,7802,89.98242187930433,94.30664062951116,-13.0,322,4.329729748609331,69,-4.447954850296577
0,7896,89.98242187930433,97.61132812966923,-17.0,322,4.244266342385462,72,-4.0775912549101525
0,7990,89.98242187930433,100.91601562982733,-19.5,325,4.50059829061642,71,-3.8495034385438958
0,8084,89.98242187930433,104.22070312998542,-22.0,323,4.50059829061642,78,-3.7639386042586827
0,8178,89.98242187930433,107.52539063014352,-22.0,330,4.50059829061642,78,-3.906537133071837
0,8272,89.98242187930433,110.83007813030156,-28.5,331,5.012710937058842,82,-3.535684524456936
0,8366,89.98242187930433,114.13476563045967,-24.5,336,5.012710937058842,88,-3.4786031582436685
0,8460,89.98242187930433,117.43945313061775,-24.5,336,4.6998433746372985,95,-3.3358697367616905
0,8554,89.98242187930433,120.74414063077586,-39.0,336,5.524021893462105,99,-2.7931195485471827
0,8648,89.98242187930433,124.04882813093388,-40.5,337,5.580781280045213,101,-2.5644373402650418
0,8742,89.98242187930433,127.353515631092,-35.5,348,5.183240934346626,108,-2.993143699479669
0,8836,89.98242187930433,130.65820313125008,-39.5,350,5.353678899610532,111,-2.7931195485471827
0,8930,89.98242187930433,133.9628906314081,-41.5,357,5.296876651949483,119,-2.621615842881564
0,9024,89.98242187930433,137.2675781315662,-49.5,358,5.836061005714534,120,-2.2784704165263405
0,9118,89.98242187930433,140.57226563172432,-52.5,353,5.779351907586024,122,-2.164051038491982
0,9212,89.98242187930433,143.8769531318824,-63.0,356,6.741773635224127,130,-1.4485747091829158
0,9306,89.98242187930433,147.18164063204043,-51.5,357,5.836061005714534,136,-2.1926575376792585
0,9400,89.98242187930433,150.48632813219854,-52.5,357,5.892758632146921,139,-1.8493114296536792
0,9494,89.98242187930433,153.79101563235662,-53.5,357,5.779351907586024,145,-1.7920734917302885
0,9588,89.98242187930433,157.0957031325147,-56.5,358,5.921103109870105,150,-1.6203386639458608
0,9682,89.98242187930433,160.40039063267278,-55.5,358,5.609156860273118,153,-1.7062099111312707
0,9776,89.98242187930433,163.70507813283086,-57.5,359,5.779351907586024,157,-1.248150725409131
0,9870,89.98242187930433,167.00976563298897,-64.5,358,5.977783327189996,162,-1.019057615229499
0,9964,89.98242187930433,170.31445313314703,-66.0,358,5.892758632146921,167,-0.7612892731402408
0,10058,89.98242187930433,173.6191406333051,-62.0,359,5.4672516289265385,171,-0.9331389030642689
0,10152,89.98242187930433,176.92382813346322,-57.5,359,4.955847662513532,176,-1.1049717440629978
94,0,86.67773437914624,-179.98242188360948,-2256.0,0,7.570222865668032,182,-3.935051080028136
94,94,86.67773437914624,-176.67773438345142,-2554.5,341,8.09974517711491,119,-0.866062599234351
94,188,86.67773437914624,-173.3730468832933,-2571.5,328,6.8322400227128846,160,-0.8607443915977326
94,282,86.67773437914624,-170.06835938313526,-2788.5,324,6.296976987315647,148,0.2847562066292724
94,376,86.67773437914624,-166.76367188297715,-2749.5,331,5.027124569979259,183,-0.30729489064731147
94,470,86.67773437914624,-163.45898438281907,-2758.5,326,4.494072764270947,163,-0.05163181357925319
94,564,86.67773437914624,-160.154296882661,-2704.0,20,4.514170092799448,224,-0.505654938861075
94,658,86.67773437914624,-156.8496093825029,-2730.5,13,4.744847876357771,143,-0.28233445242181
94,752,86.67773437914624,-153.54492188234482,-2762.5,6,4.9843088612171575,262,1.7877477196588607
94,846,86.67773437914624,-150.24023438218674,-2680.0,51,5.449096039207443,201,-0.5173259318828035
94,940,86.67773437914624,-146.9355468820287,-2984.0,90,19.885676140066366,36,6.31333673814739
94,1034,86.67773437914624,-143.63085938187058,-2688.0,43,7.4096799964370845,206,-0.3992271272950117
94,1128,86.67773437914624,-140.32617188171253,-2575.5,69,9.174284947982981,253,-0.7779392766476528
94,1222,86.67773437914624,-137.02148438155444,-2226.5,65,11.33104247229084,256,-1.4378100367004378
94,1316,86.67773437914624,-133.71679688139636,-1455.0,81,19.14762570586618,271,-2.2461617536562217
94,1410,86.67773437914624,-130.41210938123828,-651.0,81,17.859574559567957,270,-2.8379022251081873
94,1504,86.67773437914624,-127.1074218810802,105.5,4,12.67874603082326,270,-3.239636514676818
94,1598,86.67773437914624,-123.80273438092212,443.5,0,3.754931111673703,270,-2.962296943877471
94,1692,86.67773437914624,-120.49804688076404,328.5,271,8.290349720344867,120,-1.9838543998321594
94,1786,86.67773437914624,-117.19335938060595,-992.0,237,16.078243401220323,127,-1.1203043919378104
94,1880,86.67773437914624,-113.88867188044787,-1672.5,271,11.181754689953044,131,-0.6145893515810008
94,1974,86.67773437914624,-110.58398438028979,-2211.0,266,8.589586068830236,146,0.9860898263070753
94,2068,86.67773437914624,-107.27929688013171,-2223.0,304,6.359218307201248,94,0.3944647530157555
94,2162,86.67773437914624,-103.97460937997363,-2230.0,302,5.2953791331060724,89,0.6996735195140275
94,2256,86.67773437914624,-100.66992187981555,-2239.5,301,4.480157571150436,166,0.4991604435620202
94,2350,86.67773437914624,-97.36523437965747,-2240.0,300,3.8186282059282513,169,0.2861706022193316
94,2444,86.67773437914624,-94.0605468794994,-2235.0,300,3.2681860399758746,5,1.148092847227956
94,2538,86.67773437914624,-90.75585937934132,-2233.0,271,5.637529680431104,166,1.2924347386583035
94,2632,86.67773437914624,-87.45117187918325,-2226.5,81,3.7249043739276346,249,0.32247745079209256
94,2726,86.67773437914624,-84.14648437902515,-2179.0,83,4.471264256278336,254,0.1294181965690615
94,2820,86.67773437914624,-80.84179687886707,-2224.0,86,5.744636092113393,265,0.32600652122565194
94,2914,86.67773437914624,-77.53710937870899,-2168.5,87,7.423241019542815,271,0.23197757920853077
94,3008,86.67773437914624,-74.23242187855091,-2117.5,90,18.170467677019868,274,-0.005892297203946184
94,3102,86.67773437914624,-70.92773437839283,-1380.0,95,12.608797234007762,267,-1.1999912822742433
94,3196,86.67773437914624,-67.62304687823475,-587.0,90,23.253787462576298,271,-1.6816576731927506
94,3290,86.67773437914624,-64.31835937807668,666.0,38,2.817379194073862,276,-2.363672892068172
94,3384,86.67773437914624,-61.0136718779186,571.0,81,3.1580598120628136,197,-0.5486231342015859
94,3478,86.67773437914624,-57.70898437776051,763.0,146,5.183240934346626,217,-1.4400734678851659
94,3572,86.67773437914624,-54.404296877602434,-171.0,81,16.563763635599802,196,7.095332302323285
94,3666,86.67773437914624,-51.09960937744435,214.0,122,10.947216567009269,1,-0.04513682352753223
94,3760,86.67773437914624,-47.79492187728627,220.0,262,11.238968087207041,130,-2.1944269741634064
94,3854,86.67773437914624,-44.49023437712819,-418.0,324,11.473674267608185,138,-1.1070803726502467
94,3948,86.67773437914624,-41.185546876970115,-404.0,334,8.415295905250696,150,-1.1051077272491263
94,4042,86.67773437914624,-37.88085937681202,-596.5,303,7.304028939504883,35,-1.4079980541334718
94,4136,86.67773437914624,-34.57617187665396,-963.5,202,9.074198836769973,336,1.5639757382058248
94,4230,86.67773437914624,-31.271484376495856,-1010.0,299,4.403413915981367,36,-0.6514308339197439
94,4324,86.67773437914624,-27.966796876337792,-1040.5,295,3.3616319344846075,39,-0.503490108530253
94,4418,86.67773437914624,-24.662109376179693,-1119.5,177,3.4968031037172955,31,-0.23262253266860045
94,4512,86.67773437914624,-21.357421876021625,-1109.5,81,7.064330651017509,7,0.14100853986994039
94,4606,86.67773437914624,-18.052734375863558,-583.0,65,2.34309124906175,38,-1.3051851300788082
94,4700,86.67773437914624,-14.748046875705464,-1248.5,263,8.04283580104748,192,1.0555748507319136
94,4794,86.67773437914624,-11.443359375547397,-1069.0,117,5.113390936125025,26,-0.19067182799081125
94,4888,86.67773437914624,-8.1386718753893,-869.5,137,6.581239062210513,256,-0.558817145644388
94,4982,86.67773437914624,-4.833984375231233,-710.5,137,12.08659053781246,346,-0.8185741578517745
94,5076,86.67773437914624,-1.5292968750731355,31.0,56,15.505314043900198,147,-2.079462937900535
94,5170,86.67773437914624,1.775390625084931,61.0,0,11.741682457358486,204,-2.1396608791164686
94,5264,86.67773437914624,5.080078125243029,-361.0,304,11.099875788178228,204,-1.817688416863608
94,5358,86.67773437914624,8.384765625401096,-521.0,350,15.018928503839064,213,-1.6888714432967218
94,5452,86.67773437914624,11.689453125559162,-1064.0,321,15.364063472979312,147,-0.3539610004315357
94,5546,86.67773437914624,14.994140625717257,-904.0,26,9.751401794575784,191,-1.185097750224539
94,5640,86.67773437914624,18.298828125875325,-619.5,334,7.210935068451733,231,-1.6730956215183534
94,5734,86.67773437914624,21.603515626033424,-809.0,67,11.152097511526085,271,1.2872180831133953
94,5828,86.67773437914624,24.90820312619149,-59.5,139,2.766825769261755,246,-2.1712032889376167
94,5922,86.67773437914624,28.212890626349587,-507.5,247,4.951549952414766,78,-0.2516625246616968
94,6016,86.67773437914624,31.51757812650765,-750.5,224,12.555558222291653,27,3.869400779393571
94,6110,86.67773437914624,34.822265626665754,-540.0,152,9.449682834956162,80,0.0892051101384035
94,6204,86.67773437914624,38.126953126823814,-780.0,249,14.692876814162016,313,6.894981591725778
94,6298,86.67773437914624,41.43164062698188,-520.0,99,16.420889168183432,329,-0.1275813375461922
94,6392,86.67773437914624,44.736328127139984,-529.0,271,7.5315207133414495,138,0.8428869390211424
94,6486,86.67773437914624,48.041015627298044,-513.5,122,6.15977233462509,48,0.3300320273339383
94,6580,86.67773437914624,51.34570312745615,-417.5,240,2.889854887439618,280,-0.44488545378538086
94,6674,86.67773437914624,54.650390627614215,-359.0,90,3.017394750456645,279,-0.6193461982893974
94,6768,86.67773437914624,57.95507812777231,-816.5,271,23.951376951171966,87,-0.8872076679831598
94,6862,86.67773437914624,61.25976562793038,-909.0,263,4.901704476231783,53,-0.9327954105977972
94,6956,86.67773437914624,64.56445312808847,-1240.5,313,4.448454737930128,68,-0.10028224186895204
94,7050,86.67773437914624,67.86914062824654,-1476.0,180,7.306158934405191,98,3.103093459081631
94,7144,86.67773437914624,71.17382812840461,-1285.0,90,8.065804455789914,261,0.476044843438309
94,7238,86.67773437914624,74.4785156285627,-1419.0,90,17.05141626528251,219,1.7919325576146254
94,7332,86.67773437914624,77.78320312872077,-1274.0,122,8.33307660350721,355,0.9148285723807341
94,7426,86.67773437914624,81.08789062887887,-843.0,206,5.04113886935011,272,-0.48253213887112034
94,7520,86.67773437914624,84.39257812903693,-948.5,262,7.080569628285594,98,-1.0321820153057173
94,7614,86.67773437914624,87.69726562919503,-1263.0,218,4.304027479776419,43,0.16274447617999882
94,7708,86.67773437914624,91.0019531293531,-1226.5,90,4.7282977734306275,349,0.0839656688295855
94,7802,86.67773437914624,94.30664062951116,-1150.5,155,4.044778777280754,117,-0.1597279781031847
94,7896,86.67773437914624,97.61132812966923,-1012.0,48,4.953698814449409,292,-0.492935784507781
94,7990,86.67773437914624,100.91601562982733,-1150.0,292,5.879025293975108,110,-0.3610898822762776
94,8084,86.67773437914624,104.22070312998542,-1230.5,26,5.004148484445041,225,0.4550007215779636
94,8178,86.67773437914624,107.52539063014352,-1208.0,11,5.777046451774871,132,-0.574973280609306
94,8272,86.67773437914624,110.83007813030156,-1317.5,11,6.477994085333922,140,-0.3777314806383432
94,8366,86.67773437914624,114.13476563045967,-1376.5,350,6.739476659209238,208,0.0517506475897597
94,8460,86.67773437914624,117.43945313061775,-1337.5,352,5.590297820695371,259,-0.15405459713429534
94,8554,86.67773437914624,120.74414063077586,-1215.0,353,5.341903720583777,267,-0.4923724539357488
94,8648,86.67773437914624,124.04882813093388,-1287.5,30,5.87421952592824,206,3.045962507179206
94,8742,86.67773437914624,127.353515631092,-892.0,113,6.510550101400612,275,-1.1142143829240627
94,8836,86.67773437914624,130.65820313125008,-1252.0,262,21.539755034912144,28,2.078014340072758
94,8930,86.67773437914624,133.9628906314081,-1236.5,149,18.606375821919034,290,0.73086573743193
94,9024,86.67773437914624,137.2675781315662,-1075.0,137,20.016849524944504,284,-0.3223332204987847
94,9118,86.67773437914624,140.57226563172432,-580.0,81,20.34035846214021,282,-1.590696694374621
94,9212,86.67773437914624,143.8769531318824,882.0,162,10.935495654042109,286,-2.6872437999196674
94,9306,86.67773437914624,147.18164063204043,1105.5,79,4.586665393405147,223,-2.568466279604211
94,9400,86.67773437914624,150.48632813219854,1421.5,327,2.474338125110373,110,-3.430790518561985
94,9494,86.67773437914624,153.79101563235662,898.0,1,5.975641801561544,118,-2.632153181253425
94,9588,86.67773437914624,157.0957031325147,653.0,271,6.91123233878236,129,-2.1010385307520574
94,9682,86.67773437914624,160.40039063267278,657.5,352,3.1866199682263483,197,-1.3865737846553994
94,9776,86.67773437914624,163.70507813283086,479.5,173,8.878545736827244,339,-0.8185741578517745
94,9870,86.67773437914624,167.00976563298897,422.5,271,11.843985713067994,101,-6.372233850690344
94,9964,86.67773437914624,170.31445313314703,-475.5,262,15.06749685326106,56,-1.694061667157007
94,10058,86.67773437914624,173.6191406333051,-724.0,271,9.49273225632738,110,-7.216095471909805
94,10152,86.67773437914624,176.92382813346322,-1426.5,337,7.32500517835728,122,-6.806811679074208
188,0,83.37304687898816,-179.98242188360948,-44.5,24,13.040161138633254,353,-0.10243250324721362
188,94,83.37304687898816,-176.67773438345142,1150.5,142,7.024137530189646,76,-2.8404357672204426
188,188,83.37304687898816,-173.3730468832933,207.0,240,27.144768449643546,18,-2.647602873904739
188,282,83.37304687898816,-170.06835938313526,-1548.5,261,20.61691275349017,4,-1.8536380043496565
188,376,83.37304687898816,-166.76367188297715,-2846.0,228,10.60826788901421,45,-0.25988299836440293
188,470,83.37304687898816,-163.45898438281907,-2941.0,242,7.348629411775238,15,0.45343317130614585
188,564,83.37304687898816,-160.154296882661,-2874.5,183,5.428587993128576,87,0.6228756178322614
188,658,83.37304687898816,-156.8496093825029,-2960.5,208,4.970263794333283,66,0.8133174164530048
188,752,83.37304687898816,-153.54492188234482,-2785.0,159,5.102144051697584,298,-0.3394429077790574
188,846,83.37304687898816,-150.24023438218674,-2887.5,122,10.172027584073948,3,0.20836325994125757
188,940,83.37304687898816,-146.9355468820287,-2625.5,187,7.074516120917881,19,-0.39230479179115807
188,1034,83.37304687898816,-143.63085938187058,-2503.0,156,8.077141795586787,353,-0.1597279781031847
188,1128,83.37304687898816,-140.32617188171253,-2315.0,129,11.19265618962543,306,-1.334050745534214
188,1222,83.37304687898816,-137.02148438155444,-866.0,90,33.47316450112399,303,-2.6377837305452174
188,1316,83.37304687898816,-133.71679688139636,-1332.5,349,16.985871725032023,169,4.400231534817641
188,1410,83.37304687898816,-130.41210938123828,142.5,80,11.651763911212266,209,-1.1875474513346862
188,1504,83.37304687898816,-127.1074218810802,649.0,90,11.014151336137722,342,0.21065663515053815
188,1598,83.37304687898816,-123.80273438092212,988.5,234,6.7537647159925465,70,-1.646884456806378
188,1692,83.37304687898816,-120.49804688076404,216.5,217,8.914150201912546,359,-0.10581492393844472
188,1786,83.37304687898816,-117.19335938060595,-136.5,256,3.8912889082907864,194,-0.20283408116587823
188,1880,83.37304687898816,-113.88867188044787,-4.0,142,7.869122302398598,315,0.3650915880574485
188,1974,83.37304687898816,-110.58398438028979,290.5,139,2.3400241209196917,94,-0.8044991346081698
188,2068,83.37304687898816,-107.27929688013171,29.5,176,5.061003358379399,313,-0.41719806362489964
188,2162,83.37304687898816,-103.97460937997363,190.5,60,7.080569628285594,264,-0.3780223075768174
188,2256,83.37304687898816,-100.66992187981555,-1301.0,233,11.02552287279971,93,0.09160754316752467
188,2350,83.37304687898816,-97.36523437965747,-1518.5,224,5.446563861356773,45,1.3022186927335597
188,2444,83.37304687898816,-94.0605468794994,-1306.5,140,3.7511204249862575,108,1.3269414240618682
188,2538,83.37304687898816,-90.75585937934132,-800.5,169,3.484140810992428,132,0.19395746022136953
188,2632,83.37304687898816,-87.45117187918325,-478.0,60,7.447037130608447,325,-0.4428403419054313
188,2726,83.37304687898816,-84.14648437902515,-1485.5,316,17.06491402792583,140,0.21962435335137165
188,2820,83.37304687898816,-80.84179687886707,-1511.0,31,24.851735573297614,155,0.48429623007522427
188,2914,83.37304687898816,-77.53710937870899,79.0,338,17.085390128209966,176,-1.266965671462068
188,3008,83.37304687898816,-74.23242187855091,204.0,296,5.714363843872555,231,0.5330248847057844
188,3102,83.37304687898816,-70.92773437839283,551.5,234,3.3722217182256244,58,-1.0828269232435879
188,3196,83.37304687898816,-67.62304687823475,174.5,271,2.3714960669032155,143,-1.907257208989193
188,3290,83.37304687898816,-64.31835937807668,-220.0,261,9.157985151648763,127,-1.2932653583321907
188,3384,83.37304687898816,-61.0136718779186,-390.5,282,3.520586929005851,155,-1.4932619731461534
188,3478,83.37304687898816,-57.70898437776051,-901.5,36,10.55592624926473,188,-0.5890215131646562
188,3572,83.37304687898816,-54.404296877602434,-1167.0,156,10.219139504368183,250,1.4762547946370925
188,3666,83.37304687898816,-51.09960937744435,-735.0,320,16.285017996080004,65,-0.5963390177242243
188,3760,83.37304687898816,-47.79492187728627,-1055.5,261,16.420889168183432,100,-0.5257369639005519
188,3854,83.37304687898816,-44.49023437712819,-1272.0,201,9.352523331663036,358,1.0452650764361602
188,3948,83.37304687898816,-41.185546876970115,-1209.0,80,6.628735114501932,183,0.5634485954069726
188,4042,83.37304687898816,-37.88085937681202,-943.5,53,13.802748703659367,191,-0.6118636528422209
188,4136,83.37304687898816,-34.57617187665396,-1049.5,289,5.879905266051955,112,0.5201244757299691
188,4230,83.37304687898816,-31.271484376495856,-1182.5,193,3.773061927836365,81,0.6795572853520575
188,4324,83.37304687898816,-27.966796876337792,-1099.0,142,4.099631533830278,271,0.783438142589783
188,4418,83.37304687898816,-24.662109376179693,-1067.0,15,3.386495891346077,319,0.009993948316648774
188,4512,83.37304687898816,-21.357421876021625,-1284.5,90,11.101104195375072,0,0.2727870562933743
188,4606,83.37304687898816,-18.052734375863558,-845.0,80,4.0732831289227285,290,-0.8628690121749131
188,4700,83.37304687898816,-14.748046875705464,-1197.5,122,4.24211319646768,317,0.3389887082803234
188,4794,83.37304687898816,-11.443359375547397,-1100.5,164,9.22821014854112,0,0.0822352494958315
188,4888,83.37304687898816,-8.1386718753893,-1200.5,153,8.424640454409138,328,-0.012042424606177228
188,4982,83.37304687898816,-4.833984375231233,-81.5,90,18.273854121716795,294,-1.925644522801438
188,5076,83.37304687898816,-1.5292968750731355,-1004.5,38,10.769701933793138,6,4.1566303932000865
188,5170,83.37304687898816,1.775390625084931,-1014.0,133,4.785199544960467,243,2.100053651989499
188,5264,83.37304687898816,5.080078125243029,-865.0,46,7.251543379017353,255,0.8919204086681675
188,5358,83.37304687898816,8.384765625401096,6.0,261,8.262295438837457,52,-1.8891430056758338
188,5452,83.37304687898816,11.689453125559162,-1126.5,135,9.52864573536759,7,0.42538053404367326
188,5546,83.37304687898816,14.994140625717257,-734.0,261,14.639253850766785,17,-0.18787269555535133
188,5640,83.37304687898816,18.298828125875325,-137.5,219,17.521543021908325,15,-0.6180706524741753
188,5734,83.37304687898816,21.603515626033424,418.5,261,14.58560465637853,131,0.1014827431317145
188,5828,83.37304687898816,24.90820312619149,335.5,316,8.743764100311694,68,-2.12101865411424
188,5922,83.37304687898816,28.212890626349587,-945.5,291,9.189199224326424,82,-0.6865526529670992
188,6016,83.37304687898816,31.51757812650765,-1205.0,290,4.745437416164417,47,0.5656133834653593
188,6110,83.37304687898816,34.822265626665754,-1190.0,176,4.6843481188158735,110,0.2628843982254409
188,6204,83.37304687898816,38.126953126823814,-1228.0,49,5.276675340528864,341,0.2540169935064695
188,6298,83.37304687898816,41.43164062698188,-1274.5,31,8.319053015720215,70,0.9073425617111452
188,6392,83.37304687898816,44.736328127139984,-962.0,129,4.20139353999956,268,-0.2334031357415437
188,6486,83.37304687898816,48.041015627298044,-748.0,202,8.736550304638396,45,1.1442654158799503
188,6580,83.37304687898816,51.34570312745615,-508.0,271,9.993622487579813,92,-1.2902032696225825
188,6674,83.37304687898816,54.650390627614215,-1943.0,214,10.598280328695436,144,2.256033545231643
188,6768,83.37304687898816,57.95507812777231,-1847.5,77,7.791641911681424,304,1.7058001122036646
188,6862,83.37304687898816,61.25976562793038,-525.0,350,7.064330651017509,158,-0.9962658546089153
188,6956,83.37304687898816,64.56445312808847,-1677.0,0,12.753921924242904,181,0.672982850549319
188,7050,83.37304687898816,67.86914062824654,-925.5,53,20.92807509865417,200,-0.3973585706409384
188,7144,83.37304687898816,71.17382812840461,-532.5,261,26.36817663926433,156,0.018136297845490524
188,7238,83.37304687898816,74.4785156285627,-323.5,90,23.398724577561662,244,-1.1812774626677944
188,7332,83.37304687898816,77.78320312872077,-986.5,90,7.4188686794019105,203,0.45467492580805224
188,7426,83.37304687898816,81.08789062887887,-2035.5,324,16.750421107885863,63,2.6831559171981145
188,7520,83.37304687898816,84.39257812903693,-2044.0,72,13.284201319174207,264,2.9378004988399424
188,7614,83.37304687898816,87.69726562919503,-1358.5,237,5.001225097841328,358,1.4720621845522224
188,7708,83.37304687898816,91.0019531293531,-679.0,100,9.074198836769973,266,-0.7899319129163823
188,7802,83.37304687898816,94.30664062951116,202.0,195,8.598679883436432,145,-1.7189344401393907
188,7896,83.37304687898816,97.61132812966923,-2005.5,31,16.78651821282996,179,4.085850828038476
188,7990,83.37304687898816,100.91601562982733,440.0,80,24.523050886715794,211,-2.185226750729583
188,8084,83.37304687898816,104.22070312998542,324.0,234,8.498510678415883,89,-1.3628173975635978
188,8178,83.37304687898816,107.52539063014352,-21.5,266,3.4471327251632373,103,-0.5242638459285921
188,8272,83.37304687898816,110.83007813030156,-106.5,32,5.122112227712613,133,-0.1737276890956162
188,8366,83.37304687898816,114.13476563045967,-678.0,271,9.771190421107603,64,-1.1809818865988515
188,8460,83.37304687898816,117.43945313061775,-1076.0,261,15.227647451468723,45,0.318385023115661
188,8554,83.37304687898816,120.74414063077586,-822.5,188,5.604045082236776,3,0.28562691696434
188,8648,83.37304687898816,124.04882813093388,-1063.0,254,4.772299709596335,41,-0.3112434277754712
188,8742,83.37304687898816,127.353515631092,-1197.0,90,4.415173855811269,327,1.2724568541749164
188,8836,83.37304687898816,130.65820313125008,-821.0,358,2.5972173742780966,269,-0.033643125917054914
188,8930,83.37304687898816,133.9628906314081,-778.5,90,4.586002680171675,271,-0.33456056323056693
188,9024,83.37304687898816,137.2675781315662,-1873.5,229,13.899248878966011,81,0.4830116596573596
188,9118,83.37304687898816,140.57226563172432,-1882.0,151,5.108760945395639,100,1.124477373996491
188,9212,83.37304687898816,143.8769531318824,-1793.5,189,5.417324905448924,321,0.7050472195059088
188,9306,83.37304687898816,147.18164063204043,-1828.5,7,6.121838372654883,297,1.306306894666678
188,9400,83.37304687898816,150.48632813219854,-1916.5,57,6.271664548532512,271,1.0368747772294156
188,9494,83.37304687898816,153.79101563235662,-1375.0,56,9.85035482725683,279,-0.5512223766229531
188,9588,83.37304687898816,157.0957031325147,9.0,344,6.831663490440135,264,-1.3383783873989068
188,9682,83.37304687898816,160.40039063267278,-10.0,126,4.098214167945396,334,-0.14325388039874457
188,9776,83.37304687898816,163.70507813283086,286.5,79,9.353981784832468,273,-1.0415313714416703
188,9870,83.37304687898816,167.00976563298897,686.5,156,5.06073623389746,349,-0.5111717048147626
188,9964,83.37304687898816,170.31445313314703,1164.5,43,11.415913864517293,115,-6.467522851135459
188,10058,83.37304687898816,173.6191406333051,545.0,44,20.470769604982888,131,-6.413823970516863
188,10152,83.37304687898816,176.92382813346322,281.5,324,16.441269592379545,154,-6.962603579179157
282,0,80.06835937883008,-179.98242188360948,841.5,136,22.593984186165084,11,-1.2767847080749561
282,94,80.06835937883008,-176.67773438345142,2251.0,248,3.357947126005428,141,-2.8145175909070024
282,188,80.06835937883008,-173.3730468832933,1660.0,67,5.609156860273118,154,-2.367487016223383
282,282,80.06835937883008,-170.06835938313526,458.0,316,7.598954931931393,171,-1.3915577231708351
282,376,80.06835937883008,-166.76367188297715,573.5,34,4.166571709714884,215,-1.4040755576313109
282,470,80.06835937883008,-163.45898438281907,-13.5,62,4.776599708665034,143,1.2086959879788537
282,564,80.06835937883008,-160.154296882661,-58.5,287,4.108083949921965,141,1.8198627108751497
282,658,80.06835937883008,-156.8496093825029,-62.5,248,18.763251590062733,103,-0.3396285392777878
282,752,80.06835937883008,-153.54492188234482,-1097.5,191,9.79455607316492,347,3.1355647468005543
282,846,80.06835937883008,-150.24023438218674,775.5,271,4.586002680171675,181,-1.607011884056571
282,940,80.06835937883008,-146.9355468820287,1017.5,67,4.341819199996554,225,-2.2956359080099262
282,1034,80.06835937883008,-143.63085938187058,144.0,292,5.5859511736662535,31,-0.5746588715467318
282,1128,80.06835937883008,-140.32617188171253,622.5,90,14.826818972897582,334,-1.4297298484506602
282,1222,80.06835937883008,-137.02148438155444,106.0,303,7.261747673685086,191,2.1861720223386705
282,1316,80.06835937883008,-133.71679688139636,-222.0,201,5.593705842984983,143,-0.8080211623766089
282,1410,80.06835937883008,-130.41210938123828,-616.5,56,18.452535943214553,184,0.3316903263480791
282,1504,80.06835937883008,-127.1074218810802,-599.5,294,3.8737110356191957,165,-0.7800295552289924
282,1598,80.06835937883008,-123.80273438092212,-395.5,327,1.5015053921253674,179,-1.2483011078408994
282,1692,80.06835937883008,-120.49804688076404,-716.5,133,3.8737110356191957,349,-0.07307236066114588
282,1786,80.06835937883008,-117.19335938060595,-111.5,90,8.962422898792692,349,-0.9078911428716936
282,1880,80.06835937883008,-113.88867188044787,-3024.0,284,11.520038407782536,112,3.4650886852570424
282,1974,80.06835937883008,-110.58398438028979,-3116.5,88,9.67642126114549,274,4.680178503983384
282,2068,80.06835937883008,-107.27929688013171,-765.0,90,19.483947804550596,253,-0.14835662561090374
282,2162,80.06835937883008,-103.97460937997363,453.0,221,6.329625776744835,92,-1.8177547464373527
282,2256,80.06835937883008,-100.66992187981555,-820.5,248,12.82820773088762,43,0.5565096117526979
282,2350,80.06835937883008,-97.36523437965747,-644.0,90,4.6998433746372985,21,0.3263456328319108
282,2444,80.06835937883008,-94.0605468794994,-788.5,214,4.870534431080113,5,0.7657320564120838
282,2538,80.06835937883008,-90.75585937934132,-406.0,350,2.9438095355065306,257,-0.8119762524721269
282,2632,80.06835937883008,-87.45117187918325,-651.0,248,9.26963875800832,350,0.2709622875542424
282,2726,80.06835937883008,-84.14648437902515,-12.5,90,6.487364138235808,215,-1.2453781986636467
282,2820,80.06835937883008,-80.84179687886707,660.0,228,7.559674607620964,40,-1.1214544633450545
282,2914,80.06835937883008,-77.53710937870899,758.0,147,5.807707883886724,319,-1.6165334760526981
282,3008,80.06835937883008,-74.23242187855091,967.5,191,9.632018756902312,22,-0.8472159936394054
282,3102,80.06835937883008,-70.92773437839283,427.0,248,14.155475826368841,97,-1.0877207342070345
282,3196,80.06835937883008,-67.62304687823475,-464.0,344,7.379985949960606,174,1.6845788798640564
282,3290,80.06835937883008,-64.31835937807668,295.0,283,6.0882109976360335,53,-1.4986171358611575
282,3384,80.06835937883008,-61.0136718779186,-425.0,303,15.58508494913415,120,-0.49243536376760627
282,3478,80.06835937883008,-57.70898437776051,-773.0,257,4.538918642552198,59,0.1380176831763254
282,3572,80.06835937883008,-54.404296877602434,-610.0,181,8.962422898792692,24,-0.5582319936712986
282,3666,80.06835937883008,-51.09960937744435,-446.0,214,18.609007873107743,34,-0.05281406981790794
282,3760,80.06835937883008,-47.79492187728627,-770.5,314,7.7031376386151615,34,-0.8622044047317502
282,3854,80.06835937883008,-44.49023437712819,-800.0,140,8.37779700362886,312,-0.5333720948647585
282,3948,80.06835937883008,-41.185546876970115,-305.0,261,3.8486761407157326,90,0.38457573801821127
282,4042,80.06835937883008,-37.88085937681202,-365.0,191,4.734585628477464,119,-0.19093923904028784
282,4136,80.06835937883008,-34.57617187665396,-287.0,56,4.672049205480731,296,-0.5653147428323979
282,4230,80.06835937883008,-31.271484376495856,340.5,48,7.390696621241443,320,-1.4229764411316326
282,4324,80.06835937883008,-27.966796876337792,345.5,159,6.2893117946438455,289,-1.144189102516915
282,4418,80.06835937883008,-24.662109376179693,-196.5,248,15.812769797068002,11,-1.3626827717689214
282,4512,80.06835937883008,-21.357421876021625,-1215.0,271,10.074857755870914,162,2.6322543743804565
282,4606,80.06835937883008,-18.052734375863558,-788.0,133,3.9877640709561657,346,-0.8049368144314604
282,4700,80.06835937883008,-14.748046875705464,-1157.5,224,11.66427937263357,353,1.1561781240528957
282,4794,80.06835937883008,-11.443359375547397,-407.5,55,5.655180049515534,180,-0.3223332204987847
282,4888,80.06835937883008,-8.1386718753893,-440.0,288,3.3177639984580525,357,-0.6033037335484318
282,4982,80.06835937883008,-4.833984375231233,-419.5,53,0.9149343494580716,229,-0.4832110726199948
282,5076,80.06835937883008,-1.5292968750731355,-404.5,22,1.7305059376402778,345,-0.3883370245969661
282,5170,80.06835937883008,1.775390625084931,-283.0,67,6.430793430263367,346,-1.0655664919646606
282,5264,80.06835937883008,5.080078125243029,58.5,294,8.178108704893182,62,-1.396308799450455
282,5358,80.06835937883008,8.384765625401096,-1188.0,322,6.293852073394533,3,0.1295494478858709
282,5452,80.06835937883008,11.689453125559162,-863.0,67,10.298969119437114,332,-0.22681412101807355
282,5546,80.06835937883008,14.994140625717257,-408.0,248,8.570670320661753,51,-0.8182045145304112
282,5640,80.06835937883008,18.298828125875325,-676.0,288,1.928153765512537,42,-0.25909421848170816
282,5734,80.06835937883008,21.603515626033424,-731.5,41,3.676832418442413,260,0.19881408394569638
282,5828,80.06835937883008,24.90820312619149,-2104.0,248,16.920401479538146,88,2.861333468880331
282,5922,80.06835937883008,28.212890626349587,-2071.5,143,22.10201473092662,288,2.2517806000372738
282,6016,80.06835937883008,31.51757812650765,-480.0,122,10.051849446741505,270,-0.5809996060017109
282,6110,80.06835937883008,34.822265626665754,-2811.5,244,19.058604942269024,25,1.8686315520765266
282,6204,80.06835937883008,38.126953126823814,-2781.5,260,7.312064575667954,1,1.795241209042389
282,6298,80.06835937883008,41.43164062698188,-2482.5,93,11.574220532073166,312,0.7425729298757153
282,6392,80.06835937883008,44.736328127139984,668.0,248,10.298969119437114,82,-2.192771982518146
282,6486,80.06835937883008,48.041015627298044,-765.5,271,22.792740672139,121,-1.2099901024731765
282,6580,80.06835937883008,51.34570312745615,-1808.5,67,29.14894179219409,190,3.203624459912266
282,6674,80.06835937883008,54.650390627614215,-1286.0,67,22.402054818007137,192,0.1365749223446016
282,6768,80.06835937883008,57.95507812777231,-1163.0,271,6.770025063763765,79,-0.46524269266567675
282,6862,80.06835937883008,61.25976562793038,-1244.0,118,4.828055404568811,315,0.08509399221511309
282,6956,80.06835937883008,64.56445312808847,-1309.5,202,6.341636655880393,298,0.030439410561472178
282,7050,80.06835937883008,67.86914062824654,-1262.0,7,5.33335363025685,270,0.40537504371276245
282,7144,80.06835937883008,71.17382812840461,-1115.0,248,27.8435613172824,21,1.5763474400295856
282,7238,80.06835937883008,74.4785156285627,-606.0,271,12.337021131378519,158,-1.392580558806071
282,7332,80.06835937883008,77.78320312872077,-1098.5,305,4.911044652513967,214,-0.02538637514844654
282,7426,80.06835937883008,81.08789062887887,-607.0,56,8.848464377592613,200,-1.519769461945312
282,7520,80.06835937883008,84.39257812903693,175.0,56,3.586289328252657,217,-2.0684686215676167
282,7614,80.06835937883008,87.69726562919503,-1016.5,248,26.34517520597556,57,-1.3183334581292416
282,7708,80.06835937883008,91.0019531293531,-2718.0,210,10.656240942795598,55,0.011623385616523697
282,7802,80.06835937883008,94.30664062951116,-3065.0,149,10.827687335762265,345,0.3756182535644991
282,7896,80.06835937883008,97.61132812966923,-3125.5,164,9.982396657135837,319,0.12008273714879546
282,7990,80.06835937883008,100.91601562982733,-3067.0,122,12.370695416592142,314,-0.2119751528540406
282,8084,80.06835937883008,104.22070312998542,-638.0,90,30.293994207196207,312,-1.8226891773816165
282,8178,80.06835937883008,107.52539063014352,-63.0,48,9.782998736286746,133,4.783049606131674
282,8272,80.06835937883008,110.83007813030156,-1474.5,271,15.831052062507906,73,0.33188033038295517
282,8366,80.06835937883008,114.13476563045967,-2259.0,159,7.877665297433393,64,3.6373567381375187
282,8460,80.06835937883008,117.43945313061775,32.0,113,8.3464462630441,247,-0.868781290411268
282,8554,80.06835937883008,120.74414063077586,-2580.5,201,11.516939688358944,34,3.101027279533709
282,8648,80.06835937883008,124.04882813093388,-1007.5,90,18.865924377788147,288,-0.09950090040718086
282,8742,80.06835937883008,127.353515631092,-563.5,67,11.651763911212266,221,2.2004749868946494
282,8836,80.06835937883008,130.65820313125008,-1111.5,303,16.088853355960698,188,0.7680864534891905
282,8930,80.06835937883008,133.9628906314081,-837.0,303,14.905083128986494,95,-0.015565149687848613
282,9024,80.06835937883008,137.2675781315662,-1020.0,205,3.75881559670419,256,0.5798160416681
282,9118,80.06835937883008,140.57226563172432,-422.0,133,8.822606285879205,294,-0.6345324452244936
282,9212,80.06835937883008,143.8769531318824,-677.5,56,15.118889606132877,161,-1.4042151717369638
282,9306,80.06835937883008,147.18164063204043,-1022.5,346,13.340509512159711,37,5.377784140986373
282,9400,80.06835937883008,150.48632813219854,-115.0,22,5.150530508322398,185,-1.5033233216717847
282,9494,80.06835937883008,153.79101563235662,198.5,90,9.882444063204082,214,-1.6538409777299052
282,9588,80.06835937883008,157.0957031325147,1322.5,113,2.1732008236741263,258,-2.1828312767637557
282,9682,80.06835937883008,160.40039063267278,461.5,223,17.985329576314605,78,-1.438219198228126
282,9776,80.06835937883008,163.70507813283086,-1027.5,271,11.5286922118231,188,2.2252006140570355
282,9870,80.06835937883008,167.00976563298897,-644.5,67,9.10213197537177,148,-1.772868216059849
282,9964,80.06835937883008,170.31445313314703,-1157.5,248,21.440542376627697,83,1.4621768260637666
282,10058,80.06835937883008,173.6191406333051,-1082.5,67,14.800043749691216,282,1.6268871233544095
282,10152,80.06835937883008,176.92382813346322,19.0,90,23.374590356148154,315,-1.1459355731944518
376,0,76.763671878672,-179.98242188360948,-619.5,168,7.36835266345782,188,0.1553980143903291
376,94,76.763671878672,-176.67773438345142,1181.5,143,10.7979905445106,316,-7.550429019912774
376,188,76.763671878672,-173.3730468832933,833.5,202,4.996347472554382,53,-0.05889221824490244
376,282,76.763671878672,-170.06835938313526,-33.0,258,7.503363160484187,103,-0.5419627981002072
376,376,76.763671878672,-166.76367188297715,-547.5,191,4.431868923947637,334,1.0210251117495657
376,470,76.763671878672,-163.45898438281907,220.5,181,2.8702145994637447,307,-0.8470533382964863
376,564,76.763671878672,-160.154296882661,-660.5,271,9.241731980226309,218,1.9143659245082836
376,658,76.763671878672,-156.8496093825029,-1308.5,236,4.802897956357136,139,0.32455840085443133
376,752,76.763671878672,-153.54492188234482,-1140.5,60,8.64398051965144,232,-0.17477502099793638
376,846,76.763671878672,-150.24023438218674,-1280.5,340,10.364015145489631,122,2.9602547458915347
376,940,76.763671878672,-146.9355468820287,74.5,258,5.240063960572366,88,-0.8140649975879061
376,1034,76.763671878672,-143.63085938187058,-499.5,53,6.579922625905291,238,1.1271162347200216
376,1128,76.763671878672,-140.32617188171253,-887.0,276,4.605036559138906,37,0.3272821743290598
376,1222,76.763671878672,-137.02148438155444,-202.5,90,3.930741453290011,41,-1.2955825206585097
376,1316,76.763671878672,-133.71679688139636,-338.0,90,5.195300414750543,347,-0.8775411923369363
376,1410,76.763671878672,-130.41210938123828,-396.0,314,5.75099309027396,154,-1.088503566671477
376,1504,76.763671878672,-127.1074218810802,-670.0,78,6.345913788040451,198,0.019987896025168147
376,1598,76.763671878672,-123.80273438092212,-264.5,78,9.32543899282289,208,-1.2852309936638995
376,1692,76.763671878672,-120.49804688076404,-1916.0,38,10.846811363433597,136,0.8617262444885826
376,1786,76.763671878672,-117.19335938060595,-1509.5,47,26.40092470710317,175,0.3293489649477338
376,1880,76.763671878672,-113.88867188044787,-123.5,47,2.073900806976348,313,-0.7737007465983429
376,1974,76.763671878672,-110.58398438028979,-780.5,78,8.85057813741763,196,-0.21918810036541153
376,2068,76.763671878672,-107.27929688013171,-485.0,184,2.76088448405639,356,-0.4200121912525549
376,2162,76.763671878672,-103.97460937997363,-721.5,228,7.219458454743744,285,-0.22218409687972396
376,2256,76.763671878672,-100.66992187981555,-71.5,78,4.927412347624502,237,-0.14381296198777044
376,2350,76.763671878672,-97.36523437965747,-648.5,228,7.675002594661927,36,0.17663765566294687
376,2444,76.763671878672,-94.0605468794994,377.0,90,14.263162851091185,313,-2.1986649725872605
376,2538,76.763671878672,-90.75585937934132,135.5,303,6.725511390006579,133,-1.904053860402613
376,2632,76.763671878672,-87.45117187918325,-2865.5,355,8.637350890944225,195,0.6334372753346188
376,2726,76.763671878672,-84.14648437902515,106.0,78,26.391168921439657,208,-2.2562851086523947
376,2820,76.763671878672,-80.84179687886707,615.5,244,6.266163341130861,326,-0.5811532054861092
376,2914,76.763671878672,-77.53710937870899,756.5,258,8.85057813741763,49,-1.8481003044089426
376,3008,76.763671878672,-74.23242187855091,-1175.5,195,9.53508311356939,2,0.039551085693038425
376,3102,76.763671878672,-70.92773437839283,1019.5,170,3.324474610953949,13,-1.9476119349725487
376,3196,76.763671878672,-67.62304687823475,124.5,0,18.2480190295589,144,1.3903649137313105
376,3290,76.763671878672,-64.31835937807668,203.5,78,11.569301387356504,207,0.36768104408744035
376,3384,76.763671878672,-61.0136718779186,16.0,78,13.66962857084398,126,-0.08938428955164197
376,3478,76.763671878672,-57.70898437776051,264.5,271,13.480141356045708,87,-2.161712101146326
376,3572,76.763671878672,-54.404296877602434,-1095.5,316,5.254325878906804,166,0.06082648907968672
376,3666,76.763671878672,-51.09960937744435,-1007.5,228,3.800256732148412,12,-0.6140533611218424
376,3760,76.763671878672,-47.79492187728627,-1003.0,72,3.2903117614435775,308,-0.32216914053725554
376,3854,76.763671878672,-44.49023437712819,-609.0,78,17.260657806535036,223,-0.6845920476666966
376,3948,76.763671878672,-41.185546876970115,-1179.0,316,3.372349681553231,252,0.39385427229490755
376,4042,76.763671878672,-37.88085937681202,-1154.5,147,2.631454384989599,267,-0.17876814402621433
376,4136,76.763671878672,-34.57617187665396,-1126.0,64,7.170329901486218,331,0.7118306213855369
376,4230,76.763671878672,-31.271484376495856,-1038.5,24,14.369549953572822,263,-0.3938792863897518
376,4324,76.763671878672,-27.966796876337792,-755.0,319,7.557418088418943,48,0.5278060318718353
376,4418,76.763671878672,-24.662109376179693,-702.5,54,10.819149884547455,161,1.8215813206249294
376,4512,76.763671878672,-21.357421876021625,-884.0,283,6.232697473180402,165,-0.7862906441121609
376,4606,76.763671878672,-18.052734375863558,-542.0,41,3.935936194598708,314,-0.3316120276314915
376,4700,76.763671878672,-14.748046875705464,-608.0,200,2.917839368046847,75,0.08754835581194922
376,4794,76.763671878672,-11.443359375547397,-596.5,20,3.7858321246309203,81,-0.017201264933896426
376,4888,76.763671878672,-8.1386718753893,-600.5,315,2.266750807722395,264,-0.12624738859389203
376,4982,76.763671878672,-4.833984375231233,-700.5,135,11.742108694567383,218,3.6861536124456467
376,5076,76.763671878672,-1.5292968750731355,-759.5,244,4.805710067398691,143,-0.08744162186372799
376,5170,76.763671878672,1.775390625084931,-459.0,90,16.65782532227034,228,-0.6782564227554903
376,5264,76.763671878672,5.080078125243029,-99.0,286,5.3543400702512916,167,-0.06656445930250937
376,5358,76.763671878672,8.384765625401096,-20.5,78,3.41720028437403,255,0.2842459413845192
376,5452,76.763671878672,11.689453125559162,106.0,22,8.242340894757294,228,-0.9617789592159124
376,5546,76.763671878672,14.994140625717257,474.0,331,17.651705634898008,214,-1.4485747091829158
376,5640,76.763671878672,18.298828125875325,-395.0,283,8.430560837673331,178,0.4009678942860516
376,5734,76.763671878672,21.603515626033424,-674.0,166,7.412481880056312,93,0.16077248105927225
376,5828,76.763671878672,24.90820312619149,-709.0,144,5.605770001836937,338,-0.06551109205295941
376,5922,76.763671878672,28.212890626349587,-1393.5,311,11.032060075684297,133,1.3297230884451376
376,6016,76.763671878672,31.51757812650765,-1342.5,26,6.9905157925906485,249,0.5689707527613448
376,6110,76.763671878672,34.822265626665754,-110.5,351,9.49780951921549,235,-1.1719585625163818
376,6204,76.763671878672,38.126953126823814,-922.0,228,19.90909154397757,49,-0.06507832656233094
376,6298,76.763671878672,41.43164062698188,-411.0,299,4.790126687315083,21,1.0553912921675048
376,6392,76.763671878672,44.736328127139984,-70.5,151,6.796138514455366,29,-0.9717651873712739
376,6486,76.763671878672,48.041015627298044,-179.0,90,10.68673640284794,282,-0.35953448682253036
376,6580,76.763671878672,51.34570312745615,-1532.5,78,26.574777508678917,151,4.756749834785838
376,6674,76.763671878672,54.650390627614215,-155.5,30,10.714396635958972,160,-2.0496143892401486
376,6768,76.763671878672,57.95507812777231,321.5,78,13.371727621668292,336,-1.9747044586039646
376,6862,76.763671878672,61.25976562793038,-475.5,228,11.439949415012295,25,0.7139013120640654
376,6956,76.763671878672,64.56445312808847,-64.0,78,24.499333813223203,207,-2.3870474227097978
376,7050,76.763671878672,67.86914062824654,-211.5,115,6.41092589395942,250,-0.9338510363390619
376,7144,76.763671878672,71.17382812840461,-216.0,221,6.483089379675058,92,-1.4755745826237423
376,7238,76.763671878672,74.4785156285627,-395.0,331,6.854759454861373,196,-0.07378468183348778
376,7332,76.763671878672,77.78320312872077,-1137.5,314,6.685260909824459,155,0.7174280764777298
376,7426,76.763671878672,81.08789062887887,-769.5,90,10.824986930523496,3,-1.29386238380062
376,7520,76.763671878672,84.39257812903693,-1854.5,28,9.352538801386078,298,1.9799177946418272
376,7614,76.763671878672,87.69726562919503,94.0,90,5.126407682260642,203,-1.958739839371546
376,7708,76.763671878672,91.0019531293531,-680.0,78,5.580781280045213,240,-0.43767003549516864
376,7802,76.763671878672,94.30664062951116,-2368.5,78,30.592097972794114,194,0.9737028072803638
376,7896,76.763671878672,97.61132812966923,-681.5,47,6.008887542462645,251,-1.2979298686578002
376,7990,76.763671878672,100.91601562982733,-100.0,271,5.692123293915419,60,-1.7757682114660058
376,8084,76.763671878672,104.22070312998542,-1047.0,286,9.347008871522153,180,0.3071636424339925
376,8178,76.763671878672,107.52539063014352,-1194.5,151,10.084545576864574,345,0.9158234261524105
376,8272,76.763671878672,110.83007813030156,-837.0,331,10.21575064600189,129,-0.32940748701743017
376,8366,76.763671878672,114.13476563045967,-994.5,271,7.306158934405191,195,-0.1808864027175576
376,8460,76.763671878672,117.43945313061775,-824.5,15,3.78599547432852,228,0.4418685326144075
376,8554,76.763671878672,120.74414063077586,-442.5,314,8.878545736827244,258,0.9860898263070753
376,8648,76.763671878672,124.04882813093388,-1798.0,221,10.67333379505862,9,1.0721751864902311
376,8742,76.763671878672,127.353515631092,-849.0,122,6.394577197008485,64,2.0337957878476036
376,8836,76.763671878672,130.65820313125008,175.5,90,14.397626990516878,284,-1.7235440394029402
376,8930,76.763671878672,133.9628906314081,-726.5,258,11.624281823987335,121,-1.2971825797491963
376,9024,76.763671878672,137.2675781315662,-1977.5,78,23.22960055319457,195,-0.2778830161444108
376,9118,76.763671878672,140.57226563172432,688.0,346,7.095113368406584,188,0.1532330318651828
376,9212,76.763671878672,143.8769531318824,391.0,30,7.390696621241443,113,-0.28235484717879256
376,9306,76.763671878672,147.18164063204043,-169.0,210,9.850434458899791,12,-1.5907026857335325
376,9400,76.763671878672,150.48632813219854,-161.0,47,22.35306342214524,225,1.5735178778963863
376,9494,76.763671878672,153.79101563235662,430.5,342,1.4971783601195714,167,-0.8472159936394054
376,9588,76.763671878672,157.0957031325147,335.0,44,5.6173513053650135,259,0.5356343078113234
376,9682,76.763671878672,160.40039063267278,914.5,78,11.594716786875352,271,-0.6180706524741753
376,9776,76.763671878672,163.70507813283086,7.0,214,20.328350639727333,77,-2.244000397233233
376,9870,76.763671878672,167.00976563298897,-4067.0,261,12.36288926779421,77,0.9882173675637587
376,9964,76.763671878672,170.31445313314703,-4389.0,254,6.719431353750537,212,2.493903736394326
376,10058,76.763671878672,173.6191406333051,-4194.0,122,8.407502897220729,233,1.2215209045099
376,10152,76.763671878672,176.92382813346322,-2114.5,90,12.290228533910268,244,-0.8354139544318772
470,0,73.45898437851392,-179.98242188360948,1463.5,13,1.7036713640299772,343,-1.2767847080749561
470,94,73.45898437851392,-176.67773438345142,1384.5,311,0.8319002300843807,54,-1.6881565533351468
470,188,73.45898437851392,-173.3730468832933,-787.5,123,13.3113335792452,279,3.0258043745658103
470,282,73.45898437851392,-170.06835938313526,498.0,230,4.365996939704514,118,0.11236079076398646
470,376,73.45898437851392,-166.76367188297715,700.5,343,7.050222925417762,198,-1.2131960680884686
470,470,73.45898437851392,-163.45898438281907,-275.0,218,10.109783494289838,39,-0.4240436839951012
470,564,73.45898437851392,-160.154296882661,177.5,42,4.969999269687017,350,2.3856238213260315
470,658,73.45898437851392,-156.8496093825029,81.0,38,12.145501395754268,246,0.11872450758146894
470,752,73.45898437851392,-153.54492188234482,-374.0,90,20.667088049658762,192,4.572211849623403
470,846,73.45898437851392,-150.24023438218674,-859.5,66,7.16519185957098,172,1.098479150570904
470,940,73.45898437851392,-146.9355468820287,-1276.5,90,15.17429086035302,312,1.831878195088004
470,1034,73.45898437851392,-143.63085938187058,163.0,291,3.5365704450660576,91,-1.2210061957407359
470,1128,73.45898437851392,-140.32617188171253,-425.0,41,2.8161065801842304,235,0.12381989795009192
470,1222,73.45898437851392,-137.02148438155444,-300.0,38,6.993783446685901,254,-0.410079608283478
470,1316,73.45898437851392,-133.71679688139636,531.5,271,6.261006168263866,352,-1.6663133996814108
470,1410,73.45898437851392,-130.41210938123828,829.0,115,3.2173367226346716,0,-1.8690742524770074
470,1504,73.45898437851392,-127.1074218810802,49.5,343,7.080569628285594,265,1.482667354266957
470,1598,73.45898437851392,-123.80273438092212,-61.0,218,9.12795025091025,9,-0.7145113081665326
470,1692,73.45898437851392,-120.49804688076404,-669.0,266,6.056824877639695,92,1.797404079923617
470,1786,73.45898437851392,-117.19335938060595,220.0,123,5.465106276145986,250,-0.1825492042986477
470,1880,73.45898437851392,-113.88867188044787,-24.5,66,6.628735114501932,17,-0.7487294561268322
470,1974,73.45898437851392,-110.58398438028979,43.0,66,4.044778777280754,274,-0.34231865354501195
470,2068,73.45898437851392,-107.27929688013171,-357.0,295,13.398840231903758,89,0.17640217769282962
470,2162,73.45898437851392,-103.97460937997363,-261.5,65,4.072456278443171,350,0.7908210473638402
470,2256,73.45898437851392,-100.66992187981555,260.5,271,8.178108704893182,117,-0.8315800215480754
470,2350,73.45898437851392,-97.36523437965747,499.0,90,3.90222721249301,299,-1.4448069031787611
470,2444,73.45898437851392,-94.0605468794994,429.0,230,13.883772208986787,29,-2.2396513440658583
470,2538,73.45898437851392,-90.75585937934132,-2652.5,246,9.188908921057996,32,-0.15450871722974524
470,2632,73.45898437851392,-87.45117187918325,-2636.0,190,7.088032554001912,353,-0.05940249552716955
470,2726,73.45898437851392,-84.14648437902515,-976.5,90,17.260657806535036,346,-1.7529923105926029
470,2820,73.45898437851392,-80.84179687886707,-438.5,170,15.633885438639988,324,-1.8725127330216993
470,2914,73.45898437851392,-77.53710937870899,1513.0,320,4.0074185372967674,89,-2.341190139670556
470,3008,73.45898437851392,-74.23242187855091,-427.5,230,15.956526812852335,34,-0.9135263523938947
470,3102,73.45898437851392,-70.92773437839283,-2801.5,201,9.232770442264838,19,1.0433676317159735
470,3196,73.45898437851392,-67.62304687823475,-2306.5,149,13.775006317945328,321,0.4603204397061577
470,3290,73.45898437851392,-64.31835937807668,1424.5,143,1.8736036639143911,104,-2.9286036757950216
470,3384,73.45898437851392,-61.0136718779186,-614.0,280,5.594268979459488,238,0.7621784196293824
470,3478,73.45898437851392,-57.70898437776051,-305.0,265,2.2551313611267254,18,-1.507318681567086
470,3572,73.45898437851392,-54.404296877602434,-943.0,38,4.923114268836501,318,-0.44769065240279315
470,3666,73.45898437851392,-51.09960937744435,-486.5,90,11.926284020055789,293,-1.1273158797505143
470,3760,73.45898437851392,-47.79492187728627,-912.5,330,20.18527718098081,146,-0.6819287116832307
470,3854,73.45898437851392,-44.49023437712819,-1013.0,16,9.002106966084376,163,-0.3316120276314915
470,3948,73.45898437851392,-41.185546876970115,-532.0,155,4.495305937110125,42,-0.9216868853762809
470,4042,73.45898437851392,-37.88085937681202,-413.0,90,15.334279448603816,357,-1.069161860300394
470,4136,73.45898437851392,-34.57617187665396,1075.0,123,7.740459140283087,337,-2.841698276578735
470,4230,73.45898437851392,-31.271484376495856,14.0,213,7.890858810664853,85,-0.9812583414559959
470,4324,73.45898437851392,-27.966796876337792,-1135.5,237,11.858344365312833,138,-0.2217394517203576
470,4418,73.45898437851392,-24.662109376179693,-912.0,38,10.714396635958972,322,-1.003451307888185
470,4512,73.45898437851392,-21.357421876021625,-952.5,218,4.386694654138201,11,-1.0414347261047683
470,4606,73.45898437851392,-18.052734375863558,-1548.5,66,8.822606285879205,228,1.0165070310990254
470,4700,73.45898437851392,-14.748046875705464,-501.5,106,6.698692787898785,268,-0.051702349556303415
470,4794,73.45898437851392,-11.443359375547397,-2449.0,251,14.821551986232809,102,3.29571609422492
470,4888,73.45898437851392,-8.1386718753893,-1545.5,99,13.181093807639535,292,2.3983566935940015
470,4982,73.45898437851392,-4.833984375231233,-1082.0,38,3.674044758311223,200,0.23529039918008948
470,5076,73.45898437851392,-1.5292968750731355,-1496.0,271,16.65782532227034,116,2.1339147503343954
470,5170,73.45898437851392,1.775390625084931,-1217.0,81,10.853265118884934,257,-0.6350843823111924
470,5264,73.45898437851392,5.080078125243029,-96.0,230,15.372225607811902,72,-1.8728814823957505
470,5358,73.45898437851392,8.384765625401096,-1069.0,204,4.902330163677331,8,-0.46015313000880737
470,5452,73.45898437851392,11.689453125559162,-1052.5,283,7.466688375633522,336,-0.2858915796137323
470,5546,73.45898437851392,14.994140625717257,-1258.0,230,2.943482270884336,123,-0.3836864743253767
470,5640,73.45898437851392,18.298828125875325,-1333.0,198,0.8628887850259556,218,-0.13757523242874548
470,5734,73.45898437851392,21.603515626033424,-1334.5,136,2.0028157887511844,246,-0.32384095622674497
470,5828,73.45898437851392,24.90820312619149,-1114.0,99,7.046301052111006,314,-0.7560708880984411
470,5922,73.45898437851392,28.212890626349587,-457.0,111,7.038684818556361,208,0.256108955677459
470,6016,73.45898437851392,31.51757812650765,-623.5,38,11.76664013756887,218,0.13733714345388656
470,6110,73.45898437851392,34.822265626665754,-1057.5,222,7.295508756971793,48,-0.5486231342015859
470,6204,73.45898437851392,38.126953126823814,-1072.5,173,7.976822966881235,2,-0.672024700152347
470,6298,73.45898437851392,41.43164062698188,-222.0,343,10.116509172309733,117,-0.9904185347039922
470,6392,73.45898437851392,44.736328127139984,13.0,115,6.9959163371276984,256,-0.7209485706482999
470,6486,73.45898437851392,48.041015627298044,149.5,123,9.81081717813225,216,-1.6201064424286913
470,6580,73.45898437851392,51.34570312745615,22.0,246,15.626955122921501,53,-2.4021625968456752
470,6674,73.45898437851392,54.650390627614215,-1783.5,219,6.106459824053335,342,0.23792119017194632
470,6768,73.45898437851392,57.95507812777231,-1851.5,66,6.4025033469537815,287,1.2950695271140076
470,6862,73.45898437851392,61.25976562793038,-23.5,237,8.781291997169166,328,-2.1383698005128045
470,6956,73.45898437851392,64.56445312808847,227.5,295,9.826826596734136,90,-1.1906553224106906
470,7050,73.45898437851392,67.86914062824654,-1682.5,162,12.244514594887455,352,-0.6799907736053378
470,7144,73.45898437851392,71.17382812840461,-935.0,123,22.007299355369938,330,-1.345299646182246
470,7238,73.45898437851392,74.4785156285627,-1460.0,271,24.118645390713816,119,-0.589192925087467
470,7332,73.45898437851392,77.78320312872077,-2403.0,77,9.660351076531022,255,1.8279209306377218
470,7426,73.45898437851392,81.08789062887887,-2472.0,271,16.552592221679774,128,-0.4503407665271452
470,7520,73.45898437851392,84.39257812903693,-2726.0,218,10.026466424120665,92,0.4455102720541961
470,7614,73.45898437851392,87.69726562919503,-2698.5,90,9.931741062134732,196,1.2762575068825874
470,7708,73.45898437851392,91.0019531293531,-1270.5,66,21.91059374211583,262,-1.9915007507446623
470,7802,73.45898437851392,94.30664062951116,-161.5,54,3.831375837353535,244,-2.171863845595091
470,7896,73.45898437851392,97.61132812966923,-365.5,271,18.222176253326776,140,0.4978848455709286
470,7990,73.45898437851392,100.91601562982733,-558.5,66,9.32543899282289,214,-0.45048894997944117
470,8084,73.45898437851392,104.22070312998542,-2281.0,15,10.052460534306729,85,1.4080261268481489
470,8178,73.45898437851392,107.52539063014352,-1179.5,151,7.691884068750201,28,-1.3340138599479698
470,8272,73.45898437851392,110.83007813030156,-1032.5,324,10.929234265866853,227,-0.03991752628130603
470,8366,73.45898437851392,114.13476563045967,-671.5,303,10.130390579286258,219,0.2553361892709599
470,8460,73.45898437851392,117.43945313061775,-1631.0,316,25.55417211800022,180,-0.0164889426531939
470,8554,73.45898437851392,120.74414063077586,-788.5,211,5.623783998281956,127,-2.4549865704931277
470,8648,73.45898437851392,124.04882813093388,-826.0,66,20.46618854442723,230,-3.0796829218811324
470,8742,73.45898437851392,127.353515631092,-862.0,271,29.56243676155254,204,5.365143346755586
470,8836,73.45898437851392,130.65820313125008,-87.0,66,7.024137530189646,12,-1.395138938540322
470,8930,73.45898437851392,133.9628906314081,-642.5,230,13.694629774437216,44,-1.4013124240847905
470,9024,73.45898437851392,137.2675781315662,-534.5,122,4.590804660955031,305,-0.8907635313105583
470,9118,73.45898437851392,140.57226563172432,-283.5,218,13.863731190073104,55,-1.4771436891997158
470,9212,73.45898437851392,143.8769531318824,-2401.0,263,8.402285852094918,49,0.3160874208572306
470,9306,73.45898437851392,147.18164063204043,-3365.0,350,6.396554323781987,310,1.6121342418816171
470,9400,73.45898437851392,150.48632813219854,-2323.5,120,10.971952372520004,303,-0.34026242938390555
470,9494,73.45898437851392,153.79101563235662,1017.0,123,20.76544638371461,299,-2.862612962085518
470,9588,73.45898437851392,157.0957031325147,-255.0,81,15.328238499263342,335,1.8857971453256634
470,9682,73.45898437851392,160.40039063267278,-1502.5,253,10.315496392912634,42,-0.7558030143905752
470,9776,73.45898437851392,163.70507813283086,-3310.5,337,13.629469634134857,90,0.9063739141152944
470,9870,73.45898437851392,167.00976563298897,-3387.0,347,4.575746442313933,243,1.9144728931875268
470,9964,73.45898437851392,170.31445313314703,-3243.5,60,13.746210923901787,255,0.48387120135195216
470,10058,73.45898437851392,173.6191406333051,-2116.0,118,9.665823557761609,308,0.5266151813144913
470,10152,73.45898437851392,176.92382813346322,807.5,303,8.326064935195012,100,2.806451767779612
564,0,70.15429687835584,-179.98242188360948,1041.0,47,4.327577084025471,339,-2.5644373402650418
564,94,70.15429687835584,-176.67773438345142,-1200.0,227,12.676262072157403,47,0.1848207513080308
564,188,70.15429687835584,-173.3730468832933,-2875.0,159,10.730879487591006,34,3.8400550765037123
564,282,70.15429687835584,-170.06835938313526,1019.5,0,2.6744685669226524,278,-1.5872621454117997
564,376,70.15429687835584,-166.76367188297715,-1539.0,324,9.971976176942848,47,4.438962766666585
564,470,70.15429687835584,-163.45898438281907,-321.0,90,4.756749834785838,334,-0.43138816946177455
564,564,70.15429687835584,-160.154296882661,0.5,128,2.9941853616959064,356,-1.3131846849997435
564,658,70.15429687835584,-156.8496093825029,424.5,181,4.792973925377375,301,-0.6477428413591803
564,752,70.15429687835584,-153.54492188234482,83.5,226,3.4380959600688548,147,0.8188395756356381
564,846,70.15429687835584,-150.24023438218674,537.0,47,8.458590915149061,181,0.44708751864259233
564,940,70.15429687835584,-146.9355468820287,-2535.0,260,8.614217580363514,85,2.6839419115395042
564,1034,70.15429687835584,-143.63085938187058,-1921.0,211,23.752425855935396,106,5.798501453187287
564,1128,70.15429687835584,-140.32617188171253,-133.0,132,7.2736313140024755,341,-1.0623069814880477
564,1222,70.15429687835584,-137.02148438155444,-260.5,47,9.241731980226309,269,1.6464721742236372
564,1316,70.15429687835584,-133.71679688139636,207.0,271,11.347083264075732,178,-0.42048226573069686
564,1410,70.15429687835584,-130.41210938123828,1516.0,314,7.475201961939589,164,-2.4045060511866145
564,1504,70.15429687835584,-127.1074218810802,254.5,314,15.494023408674968,103,-0.7603069860079144
564,1598,70.15429687835584,-123.80273438092212,-341.0,47,15.626955122921501,248,1.8742699284470854
564,1692,70.15429687835584,-120.49804688076404,837.0,339,10.188001453163857,108,-0.3602588724744783
564,1786,70.15429687835584,-117.19335938060595,-283.5,90,4.870534431080113,200,0.22176528401094087
564,1880,70.15429687835584,-113.88867188044787,220.0,47,4.756749834785838,178,-0.777906469699358
564,1974,70.15429687835584,-110.58398438028979,-1145.0,271,19.19874140190851,196,8.7113282850351
564,2068,70.15429687835584,-107.27929688013171,-338.0,136,4.363402404549653,218,-0.6380216623522087
564,2162,70.15429687835584,-103.97460937997363,-328.0,15,2.88081596544741,283,-0.4048754725046856
564,2256,70.15429687835584,-100.66992187981555,-2891.0,286,13.921859082135377,146,3.3461967014766163
564,2350,70.15429687835584,-97.36523437965747,-675.0,90,21.959894125306654,249,-0.4504213051377664
564,2444,70.15429687835584,-94.0605468794994,-2548.0,245,13.66758446702789,313,8.001767583177305
564,2538,70.15429687835584,-90.75585937934132,-78.0,134,6.713518912854834,54,-0.8813526477911741
564,2632,70.15429687835584,-87.45117187918325,-747.0,271,10.437568855435638,127,-0.9745080859389834
564,2726,70.15429687835584,-84.14648437902515,-212.5,90,9.993622487579813,251,-1.064468222075939
564,2820,70.15429687835584,-80.84179687886707,-275.0,333,6.94761641424293,151,-0.5909654523504821
564,2914,70.15429687835584,-77.53710937870899,692.0,350,1.0766876896932793,82,-2.6437743681332577
564,3008,70.15429687835584,-74.23242187855091,-1811.0,227,4.410322022054015,175,1.080818313799895
564,3102,70.15429687835584,-70.92773437839283,-1499.0,22,15.94528614050186,220,0.13697576385429355
564,3196,70.15429687835584,-67.62304687823475,-1294.0,197,11.815196303144631,75,0.21604317663720707
564,3290,70.15429687835584,-64.31835937807668,-1282.5,123,14.82479572834795,290,-0.37930370769273
564,3384,70.15429687835584,-61.0136718779186,-428.0,191,5.626808953315738,42,-0.30332560302580536
564,3478,70.15429687835584,-57.70898437776051,-192.0,0,11.459275775286018,216,-1.84676268437158
564,3572,70.15429687835584,-54.404296877602434,-99.5,75,10.931321424628415,240,-2.361857842079983
564,3666,70.15429687835584,-51.09960937744435,-2195.0,47,22.59767493983081,205,1.0686218322809204
564,3760,70.15429687835584,-47.79492187728627,-258.5,271,11.03003756429092,64,-1.2400734308152186
564,3854,70.15429687835584,-44.49023437712819,-869.5,271,2.874533722645312,152,0.03999167652274161
564,3948,70.15429687835584,-41.185546876970115,-1106.0,90,2.474338125110373,180,0.043474739056189884
564,4042,70.15429687835584,-37.88085937681202,-1064.5,65,2.0821635306214605,197,-0.0164889426531939
564,4136,70.15429687835584,-34.57617187665396,-1224.0,186,4.752368117966717,314,0.42538053404367326
564,4230,70.15429687835584,-31.271484376495856,-1101.0,104,7.2076753311210755,314,0.9404231141034057
564,4324,70.15429687835584,-27.966796876337792,-825.0,271,11.363574103731276,146,-2.5402393614520906
564,4418,70.15429687835584,-24.662109376179693,-2374.5,340,6.159906501890104,166,0.5019101771849036
564,4512,70.15429687835584,-21.357421876021625,-1924.5,47,7.4188686794019105,213,-0.10243250324721362
564,4606,70.15429687835584,-18.052734375863558,-1087.5,227,6.487364138235808,175,-0.4982712072722707
564,4700,70.15429687835584,-14.748046875705464,-833.0,90,1.9594511919875874,232,-0.2226406276126925
564,4794,70.15429687835584,-11.443359375547397,-992.5,344,2.042363231998842,202,-0.5006911604980322
564,4888,70.15429687835584,-8.1386718753893,-1038.5,90,3.617038649914913,214,0.1553980143903291
564,4982,70.15429687835584,-4.833984375231233,-823.0,354,4.274524996051994,128,-0.18087486057241628
564,5076,70.15429687835584,-1.5292968750731355,-540.5,47,14.505081845580502,221,-0.8275021772810185
564,5170,70.15429687835584,1.775390625084931,216.0,271,10.409858734746766,179,-1.2344708182966393
564,5264,70.15429687835584,5.080078125243029,-110.5,90,7.1369879219772825,202,-0.24961362243174218
564,5358,70.15429687835584,8.384765625401096,-1085.5,176,10.024119628886297,36,-0.6859171569067688
564,5452,70.15429687835584,11.689453125559162,-5.5,319,3.0780176249438918,173,-1.775868512513675
564,5546,70.15429687835584,14.994140625717257,-295.0,359,2.8293449730594387,253,-0.18350405938515754
564,5640,70.15429687835584,18.298828125875325,-1412.5,304,2.60123640621837,134,0.5901737071953717
564,5734,70.15429687835584,21.603515626033424,-1230.0,122,8.450770684706475,303,-0.5607809411930677
564,5828,70.15429687835584,24.90820312619149,-979.0,322,3.4174471778513924,207,-0.16146742109682427
564,5922,70.15429687835584,28.212890626349587,-1185.0,1,7.078437515719098,143,-0.20486435171456666
564,6016,70.15429687835584,31.51757812650765,-1066.0,271,13.236073258006522,204,0.23531688097540457
564,6110,70.15429687835584,34.822265626665754,-881.0,294,4.388473382706031,193,-0.35279406735510294
564,6204,70.15429687835584,38.126953126823814,-584.5,265,4.145198635474005,76,-0.44747388599589777
564,6298,70.15429687835584,41.43164062698188,-1282.5,196,10.405590692603845,24,0.04355677150083539
564,6392,70.15429687835584,44.736328127139984,-903.0,271,13.615520272419534,71,-0.9440265979516397
564,6486,70.15429687835584,48.041015627298044,-1150.0,229,2.3668545423761613,330,-0.47913495378727305
564,6580,70.15429687835584,51.34570312745615,-782.5,193,3.9256046351275535,320,-0.46688644260188134
564,6674,70.15429687835584,54.650390627614215,-480.5,33,9.242381753816613,159,-0.520141787693463
564,6768,70.15429687835584,57.95507812777231,-1010.5,22,3.90222721249301,159,0.24413975009874658
564,6862,70.15429687835584,61.25976562793038,-489.0,148,4.484210509082108,340,-0.4447849522403557
564,6956,70.15429687835584,64.56445312808847,-2144.5,303,22.863908820551362,128,4.942129490765089
564,7050,70.15429687835584,67.86914062824654,-236.0,37,9.804078884738368,238,-1.1334192928214029
564,7144,70.15429687835584,71.17382812840461,-1666.0,1,14.987330911538528,211,-0.45071699314466135
564,7238,70.15429687835584,74.4785156285627,-1264.0,47,10.490881067102123,328,2.615134403054379
564,7332,70.15429687835584,77.78320312872077,554.5,165,5.316458167447776,249,-2.6396052294914742
564,7426,70.15429687835584,81.08789062887887,305.0,130,10.506759090444202,35,-1.2996354020656689
564,7520,70.15429687835584,84.39257812903693,-1564.0,310,14.249645932803212,102,-1.2744835624945905
564,7614,70.15429687835584,87.69726562919503,-2951.0,329,6.0029123789164,162,0.43305475174065927
564,7708,70.15429687835584,91.0019531293531,-2718.0,96,12.881892577302446,201,0.7336360269419332
564,7802,70.15429687835584,94.30664062951116,472.5,1,5.325279088043975,94,-1.87676704586421
564,7896,70.15429687835584,97.61132812966923,-1250.0,47,4.756749834785838,255,0.9124895111623983
564,7990,70.15429687835584,100.91601562982733,-925.0,328,3.6732171273029035,239,-0.21149259575370552
564,8084,70.15429687835584,104.22070312998542,-407.5,111,5.465859883668344,154,-0.059016105039627925
564,8178,70.15429687835584,107.52539063014352,-775.5,202,7.726394567080858,89,0.31329751432182656
564,8272,70.15429687835584,110.83007813030156,-1274.5,0,16.077627579552857,180,-0.0164889426531939
564,8366,70.15429687835584,114.13476563045967,-3336.0,301,5.211518821114739,182,0.5257261476216241
564,8460,70.15429687835584,117.43945313061775,-3294.5,47,17.05141626528251,180,2.4435819561955663
564,8554,70.15429687835584,120.74414063077586,-3604.5,162,5.92286278408552,230,1.1579168714425208
564,8648,70.15429687835584,124.04882813093388,-3267.0,205,2.6432662273135197,281,-0.18908791751179918
564,8742,70.15429687835584,127.353515631092,-3557.5,38,3.673894922263147,339,0.42799003938059277
564,8836,70.15429687835584,130.65820313125008,-2403.5,111,13.153398325412155,201,1.4985769852829687
564,8930,70.15429687835584,133.9628906314081,-718.5,77,1.6373322779646338,294,-1.3321415353982082
564,9024,70.15429687835584,137.2675781315662,-584.0,47,25.13654318347614,310,-0.19060084121708545
564,9118,70.15429687835584,140.57226563172432,-753.0,90,13.480141356045708,216,-0.2932994602667412
564,9212,70.15429687835584,143.8769531318824,-481.5,168,9.07134128877037,6,0.39614054584974656
564,9306,70.15429687835584,147.18164063204043,-885.5,31,4.372388993387107,216,-0.47389747689646533
564,9400,70.15429687835584,150.48632813219854,-442.5,90,6.515644736384935,234,-1.3417007403275525
564,9494,70.15429687835584,153.79101563235662,237.0,227,3.1344474275676197,128,-1.4525251492796216
564,9588,70.15429687835584,157.0957031325147,162.0,202,2.815219422454111,134,-1.015013492436984
564,9682,70.15429687835584,160.40039063267278,-555.5,245,9.727347889104088,122,-0.6988782525907118
564,9776,70.15429687835584,163.70507813283086,-1544.5,211,14.055712577917886,326,6.306855370347216
564,9870,70.15429687835584,167.00976563298897,-74.5,303,8.932355338155512,219,-1.5880903404925264
564,9964,70.15429687835584,170.31445313314703,-75.5,123,8.526530847642762,261,1.5574855616914365
564,10058,70.15429687835584,173.6191406333051,-117.0,310,11.252684128489344,87,1.0776360788918151
564,10152,70.15429687835584,176.92382813346322,-441.5,47,29.787876054000982,236,0.7632898522244902
658,0,66.84960937819775,-179.98242188360948,590.5,336,2.9316825262314468,183,-2.507253725879789
658,94,66.84960937819775,-176.67773438345142,819.5,65,3.2647318909615426,249,-1.515205699422598
658,188,66.84960937819775,-173.3730468832933,1258.5,316,9.246816588621279,238,-1.334050745534214
658,282,66.84960937819775,-170.06835938313526,393.0,304,16.499932508239407,180,1.7550929222039768
658,376,66.84960937819775,-166.76367188297715,-1272.5,191,10.44083811377056,299,2.687307289476993
658,470,66.84960937819775,-163.45898438281907,1423.5,90,10.603725504922004,271,1.7591272677407876
658,564,66.84960937819775,-160.154296882661,991.5,57,14.570160300561257,180,-0.0164889426531939
658,658,66.84960937819775,-156.8496093825029,1712.5,57,5.382076073059819,164,0.7520680661293937
658,752,66.84960937819775,-153.54492188234482,1563.0,57,5.382076073059819,303,-0.442180754653545
658,846,66.84960937819775,-150.24023438218674,1553.5,57,15.227647451468723,187,-0.018055691904978126
658,940,66.84960937819775,-146.9355468820287,1264.5,243,5.910265676851458,19,-0.5915907124357265
658,1034,66.84960937819775,-143.63085938187058,1155.0,3,6.586812869964484,224,0.18702938674712777
658,1128,66.84960937819775,-140.32617188171253,2768.0,193,3.7717337466929375,47,-3.1350310784544546
658,1222,66.84960937819775,-137.02148438155444,159.0,259,17.029999698229105,75,-0.29656825509290746
658,1316,66.84960937819775,-133.71679688139636,-189.5,211,23.081815139825963,2,0.687548080144722
658,1410,66.84960937819775,-130.41210938123828,1300.5,130,9.657014395713025,329,-1.7355299664665027
658,1504,66.84960937819775,-127.1074218810802,-161.0,271,9.185905164842259,148,0.724094343904005
658,1598,66.84960937819775,-123.80273438092212,-1325.0,164,23.898448861166678,320,4.849665077911723
658,1692,66.84960937819775,-120.49804688076404,13.5,238,17.44335564346278,358,-0.3019297184722711
658,1786,66.84960937819775,-117.19335938060595,463.0,90,5.801719429533367,225,-0.721601882697707
658,1880,66.84960937819775,-113.88867188044787,-1985.0,5,9.648966262747967,148,1.6916098311812482
658,1974,66.84960937819775,-110.58398438028979,-895.0,238,6.275721111565751,27,0.3300812451958242
658,2068,66.84960937819775,-107.27929688013171,63.0,180,1.944313785710735,221,-1.4147176750047954
658,2162,66.84960937819775,-103.97460937997363,-485.0,90,20.667088049658762,299,-0.3778866813517909
658,2256,66.84960937819775,-100.66992187981555,-982.0,215,14.151404719500995,23,0.8357847518587905
658,2350,66.84960937819775,-97.36523437965747,-370.5,71,1.8630303321836656,314,-1.1328603965716468
658,2444,66.84960937819775,-94.0605468794994,206.5,259,9.627809930089937,123,-0.5492204092637035
658,2538,66.84960937819775,-90.75585937934132,-2900.5,304,7.503363160484187,25,1.966928727568095
658,2632,66.84960937819775,-87.45117187918325,393.5,1,3.9877640709561657,134,-1.9906151600613107
658,2726,66.84960937819775,-84.14648437902515,-1430.0,262,7.172548270445522,99,-0.01368977986581227
658,2820,66.84960937819775,-80.84179687886707,-1424.5,101,3.4474574781481784,197,0.36808750637262466
658,2914,66.84960937819775,-77.53710937870899,-463.5,303,6.499367584870475,156,0.09727147973267776
658,3008,66.84960937819775,-74.23242187855091,-210.0,304,2.903108847115315,59,-1.2197872035555528
658,3102,66.84960937819775,-70.92773437839283,-745.5,90,6.351069272089258,230,-0.344369459422123
658,3196,66.84960937819775,-67.62304687823475,-1177.0,57,5.328054127410679,281,0.7655591512562423
658,3290,66.84960937819775,-64.31835937807668,-155.5,90,4.130285759683291,259,-1.5213820388405226
658,3384,66.84960937819775,-61.0136718779186,-1110.5,211,13.21700735234286,335,-0.2657893034272266
658,3478,66.84960937819775,-57.70898437776051,-995.5,194,10.801586279033183,27,-1.1482600728506016
658,3572,66.84960937819775,-54.404296877602434,60.0,166,3.747902960212931,122,-2.322080182973795
658,3666,66.84960937819775,-51.09960937744435,-1945.0,24,4.471461945275323,147,-0.20628897805873272
658,3760,66.84960937819775,-47.79492187728627,-741.0,266,6.210642630937294,79,-0.98967016018274
658,3854,66.84960937819775,-44.49023437712819,-1075.0,84,2.48423149313912,141,-0.04513682352753223
658,3948,66.84960937819775,-41.185546876970115,-1221.5,193,1.5145446053919287,74,-0.40011638768820046
658,4042,66.84960937819775,-37.88085937681202,-1676.5,238,1.9192753673449474,131,-0.315875183068605
658,4136,66.84960937819775,-34.57617187665396,-1479.0,303,4.299091246342419,168,-0.17966932465368726
658,4230,66.84960937819775,-31.271484376495856,-1473.5,215,7.5648035127240165,114,-0.938936082914526
658,4324,66.84960937819775,-27.966796876337792,-1882.5,90,3.5313709758292053,193,0.239175677197496
658,4418,66.84960937819775,-24.662109376179693,-2602.5,303,3.191752796693585,93,-0.07378468183348778
658,4512,66.84960937819775,-21.357421876021625,-2499.0,57,23.951376951171966,220,-0.7841289000273857
658,4606,66.84960937819775,-18.052734375863558,-1834.0,168,1.885749528908485,263,-1.0763342342042166
658,4700,66.84960937819775,-14.748046875705464,-2018.5,57,6.074804649798391,233,-0.12443856019177257
658,4794,66.84960937819775,-11.443359375547397,-1922.0,123,6.400365261534491,284,-0.47026930340693257
658,4888,66.84960937819775,-8.1386718753893,-1363.5,4,2.8303957741812154,268,0.09833492668054222
658,4982,66.84960937819775,-4.833984375231233,-2317.0,211,14.834788924827523,21,0.8925177999378899
658,5076,66.84960937819775,-1.5292968750731355,-1371.0,294,11.344923202521352,128,-0.8132553039615192
658,5170,66.84960937819775,1.775390625084931,-1529.0,336,4.093670032803296,76,0.21128872563414233
658,5264,66.84960937819775,5.080078125243029,-1381.0,90,6.54392214631543,265,-0.7418432929268787
658,5358,66.84960937819775,8.384765625401096,-1327.0,65,5.716641196198662,172,-0.32665048516939976
658,5452,66.84960937819775,11.689453125559162,-1322.5,238,11.596794312351914,128,-0.5663979744738878
658,5546,66.84960937819775,14.994140625717257,-1374.5,291,6.228418478299872,158,0.005663951939286963
658,5640,66.84960937819775,18.298828125875325,-993.0,31,8.494959723597514,271,-0.6861825908312282
658,5734,66.84960937819775,21.603515626033424,-1520.5,215,5.106195424503591,246,0.05822213827679071
658,5828,66.84960937819775,24.90820312619149,-1077.5,39,4.65500669143851,247,-0.9089093046891784
658,5922,66.84960937819775,28.212890626349587,-959.0,75,2.673639333042166,205,-0.761481639097412
658,6016,66.84960937819775,31.51757812650765,-1020.5,57,15.680079622815848,325,-0.18802164407201444
658,6110,66.84960937819775,34.822265626665754,-2045.0,255,2.9254111930458526,82,0.02959545172170072
658,6204,66.84960937819775,38.126953126823814,-1891.0,36,3.9927548434538593,303,-0.3270167109998956
658,6298,66.84960937819775,41.43164062698188,-1577.0,57,4.071129048624884,90,0.6137411563433645
658,6392,66.84960937819775,44.736328127139984,-1746.0,141,6.894981591725778,90,0.6996735195140275
658,6486,66.84960937819775,48.041015627298044,-1630.0,271,4.671386652155184,176,-0.008331613061480501
658,6580,66.84960937819775,51.34570312745615,-1702.5,238,9.481472691349335,86,-0.6553739266277571
658,6674,66.84960937819775,54.650390627614215,-1961.0,90,6.59833094599413,247,-0.11008600788754343
658,6768,66.84960937819775,57.95507812777231,-1253.0,190,4.375188187433688,281,-0.3363282547479303
658,6862,66.84960937819775,61.25976562793038,-1812.0,242,5.16198744661891,5,0.8240249164841813
658,6956,66.84960937819775,64.56445312808847,-815.0,271,17.78168032982474,58,-0.21849130470661185
658,7050,66.84960937819775,67.86914062824654,-120.5,271,12.719218096921717,133,-1.0317679317126358
658,7144,66.84960937819775,71.17382812840461,584.5,238,8.037718608138778,16,-2.585928394319186
658,7238,66.84960937819775,74.4785156285627,-867.0,205,7.784772509661299,149,-2.2476422135108236
658,7332,66.84960937819775,77.78320312872077,-1301.0,139,6.182296077103081,277,-0.19054057745622507
658,7426,66.84960937819775,81.08789062887887,-435.5,271,11.404230777454886,219,-0.3602588724744783
658,7520,66.84960937819775,84.39257812903693,-1437.0,303,12.485241147616367,161,0.45916468353587603
658,7614,66.84960937819775,87.69726562919503,-838.0,0,9.646373282925028,232,-0.8808424906284171
658,7708,66.84960937819775,91.0019531293531,-444.0,197,5.603164257767574,102,0.9086960738658837
658,7802,66.84960937819775,94.30664062951116,-2700.0,232,15.127871368373087,117,1.712043451985841
658,7896,66.84960937819775,97.61132812966923,-1561.5,238,10.433380914842017,79,-1.1490734742802515
658,7990,66.84960937819775,100.91601562982733,-2842.5,90,18.299681522726367,272,1.521155966449175
658,8084,66.84960937819775,104.22070312998542,-2278.5,338,5.762492373733067,32,0.8915433529174315
658,8178,66.84960937819775,107.52539063014352,-3491.0,186,7.745087761483576,328,1.071293686297747
658,8272,66.84960937819775,110.83007813030156,-2073.0,1,4.329729748609331,282,-0.8463715272731861
658,8366,66.84960937819775,114.13476563045967,-329.0,57,20.85305937891009,180,3.957099061860219
658,8460,66.84960937819775,117.43945313061775,1856.5,291,3.4033701037284008,57,-3.164535054181119
658,8554,66.84960937819775,120.74414063077586,643.5,123,14.139971973912838,357,-3.630768060950022
658,8648,66.84960937819775,124.04882813093388,-379.5,220,14.113030554553735,10,-3.2246398361391724
658,8742,66.84960937819775,127.353515631092,-73.0,101,9.890473762633311,323,-1.7097963650437413
658,8836,66.84960937819775,130.65820313125008,-988.5,189,6.4736616476216815,349,2.006136821795439
658,8930,66.84960937819775,133.9628906314081,5.0,238,7.9815352591564865,27,-1.3744508093006436
658,9024,66.84960937819775,137.2675781315662,-5.0,57,35.076999271329036,213,-0.16328038961295394
658,9118,66.84960937819775,140.57226563172432,413.0,215,10.06350154387759,0,-0.4497699954376872
658,9212,66.84960937819775,143.8769531318824,-1179.0,333,18.860506473196455,138,-0.5432773491751218
658,9306,66.84960937819775,147.18164063204043,298.0,303,8.680568008673562,48,-1.4349826010650273
658,9400,66.84960937819775,150.48632813219854,-421.0,218,5.958039229198372,49,0.6000222960798519
658,9494,66.84960937819775,153.79101563235662,417.5,25,8.598679883436432,213,-0.283215077941292
658,9588,66.84960937819775,157.0957031325147,-2.0,244,2.4806572249928043,334,-1.3912190751785862
658,9682,66.84960937819775,160.40039063267278,-461.0,57,12.909888083271458,130,2.4223566831036716
658,9776,66.84960937819775,163.70507813283086,151.0,178,5.8252202627806495,351,-1.7504551565746787
658,9870,66.84960937819775,167.00976563298897,-97.5,212,13.528171987104113,25,2.7108649016461923
658,9964,66.84960937819775,170.31445313314703,-68.0,166,5.419987335727634,279,0.8787469653164154
658,10058,66.84960937819775,173.6191406333051,-358.5,90,18.273854121716795,351,-0.38860236071621646
658,10152,66.84960937819775,176.92382813346322,-224.5,25,7.824826815240335,238,3.103093459081631
752,0,63.54492187803967,-179.98242188360948,451.0,90,18.63279068292923,332,-15.071534162701084
752,94,63.54492187803967,-176.67773438345142,-1968.5,348,5.599006659145977,139,1.2457514477567397
752,188,63.54492187803967,-173.3730468832933,1113.5,72,18.686164840812868,258,-1.8557055631173747
752,282,63.54492187803967,-170.06835938313526,1025.0,90,26.803463012206507,317,0.22828820928092203
752,376,63.54492187803967,-166.76367188297715,1379.5,72,21.737773734642055,244,-0.6562621837619156
752,470,63.54492187803967,-163.45898438281907,-1637.5,196,9.825463010373001,9,0.04425487171974207
752,564,63.54492187803967,-160.154296882661,-1676.0,136,11.70091039165893,324,-0.3819782557450988
752,658,63.54492187803967,-156.8496093825029,3479.0,90,9.213820778438237,304,-3.3250030159282367
752,752,63.54492187803967,-153.54492188234482,2648.0,186,6.195826742213914,0,0.6315619500283411
752,846,63.54492187803967,-150.24023438218674,1283.5,271,13.507229461743048,149,-1.091174352752766
752,940,63.54492187803967,-146.9355468820287,1942.5,252,6.572196354793354,133,-2.5761335216752705
752,1034,63.54492187803967,-143.63085938187058,-1811.0,240,4.604580138034695,352,0.6752643729885428
752,1128,63.54492187803967,-140.32617188171253,-1946.0,130,16.75500291740435,243,0.111398499713344
752,1222,63.54492187803967,-137.02148438155444,2819.0,271,11.965342550200562,54,-0.6824618420091683
752,1316,63.54492187803967,-133.71679688139636,2408.0,271,12.637414363192805,155,-1.5469823426309801
752,1410,63.54492187803967,-130.41210938123828,1559.0,271,14.692876814162016,29,2.359950428060158
752,1504,63.54492187803967,-127.1074218810802,1404.5,252,3.631690201266492,358,-1.4047359078155353
752,1598,63.54492187803967,-123.80273438092212,967.5,90,7.587824830442738,41,-1.5488392905254134
752,1692,63.54492187803967,-120.49804688076404,818.5,90,15.06749685326106,307,-0.944096939971205
752,1786,63.54492187803967,-117.19335938060595,-498.0,72,27.46145076560505,217,1.4380132379453878
752,1880,63.54492187803967,-113.88867188044787,-313.0,152,7.5153144408115935,60,-0.6687182952826374
752,1974,63.54492187803967,-110.58398438028979,-277.0,50,3.4371167523955384,280,-0.42560401560147104
752,2068,63.54492187803967,-107.27929688013171,-552.0,341,2.3347251585826405,52,-0.08493778151906584
752,2162,63.54492187803967,-103.97460937997363,104.5,90,8.766649875895206,325,-1.3630595702008894
752,2256,63.54492187803967,-100.66992187981555,-506.0,237,12.597128080348277,135,1.3249207885985668
752,2350,63.54492187803967,-97.36523437965747,147.5,135,3.2670812074174393,284,-1.115674719927739
752,2444,63.54492187803967,-94.0605468794994,880.5,72,16.920401479538146,238,-1.059554907302012
752,2538,63.54492187803967,-90.75585937934132,-269.5,90,8.71067660595202,312,1.1804085685827312
752,2632,63.54492187803967,-87.45117187918325,-2917.0,238,8.525477383529733,40,2.3262450425487766
752,2726,63.54492187803967,-84.14648437902515,-1013.5,262,5.685457009873727,90,0.9817611066521421
752,2820,63.54492187803967,-80.84179687886707,-3423.0,90,8.206174918496814,138,4.82612020103231
752,2914,63.54492187803967,-77.53710937870899,-1298.5,109,13.85881144993823,10,0.7318153458209532
752,3008,63.54492187803967,-74.23242187855091,-1633.0,332,2.9888254919977486,152,-0.0164889426531939
752,3102,63.54492187803967,-70.92773437839283,-1244.0,289,15.25431561235567,174,-0.0164889426531939
752,3196,63.54492187803967,-67.62304687823475,-557.5,72,20.49132987179408,286,-0.12828112480290982
752,3290,63.54492187803967,-64.31835937807668,-3523.0,64,8.867852566955195,197,1.5936767551665485
752,3384,63.54492187803967,-61.0136718779186,-3695.5,259,8.663755350580407,297,0.7301535308766196
752,3478,63.54492187803967,-57.70898437776051,477.0,296,6.0882109976360335,83,-1.963776115040756
752,3572,63.54492187803967,-54.404296877602434,-895.5,220,2.5462642469323837,136,0.3192894136387099
752,3666,63.54492187803967,-51.09960937744435,-977.0,329,3.0979475185081595,86,-0.4021076616466436
752,3760,63.54492187803967,-47.79492187728627,-834.5,130,6.014554273970761,259,-0.9264989058110992
752,3854,63.54492187803967,-44.49023437712819,-2016.5,320,3.183166197700425,167,0.3064638717548331
752,3948,63.54492187803967,-41.185546876970115,-2128.0,152,2.2455439048027874,78,-0.5471654250830534
752,4042,63.54492187803967,-37.88085937681202,-2542.0,252,6.232697473180402,167,1.1948228001102457
752,4136,63.54492187803967,-34.57617187665396,-1746.5,194,5.550258215391549,279,-0.7995345691479061
752,4230,63.54492187803967,-31.271484376495856,-2367.5,253,4.294785557713098,90,-0.3933173605668979
752,4324,63.54492187803967,-27.966796876337792,-2593.5,0,3.5434836338524445,134,-0.15668401050281816
752,4418,63.54492187803967,-24.662109376179693,-2615.5,116,10.185162694031508,6,0.5139861421392227
752,4512,63.54492187803967,-21.357421876021625,-1899.5,149,7.286364286977819,275,-0.8471396665224183
752,4606,63.54492187803967,-18.052734375863558,-3212.0,53,14.441216119951097,210,2.045155389306572
752,4700,63.54492187803967,-14.748046875705464,-2673.0,267,2.466327207253792,124,-0.10243250324721362
752,4794,63.54492187803967,-11.443359375547397,-2576.0,252,27.258076702730868,90,3.8676882637897605
752,4888,63.54492187803967,-8.1386718753893,-1547.5,90,4.642927619740445,288,-1.4434243121060433
752,4982,63.54492187803967,-4.833984375231233,-1238.0,226,6.4145108144917025,123,-1.17783822794149
752,5076,63.54492187803967,-1.5292968750731355,-1576.5,316,7.001058152823553,217,-0.23067989211055304
752,5170,63.54492187803967,1.775390625084931,-1909.0,72,4.472125687863032,182,-0.0164889426531939
752,5264,63.54492187803967,5.080078125243029,-1770.5,138,2.451053239372533,278,0.06652428129866443
752,5358,63.54492187803967,8.384765625401096,-1782.5,320,11.45072926776605,29,0.586133898406595
752,5452,63.54492187803967,11.689453125559162,-1877.0,72,4.231338496985985,188,0.9496803023077426
752,5546,63.54492187803967,14.994140625717257,-314.0,120,2.558380009106759,265,-1.2096173094488163
752,5640,63.54492187803967,18.298828125875325,-1431.0,72,24.4043760374738,217,-0.11405386883253119
752,5734,63.54492187803967,21.603515626033424,-1774.0,19,4.660633294065524,122,0.3083006871497612
752,5828,63.54492187803967,24.90820312619149,-1714.5,347,6.170090548605208,140,-0.42226814152566616
752,5922,63.54492187803967,28.212890626349587,-1300.5,72,25.51104644403885,331,0.5039158374932861
752,6016,63.54492187803967,31.51757812650765,-1690.5,17,2.993086525005603,78,-0.004329996452023693
752,6110,63.54492187803967,34.822265626665754,-1396.5,332,2.78879981819811,282,-0.38890553719994264
752,6204,63.54492187803967,38.126953126823814,-1520.5,167,5.763029692833185,311,-0.5088147971428002
752,6298,63.54492187803967,41.43164062698188,-1759.5,169,5.1947116794667165,332,1.1200734932686782
752,6392,63.54492187803967,44.736328127139984,-318.0,130,7.235621820526864,1,-1.2719155227825736
752,6486,63.54492187803967,48.041015627298044,-1090.5,31,5.743387927811309,90,0.8428869390211424
752,6580,63.54492187803967,51.34570312745615,-1005.5,72,6.273020224586764,258,-0.048460992239520224
752,6674,63.54492187803967,54.650390627614215,-919.0,271,5.637529680431104,234,0.5564513563160228
752,6768,63.54492187803967,57.95507812777231,-712.5,252,14.02072341209574,97,-2.073189554404678
752,6862,63.54492187803967,61.25976562793038,-2419.0,289,15.494023408674968,180,-0.0164889426531939
752,6956,63.54492187803967,64.56445312808847,-408.5,136,8.267406888310836,306,-0.7804772799690537
752,7050,63.54492187803967,67.86914062824654,-1185.5,310,17.351992443626546,119,-1.6997287116707174
752,7144,63.54492187803967,71.17382812840461,-4445.5,38,17.390544742037235,202,2.4143304407378037
752,7238,63.54492187803967,74.4785156285627,-2849.5,209,3.985609537637012,126,-0.7857349169549269
752,7332,63.54492187803967,77.78320312872077,-3306.0,271,4.898974599246553,15,0.5571182710811949
752,7426,63.54492187803967,81.08789062887887,-1370.5,72,10.504729513359973,14,-0.6987843482899396
752,7520,63.54492187803967,84.39257812903693,-4505.5,146,17.734214522354325,344,1.2716196286655554
752,7614,63.54492187803967,87.69726562919503,-2147.5,271,6.459080365111185,105,-1.6114445675003315
752,7708,63.54492187803967,91.0019531293531,-3277.5,90,7.052355298263092,203,0.38241083677707793
752,7802,63.54492187803967,94.30664062951116,-5347.0,130,13.597113630808556,301,3.6028875519247068
752,7896,63.54492187803967,97.61132812966923,-2057.5,72,10.049183255454489,152,0.6137411563433645
752,7990,63.54492187803967,100.91601562982733,-1399.0,271,5.215123797115883,165,-1.3218983295216522
752,8084,63.54492187803967,104.22070312998542,-2206.5,220,17.959409202143416,315,-0.5314687375861343
752,8178,63.54492187803967,107.52539063014352,-1943.0,1,9.298190666616037,213,-1.76345317378447
752,8272,63.54492187803967,110.83007813030156,-2019.0,220,17.517605409846016,343,-0.9383818456561258
752,8366,63.54492187803967,114.13476563045967,-1591.0,271,11.745833077084228,114,0.0032615129433194983
752,8460,63.54492187803967,117.43945313061775,-1084.5,66,5.996919198817841,290,-1.1451056587342678
752,8554,63.54492187803967,120.74414063077586,-1004.5,303,18.181443506895896,86,-0.6780159504119622
752,8648,63.54492187803967,124.04882813093388,-1183.5,90,9.046261347533994,271,0.3007287661494167
752,8742,63.54492187803967,127.353515631092,-721.0,252,4.813646890218963,286,-0.9942843373343385
752,8836,63.54492187803967,130.65820313125008,30.0,90,8.654686575314859,278,-1.8398617238996913
752,8930,63.54492187803967,133.9628906314081,-74.5,72,20.516462956287686,186,1.0929639677455498
752,9024,63.54492187803967,137.2675781315662,-1611.5,0,8.570670320661753,72,1.274361635072895
752,9118,63.54492187803967,140.57226563172432,-728.5,168,9.550190197753029,254,-0.13108027344497347
752,9212,63.54492187803967,143.8769531318824,965.5,152,2.7973083077507908,16,-2.2686121385410543
752,9306,63.54492187803967,147.18164063204043,1886.0,90,19.377396057370035,229,-0.7947358721249926
752,9400,63.54492187803967,150.48632813219854,771.5,72,6.0061190399558875,180,-0.0164889426531939
752,9494,63.54492187803967,153.79101563235662,151.5,90,24.166356320409275,250,1.7329492893293226
752,9588,63.54492187803967,157.0957031325147,1417.5,271,15.83928700672242,152,0.26769175644913645
752,9682,63.54492187803967,160.40039063267278,1722.0,187,2.1818483142960563,326,-2.4418473871975395
752,9776,63.54492187803967,163.70507813283086,-1814.0,324,5.526933818294216,29,0.8365446070860443
752,9870,63.54492187803967,167.00976563298897,-1935.0,271,8.570670320661753,249,1.203960514625401
752,9964,63.54492187803967,170.31445313314703,2629.0,171,0.8983790166366835,31,-2.8891545523177142
752,10058,63.54492187803967,173.6191406333051,734.5,220,7.846131597297651,41,-0.23659849981696332
752,10152,63.54492187803967,176.92382813346322,1045.5,117,2.2039687740644007,20,-0.35952341007126926
846,0,60.24023437788159,-179.98242188360948,906.0,161,5.821062309380724,329,-2.6787891205409133
846,94,60.24023437788159,-176.67773438345142,591.5,303,11.924211463285063,165,0.9601993506923636
846,188,60.24023437788159,-173.3730468832933,720.0,233,8.10580396425117,76,-0.0137627709164496
846,282,60.24023437788159,-170.06835938313526,529.5,1,3.802346877149664,77,0.5614125903439391
846,376,60.24023437788159,-166.76367188297715,1641.0,233,6.570059708789918,342,-1.118165697055769
846,470,60.24023437788159,-163.45898438281907,2440.5,90,10.470321057547793,299,0.3272821743290598
846,564,60.24023437788159,-160.154296882661,2971.5,156,9.20568417483292,348,1.420447371704959
846,658,60.24023437788159,-156.8496093825029,2665.0,123,10.269138312320415,329,4.0083185376538095
846,752,60.24023437788159,-153.54492188234482,-788.5,303,4.436868643418512,152,-0.0164889426531939
846,846,60.24023437788159,-150.24023438218674,-248.0,271,7.993459428046827,165,-0.0164889426531939
846,940,60.24023437788159,-146.9355468820287,-598.0,123,16.51111001862277,78,0.6405949453478517
846,1034,60.24023437788159,-143.63085938187058,-1187.0,315,5.261782655624978,148,-0.6692259206333828
846,1128,60.24023437788159,-140.32617188171253,-1231.0,1,8.682683679508775,203,-0.0164889426531939
846,1222,60.24023437788159,-137.02148438155444,2063.5,96,8.50874692988802,238,-1.5344601349667877
846,1316,60.24023437788159,-133.71679688139636,3854.0,271,13.236073258006522,149,-1.047696186494907
846,1410,60.24023437788159,-130.41210938123828,2793.0,27,4.067263268609806,106,-1.5058324069998938
846,1504,60.24023437788159,-127.1074218810802,-760.5,319,14.223326449015593,149,0.3817912348988725
846,1598,60.24023437788159,-123.80273438092212,2468.5,32,9.26963875800832,182,-1.2195161191615393
846,1692,60.24023437788159,-120.49804688076404,595.5,153,16.63474012600633,20,-1.2763058898589963
846,1786,60.24023437788159,-117.19335938060595,-2338.0,245,9.421843010417703,9,2.5219387930061035
846,1880,60.24023437788159,-113.88867188044787,1011.0,32,24.75972863679015,199,0.13409680373375973
846,1974,60.24023437788159,-110.58398438028979,189.0,123,16.313403863638435,329,8.070920938840885
846,2068,60.24023437788159,-107.27929688013171,-704.5,271,25.39426311081808,143,0.5721077379263304
846,2162,60.24023437788159,-103.97460937997363,1036.5,32,14.853587573327795,181,-1.9852347608841274
846,2256,60.24023437788159,-100.66992187981555,-978.5,303,3.885814315310806,164,-0.35318386808638685
846,2350,60.24023437788159,-97.36523437965747,-3055.0,327,5.322846141590141,168,2.0683584267934316
846,2444,60.24023437788159,-94.0605468794994,1594.0,90,5.325279088043975,226,-3.3459912535844807
846,2538,60.24023437788159,-90.75585937934132,-2050.0,316,17.45076827348897,170,6.773415279026826
846,2632,60.24023437788159,-87.45117187918325,-913.5,336,5.362133276388519,142,-0.011238985618857437
846,2726,60.24023437788159,-84.14648437902515,-3134.5,53,27.052238911753516,243,4.074202259827294
846,2820,60.24023437788159,-80.84179687886707,-1223.5,288,4.995758372578007,106,0.37352153974514446
846,2914,60.24023437788159,-77.53710937870899,-3390.0,300,6.278219256251332,62,2.2549857347482356
846,3008,60.24023437788159,-74.23242187855091,-1715.0,220,6.76713535473552,62,-0.4600766938892507
846,3102,60.24023437788159,-70.92773437839283,-1761.5,0,3.000951247901088,177,0.029853045585820807
846,3196,60.24023437788159,-67.62304687823475,-1040.5,136,8.45435455945833,304,-1.5418628671077654
846,3290,60.24023437788159,-64.31835937807668,-1210.5,303,8.007505896923618,180,-0.0164889426531939
846,3384,60.24023437788159,-61.0136718779186,-1371.0,233,13.410345717318865,84,-0.3615345164266461
846,3478,60.24023437788159,-57.70898437776051,-1677.5,16,2.5579553152832846,218,-0.17559515208491078
846,3572,60.24023437788159,-54.404296877602434,-1999.5,83,3.8114444385362467,176,0.19685906823355745
846,3666,60.24023437788159,-51.09960937744435,-1080.5,218,4.621045479336966,177,1.1557527556745464
846,3760,60.24023437788159,-47.79492187728627,-926.0,329,4.097477595032692,116,0.843553772320088
846,3854,60.24023437788159,-44.49023437712819,-1399.5,123,15.58508494913415,350,-1.6837669822266519
846,3948,60.24023437788159,-41.185546876970115,-2540.0,163,4.661132886161029,303,-0.05376503131416739
846,4042,60.24023437788159,-37.88085937681202,-1131.5,53,11.539724718120786,287,-2.0769476266256444
846,4136,60.24023437788159,-34.57617187665396,-2335.0,24,3.619637906091767,258,-0.4379251595121966
846,4230,60.24023437788159,-31.271484376495856,-2488.5,301,2.4566068250938997,210,0.1426402249470536
846,4324,60.24023437788159,-27.966796876337792,-2430.5,326,2.224004096260563,165,-0.21702313350765684
846,4418,60.24023437788159,-24.662109376179693,-2611.0,213,0.38241083677707793,38,-0.3233386958980296
846,4512,60.24023437788159,-21.357421876021625,-2517.5,271,0.49699560893696854,213,-0.38890553719994264
846,4606,60.24023437788159,-18.052734375863558,-2680.0,297,0.8148134643389195,180,0.009993948316648774
846,4700,60.24023437788159,-14.748046875705464,-2719.0,322,0.5842813340754137,69,-0.1399776573451742
846,4794,60.24023437788159,-11.443359375547397,-2752.5,15,2.6421517505615473,180,-0.0164889426531939
846,4888,60.24023437788159,-8.1386718753893,-2432.0,65,8.113244405950722,293,0.7569600367335995
846,4982,60.24023437788159,-4.833984375231233,-2433.5,284,0.9882394561751242,148,-0.5001101344637529
846,5076,60.24023437788159,-1.5292968750731355,-2640.5,156,0.28367396668113676,340,-0.3022980578506636
846,5170,60.24023437788159,1.775390625084931,-2573.0,271,1.0433676317159735,149,-0.04513682352753223
846,5264,60.24023437788159,5.080078125243029,-2239.5,90,6.2893117946438455,338,-0.743839500715331
846,5358,60.24023437788159,8.384765625401096,-1796.0,340,5.302051428284516,141,-0.1101097287356554
846,5452,60.24023437788159,11.689453125559162,-1476.0,32,8.878545736827244,136,-0.589425944164081
846,5546,60.24023437788159,14.994140625717257,-2836.0,313,7.425061703357208,74,1.7307461271606737
846,5640,60.24023437788159,18.298828125875325,-2059.5,335,3.007371229793602,161,0.4947487465183636
846,5734,60.24023437788159,21.603515626033424,-1973.0,281,1.4811449047528715,343,-0.16189295927852973
846,5828,60.24023437788159,24.90820312619149,-2030.0,0,1.988065098012168,198,0.019631734896603505
846,5922,60.24023437788159,28.212890626349587,-2195.0,32,27.865955212190677,233,2.5430673091687184
846,6016,60.24023437788159,31.51757812650765,-2011.0,123,8.007505896923618,240,-0.327218619021719
846,6110,60.24023437788159,34.822265626665754,-2217.5,10,3.8496194352008337,204,-0.4175520074876181
846,6204,60.24023437788159,38.126953126823814,-1289.5,123,3.6576232216119613,221,-0.4053936879689192
846,6298,60.24023437788159,41.43164062698188,-1749.0,235,3.1004793932901866,290,-0.5694400916842933
846,6392,60.24023437788159,44.736328127139984,-1850.5,351,3.615248083717756,180,0.026927541376350072
846,6486,60.24023437788159,48.041015627298044,-1035.0,108,4.4175931924557466,271,-0.9496233952446206
846,6580,60.24023437788159,51.34570312745615,-1552.0,337,4.247628046573805,86,-0.14259608558821693
846,6674,60.24023437788159,54.650390627614215,-1532.5,357,5.4830005577348935,162,0.012158946465612564
846,6768,60.24023437788159,57.95507812777231,989.0,212,4.955847662513532,36,-3.0703420657224276
846,6862,60.24023437788159,61.25976562793038,-1924.0,68,6.770682771794173,123,0.38457573801821127
846,6956,60.24023437788159,64.56445312808847,-3161.0,286,5.255845941714535,181,-0.27871480395723414
846,7050,60.24023437788159,67.86914062824654,-4621.5,30,9.890098771120195,227,1.8046269595068722
846,7144,60.24023437788159,71.17382812840461,-2049.5,90,5.65237555954836,312,-1.5606650227215975
846,7238,60.24023437788159,74.4785156285627,-1650.5,229,10.733692444091727,96,-3.1189781515147668
846,7332,60.24023437788159,77.78320312872077,-4138.5,265,2.9528817225258273,74,-0.3087116163401117
846,7426,60.24023437788159,81.08789062887887,-4291.5,128,5.0958393449740935,76,1.8163957969557156
846,7520,60.24023437788159,84.39257812903693,-4371.0,243,9.839494285184202,359,0.5364414986519996
846,7614,60.24023437788159,87.69726562919503,-4408.5,238,9.420939434776914,0,1.433429305684985
846,7708,60.24023437788159,91.0019531293531,-4081.0,1,2.1597272037684823,257,0.1476273794856464
846,7802,60.24023437788159,94.30664062951116,-3942.0,116,6.117279732610148,324,-0.19399311715215067
846,7896,60.24023437788159,97.61132812966923,-2146.5,219,8.728089914403975,327,1.1326593100845403
846,7990,60.24023437788159,100.91601562982733,-3446.0,324,9.221448843731395,59,0.4250524221480921
846,8084,60.24023437788159,104.22070312998542,-3719.0,271,3.5605737031463605,90,0.5398326824581289
846,8178,60.24023437788159,107.52539063014352,-3465.5,271,11.238968087207041,140,0.23821248980434398
846,8272,60.24023437788159,110.83007813030156,-2483.0,249,8.459243460516864,92,0.2648752321568253
846,8366,60.24023437788159,114.13476563045967,-2005.5,271,10.298969119437114,63,0.9387106788422913
846,8460,60.24023437788159,117.43945313061775,-947.5,58,13.951248570588973,184,-0.0164889426531939
846,8554,60.24023437788159,120.74414063077586,-2403.5,213,17.6978235431741,61,0.18775681044728415
846,8648,60.24023437788159,124.04882813093388,-2247.5,123,20.564806534880233,275,0.2617180131567885
846,8742,60.24023437788159,127.353515631092,-2450.5,174,7.95206017716791,356,0.5985798341788454
846,8836,60.24023437788159,130.65820313125008,-565.5,271,23.68764819789105,149,0.5223605427458469
846,8930,60.24023437788159,133.9628906314081,-712.5,32,12.855440425013557,246,-1.4725221720329167
846,9024,60.24023437788159,137.2675781315662,558.5,90,4.158784011026709,11,-0.9386192447161238
846,9118,60.24023437788159,140.57226563172432,211.5,233,7.2363428015246445,123,0.9860898263070753
846,9212,60.24023437788159,143.8769531318824,-2099.5,229,25.58794586800314,95,7.654781409313024
846,9306,60.24023437788159,147.18164063204043,-41.5,180,5.3522866317477735,305,-0.4305412852997312
846,9400,60.24023437788159,150.48632813219854,475.0,32,13.236073258006522,270,-0.5165291910487115
846,9494,60.24023437788159,153.79101563235662,1436.0,245,3.7858647945753705,35,0.0122150088696447
846,9588,60.24023437788159,157.0957031325147,1727.5,132,9.32811670884739,271,1.5448911990137841
846,9682,60.24023437788159,160.40039063267278,2028.0,316,7.057495865542304,225,-0.9386061078229734
846,9776,60.24023437788159,163.70507813283086,-1334.0,42,8.931224107553222,159,-0.0020512245218091162
846,9870,60.24023437788159,167.00976563298897,2373.5,8,11.72108477883965,220,1.252347470946865
846,9964,60.24023437788159,170.31445313314703,1913.0,271,11.651763911212266,201,0.07558873403340235
846,10058,60.24023437788159,173.6191406333051,1393.0,329,6.389015848259978,129,-1.4800412526294386
846,10152,60.24023437788159,176.92382813346322,101.0,324,15.707249608720927,85,4.143266108929659
940,0,56.93554687772352,-179.98242188360948,324.5,181,28.754114400524834,325,1.7877477196588607
940,94,56.93554687772352,-176.67773438345142,1335.5,36,4.935183447166754,275,-0.7326462528315455
940,188,56.93554687772352,-173.3730468832933,1534.0,271,21.737773734642055,133,-0.5759700912395657
940,282,56.93554687772352,-170.06835938313526,2153.0,187,6.19016384293506,1,-0.24567055560790751
940,376,56.93554687772352,-166.76367188297715,1285.5,266,14.139413795790523,35,-0.3760631685891303
940,470,56.93554687772352,-163.45898438281907,-1844.0,216,30.803913238159414,119,4.07664629291869
940,564,56.93554687772352,-160.154296882661,-895.0,216,8.065804455789914,344,1.1389491247794432
940,658,56.93554687772352,-156.8496093825029,4515.5,0,5.043867568199588,90,0.13890918016052778
940,752,56.93554687772352,-153.54492188234482,-157.5,216,29.453947772613272,4,-0.8556293005887848
940,846,56.93554687772352,-150.24023438218674,24.0,181,4.358213280461309,309,-0.7326462528315455
940,940,56.93554687772352,-146.9355468820287,-528.5,61,3.429315878576954,195,0.37175953253460087
940,1034,56.93554687772352,-143.63085938187058,-1354.5,90,20.062810920593268,311,0.23641272755663795
940,1128,56.93554687772352,-140.32617188171253,-1025.5,143,7.202249875175152,326,-0.0164889426531939
940,1222,56.93554687772352,-137.02148438155444,2666.5,1,5.240063960572366,352,0.8342288009608904
940,1316,56.93554687772352,-133.71679688139636,3659.5,0,5.592824987353955,159,-2.356812957240849
940,1410,56.93554687772352,-130.41210938123828,2534.0,291,11.51014181299061,88,-2.113317736814074
940,1504,56.93554687772352,-127.1074218810802,1308.5,195,4.88201620755834,88,-0.009268709656100271
940,1598,56.93554687772352,-123.80273438092212,431.0,216,5.394127808085415,145,0.3272821743290598
940,1692,56.93554687772352,-120.49804688076404,665.5,90,6.261006168263866,316,0.6104173647608492
940,1786,56.93554687772352,-117.19335938060595,342.0,298,3.1717483029962903,43,0.08258766245080973
940,1880,56.93554687772352,-113.88867188044787,827.5,271,5.748849822941874,20,-0.6789482693962369
940,1974,56.93554687772352,-110.58398438028979,877.5,90,27.190119390434454,294,-0.8012803936842897
940,2068,56.93554687772352,-107.27929688013171,834.5,90,11.045922075452129,325,0.2563312771477147
940,2162,56.93554687772352,-103.97460937997363,-1206.0,246,5.7669911807085095,135,0.15446144926980238
940,2256,56.93554687772352,-100.66992187981555,-1588.5,316,8.970495525324411,98,0.33516912185143444
940,2350,56.93554687772352,-97.36523437965747,-1579.5,187,3.9169693268446406,6,-0.011269642837824305
940,2444,56.93554687772352,-94.0605468794994,-1456.5,136,9.584362283695235,313,-0.7014540591469193
940,2538,56.93554687772352,-90.75585937934132,20.5,319,4.808522155232993,90,-1.190880903616299
940,2632,56.93554687772352,-87.45117187918325,-1134.5,90,12.50095848683653,321,0.14566960513293728
940,2726,56.93554687772352,-84.14648437902515,-3142.5,228,9.00089653906541,115,1.2837791220124464
940,2820,56.93554687772352,-80.84179687886707,-3003.5,176,4.670629259625803,352,0.1792983792888777
940,2914,56.93554687772352,-77.53710937870899,-705.0,216,1.7100213302410916,36,-1.7478310114663462
940,3008,56.93554687772352,-74.23242187855091,-1073.0,61,9.977629333209254,352,-1.0619471341107072
940,3102,56.93554687772352,-70.92773437839283,-1608.0,287,1.0283414435400373,185,-0.734185672116507
940,3196,56.93554687772352,-67.62304687823475,-1839.5,164,2.915105561593781,0,0.16755686441593837
940,3290,56.93554687772352,-64.31835937807668,-2267.5,28,2.5784109536788486,131,0.05402985349944715
940,3384,56.93554687772352,-61.0136718779186,-1388.5,241,3.9599175414893244,153,-0.7756762554565436
940,3478,56.93554687772352,-57.70898437776051,-1109.5,36,7.644114210245357,281,0.6710297291243432
940,3572,56.93554687772352,-54.404296877602434,-1754.5,181,11.266525105389595,86,-1.2979491201953222
940,3666,56.93554687772352,-51.09960937744435,-2378.5,36,2.1025106595406013,240,-0.1519466286110591
940,3760,56.93554687772352,-47.79492187728627,-2231.0,216,4.016272419991072,120,-0.7209485706482999
940,3854,56.93554687772352,-44.49023437712819,-2235.0,310,2.61437057930272,130,-0.9046976638674944
940,3948,56.93554687772352,-41.185546876970115,-2530.0,344,0.9691879815947593,187,-0.4782635779170786
940,4042,56.93554687772352,-37.88085937681202,-2589.5,123,2.7008932266118864,192,-0.004329996452023693
940,4136,56.93554687772352,-34.57617187665396,-2637.5,203,5.12514217036361,343,0.1607179065463613
940,4230,56.93554687772352,-31.271484376495856,-2539.5,167,1.3750698873797276,325,0.07467398400580776
940,4324,56.93554687772352,-27.966796876337792,-2703.0,192,1.1119670326261575,7,-0.1762167793807518
940,4418,56.93554687772352,-24.662109376179693,-2552.0,181,6.0627816066863724,271,-0.7716915221285586
940,4512,56.93554687772352,-21.357421876021625,-2695.0,90,1.988065098012168,325,0.46834975280139834
940,4606,56.93554687772352,-18.052734375863558,-2608.5,90,2.2455439048027874,271,-0.38890553719994264
940,4700,56.93554687772352,-14.748046875705464,-2580.5,180,2.78879981819811,0,-0.0164889426531939
940,4794,56.93554687772352,-11.443359375547397,-2479.5,145,6.2893117946438455,344,1.5258063169284122
940,4888,56.93554687772352,-8.1386718753893,-2514.0,123,4.014118036628283,45,0.29570480373692243
940,4982,56.93554687772352,-4.833984375231233,-2631.0,130,0.5707082956327786,145,-0.0022306242225779253
940,5076,56.93554687772352,-1.5292968750731355,-2646.5,90,0.9860898263070753,233,-0.47991224452736625
940,5170,56.93554687772352,1.775390625084931,-2731.5,36,0.3897947997992391,144,-0.2486009160569441
940,5264,56.93554687772352,5.080078125243029,-2614.0,1,0.548174126454148,163,-0.5454721240866334
940,5358,56.93554687772352,8.384765625401096,-2769.5,146,2.787013172541629,36,0.151068048902467
940,5452,56.93554687772352,11.689453125559162,-2647.5,250,3.28611740835635,146,-0.8567749603041331
940,5546,56.93554687772352,14.994140625717257,-2794.5,123,9.448817500765475,325,0.03431183761256299
940,5640,56.93554687772352,18.298828125875325,-2482.0,216,11.78909259541708,306,-0.21072510456093288
940,5734,56.93554687772352,21.603515626033424,-2660.5,163,1.0830836467954146,212,-0.29093764545029216
940,5828,56.93554687772352,24.90820312619149,-2665.5,123,1.6138488416208798,271,-0.2621591747696116
940,5922,56.93554687772352,28.212890626349587,-2513.5,145,1.0581312619229695,0,-0.0164889426531939
940,6016,56.93554687772352,31.51757812650765,-2462.5,216,1.0841604017644149,32,-0.27648280308722345
940,6110,56.93554687772352,34.822265626665754,-2559.5,346,1.455805410458248,163,-0.4505280003250668
940,6204,56.93554687772352,38.126953126823814,-1970.5,145,9.130060751080341,286,-1.0436374112466205
940,6298,56.93554687772352,41.43164062698188,-1980.5,23,7.1609291880101615,280,-0.8010828841321954
940,6392,56.93554687772352,44.736328127139984,-1986.5,303,3.025201951450774,126,0.005700117687482401
940,6486,56.93554687772352,48.041015627298044,-1543.5,180,3.7645675912575776,70,0.45402673603294263
940,6580,56.93554687772352,51.34570312745615,-1209.0,90,13.371727621668292,1,-0.7040028662996332
940,6674,56.93554687772352,54.650390627614215,-494.5,180,14.478227874447315,289,-1.7773719871217812
940,6768,56.93554687772352,57.95507812777231,-1847.0,32,3.2086819084696128,91,-0.16196626462143446
940,6862,56.93554687772352,61.25976562793038,-1424.5,36,12.703527507819222,271,-0.5607809411930677
940,6956,56.93554687772352,64.56445312808847,-1427.5,216,18.377117508374717,36,-2.0494519064207157
940,7050,56.93554687772352,67.86914062824654,-3101.0,291,7.799269640491793,163,-0.5058428981667796
940,7144,56.93554687772352,71.17382812840461,-2809.0,169,6.822249128718992,271,1.2294399077181872
940,7238,56.93554687772352,74.4785156285627,-3126.0,208,7.675002594661927,65,-1.8304741127475879
940,7332,56.93554687772352,77.78320312872077,-3901.5,216,7.67225334151859,53,-0.9163482998999115
940,7426,56.93554687772352,81.08789062887887,-4365.5,216,0.8428869390211424,65,-0.3836864743253767
940,7520,56.93554687772352,84.39257812903693,-4422.5,0,1.0733974879626493,271,-0.1883756028984613
940,7614,56.93554687772352,87.69726562919503,-4145.5,36,7.728520422618913,251,-0.9265185375089745
940,7708,56.93554687772352,91.0019531293531,-3480.0,51,7.561422424273727,279,-1.4133943623707856
940,7802,56.93554687772352,94.30664062951116,-1722.5,349,4.708061335094584,291,-0.21918810036541153
940,7896,56.93554687772352,97.61132812966923,-2242.5,216,6.0061190399558875,60,0.9435747036974801
940,7990,56.93554687772352,100.91601562982733,-3394.5,308,8.386997578199828,56,0.08686998150878997
940,8084,56.93554687772352,104.22070312998542,-3295.0,168,3.682843169162521,152,-0.4263811514925589
940,8178,56.93554687772352,107.52539063014352,-2507.0,145,6.741773635224127,253,-1.6468098399906523
940,8272,56.93554687772352,110.83007813030156,-2305.5,76,15.054554701675896,311,2.1227804573262903
940,8366,56.93554687772352,114.13476563045967,-2165.0,1,7.151528086952449,242,-0.049548849465260274
940,8460,56.93554687772352,117.43945313061775,-1575.0,271,3.935936194598708,213,-0.14495948588420035
940,8554,56.93554687772352,120.74414063077586,-1641.5,256,10.608767988010229,172,-0.14101645451469183
940,8648,56.93554687772352,124.04882813093388,-1995.0,303,15.678072744036562,158,0.116346234880742
940,8742,56.93554687772352,127.353515631092,-952.5,107,2.8124172087380286,187,0.2441144275391781
940,8836,56.93554687772352,130.65820313125008,-1079.5,283,15.863085820481512,120,0.06350330469979229
940,8930,56.93554687772352,133.9628906314081,-283.5,90,12.746474313199833,347,0.5071929199987998
940,9024,56.93554687772352,137.2675781315662,-2389.0,325,9.29604161029608,134,2.3160673577057143
940,9118,56.93554687772352,140.57226563172432,1697.5,291,3.0797330084271,60,-1.409501241505125
940,9212,56.93554687772352,143.8769531318824,1133.5,76,5.944906338330391,344,0.5564513563160228
940,9306,56.93554687772352,147.18164063204043,-2346.0,173,10.083070436851614,320,4.4671697141826465
940,9400,56.93554687772352,150.48632813219854,901.0,120,2.6437219994637227,167,-0.5609342736705905
940,9494,56.93554687772352,153.79101563235662,1321.0,303,10.338466655564853,126,-0.6301194900457505
940,9588,56.93554687772352,157.0957031325147,1311.0,36,12.719218096921717,246,-1.064474231664142
940,9682,56.93554687772352,160.40039063267278,2637.0,271,5.977783327189996,148,-0.08039299110354811
940,9776,56.93554687772352,163.70507813283086,2912.0,325,5.379930114592402,66,-1.0308286019052033
940,9870,56.93554687772352,167.00976563298897,1014.0,90,18.53178087118247,332,-0.49649273397305965
940,9964,56.93554687772352,170.31445313314703,-1256.0,201,6.64554573201764,289,1.6942469051765305
940,10058,56.93554687772352,173.6191406333051,2012.0,256,6.162351925748508,10,-1.3586549360295566
940,10152,56.93554687772352,176.92382813346322,2150.0,216,12.637414363192805,102,-2.116810323510023
1034,0,53.630859377565436,-179.98242188360948,909.0,0,6.718666827410857,185,-4.960145316706582
1034,94,53.630859377565436,-176.67773438345142,61.0,189,16.375655547281617,33,-0.010283823927416742
1034,188,53.630859377565436,-173.3730468832933,1953.0,271,6.430793430263367,238,1.6021437710087207
1034,282,53.630859377565436,-170.06835938313526,2700.5,141,5.779351907586024,271,-0.6077870414330968
1034,376,53.630859377565436,-166.76367188297715,2536.0,243,6.19016384293506,75,-0.45600207596173514
1034,470,53.630859377565436,-163.45898438281907,588.5,220,39.2389326075843,75,2.303317083662815
1034,564,53.630859377565436,-160.154296882661,441.5,90,12.83976675065288,289,1.0412033498567053
1034,658,53.630859377565436,-156.8496093825029,2617.0,31,11.588484024991628,245,-2.4367051806438003
1034,752,53.630859377565436,-153.54492188234482,3478.5,40,19.47930902270824,271,-0.8875032041420524
1034,846,53.630859377565436,-150.24023438218674,3340.0,90,6.488022600883013,336,-1.9659385681751802
1034,940,53.630859377565436,-146.9355468820287,3123.5,206,10.135879212142699,1,-1.5917132776998286
1034,1034,53.630859377565436,-143.63085938187058,1739.5,25,13.017501226179036,190,-1.1897825902780148
1034,1128,53.630859377565436,-140.32617188171253,3873.0,266,7.479991051270826,72,-2.258714688786912
1034,1222,53.630859377565436,-137.02148438155444,2087.5,271,6.784807208228697,147,-0.902758622372534
1034,1316,53.630859377565436,-133.71679688139636,564.0,220,27.787884123946384,79,0.8690941107641991
1034,1410,53.630859377565436,-130.41210938123828,1355.0,40,9.423479145094,169,-0.19614620464481322
1034,1504,53.630859377565436,-127.1074218810802,-230.5,50,10.998937712272784,188,0.1736072876944204
1034,1598,53.630859377565436,-123.80273438092212,-1223.5,293,6.091508353263859,198,-1.6514215160004697
1034,1692,53.630859377565436,-120.49804688076404,-1428.5,22,3.897444560355247,231,-1.391314117304495
1034,1786,53.630859377565436,-117.19335938060595,1048.5,72,6.15977233462509,255,-3.3212271103891715
1034,1880,53.630859377565436,-113.88867188044787,-1465.0,130,15.398734948991295,296,0.8543369871682267
1034,1974,53.630859377565436,-110.58398438028979,655.5,220,12.82820773088762,78,1.1299471121589018
1034,2068,53.630859377565436,-107.27929688013171,589.5,19,2.744655386523955,78,-0.045967865734890825
1034,2162,53.630859377565436,-103.97460937997363,548.5,102,3.341950279289866,217,0.36080044939244754
1034,2256,53.630859377565436,-100.66992187981555,465.0,271,11.253388834302188,180,6.7424314200979865
1034,2350,53.630859377565436,-97.36523437965747,-394.0,25,15.643483426268022,202,3.664781334121604
1034,2444,53.630859377565436,-94.0605468794994,516.5,72,7.993459428046827,240,-0.0838359419955269
1034,2538,53.630859377565436,-90.75585937934132,-873.5,247,9.732724943123976,345,0.7542749166522675
1034,2632,53.630859377565436,-87.45117187918325,-2548.0,141,18.11481713277802,27,1.9943684690154846
1034,2726,53.630859377565436,-84.14648437902515,-2350.0,79,3.4770559442285016,16,0.6564159404893776
1034,2820,53.630859377565436,-80.84179687886707,81.0,320,9.690985768748448,135,-2.1747426923503284
1034,2914,53.630859377565436,-77.53710937870899,-271.5,214,5.3706036817594045,106,0.6050821431038809
1034,3008,53.630859377565436,-74.23242187855091,-1872.0,357,6.2533277877028715,80,-0.2621591747696116
1034,3102,53.630859377565436,-70.92773437839283,-1999.5,292,0.4276036700205709,347,-0.16127219135317195
1034,3196,53.630859377565436,-67.62304687823475,-2010.0,283,0.8342288009608904,43,-0.8472159936394054
1034,3290,53.630859377565436,-64.31835937807668,-2060.0,123,5.833918383901449,303,0.1319695724237426
1034,3384,53.630859377565436,-61.0136718779186,-2245.5,239,4.601429735190325,106,-0.5472893007083123
1034,3478,53.630859377565436,-57.70898437776051,-2320.5,235,1.0262906586062124,40,-0.302965016991789
1034,3572,53.630859377565436,-54.404296877602434,-2343.0,321,8.864996561763624,90,-0.1883756028984613
1034,3666,53.630859377565436,-51.09960937744435,-2491.0,40,2.874533722645312,190,-0.11400646330886376
1034,3760,53.630859377565436,-47.79492187728627,-2395.0,263,3.2200779968100153,141,-0.532950740844663
1034,3854,53.630859377565436,-44.49023437712819,-2360.0,151,3.2944027710368964,47,-0.5482201195243969
1034,3948,53.630859377565436,-41.185546876970115,-2613.5,90,9.687701287027865,332,-0.0164889426531939
1034,4042,53.630859377565436,-37.88085937681202,-2603.0,190,0.8793555388598289,103,-0.5565914331603036
1034,4136,53.630859377565436,-34.57617187665396,-2662.0,327,2.5745978841130186,340,0.7451873057384653
1034,4230,53.630859377565436,-31.271484376495856,-2167.5,220,6.0061190399558875,0,-0.0164889426531939
1034,4324,53.630859377565436,-27.966796876337792,-3314.5,137,5.903144656984881,299,1.962163591820112
1034,4418,53.630859377565436,-24.662109376179693,-2660.5,303,10.809078749127622,210,0.4991604435620202
1034,4512,53.630859377565436,-21.357421876021625,-2713.0,40,6.204385722717792,141,0.14100853986994039
1034,4606,53.630859377565436,-18.052734375863558,-2244.0,40,6.459080365111185,90,-0.38890553719994264
1034,4700,53.630859377565436,-14.748046875705464,-2833.5,90,23.759680480981302,23,2.574345710039709
1034,4794,53.630859377565436,-11.443359375547397,-1943.5,65,6.494741426019329,322,-0.0164889426531939
1034,4888,53.630859377565436,-8.1386718753893,-1278.5,220,12.364358352605937,29,-0.0164889426531939
1034,4982,53.630859377565436,-4.833984375231233,-1879.5,310,9.874654458676591,101,-1.0377435165794286
1034,5076,53.630859377565436,-1.5292968750731355,-2168.5,90,4.472125687863032,311,0.135278995230683
1034,5170,53.630859377565436,1.775390625084931,-2502.5,207,2.2726924708071428,40,-0.589425944164081
1034,5264,53.630859377565436,5.080078125243029,-2939.0,162,0.8550432163164583,321,-0.0164889426531939
1034,5358,53.630859377565436,8.384765625401096,-2892.0,180,0.9860898263070753,131,-0.143838075758256
1034,5452,53.630859377565436,11.689453125559162,-2661.5,271,1.988065098012168,116,-0.3051299542551966
1034,5546,53.630859377565436,14.994140625717257,-2573.5,129,1.0350198703002111,271,-0.11608942064845315
1034,5640,53.630859377565436,18.298828125875325,-2706.5,296,4.794298565235414,25,0.05296576796524015
1034,5734,53.630859377565436,21.603515626033424,-2690.5,40,4.301244072417368,220,0.5499569671001906
1034,5828,53.630859377565436,24.90820312619149,-2796.0,220,3.5884458503749164,312,-0.11772850637433291
1034,5922,53.630859377565436,28.212890626349587,-2730.5,253,0.880214410258829,283,-0.07858955135674607
1034,6016,53.630859377565436,31.51757812650765,-2637.0,136,2.1393815798170257,0,-0.0164889426531939
1034,6110,53.630859377565436,34.822265626665754,-2500.5,354,0.8733172017069494,128,-0.23784174481552073
1034,6204,53.630859377565436,38.126953126823814,-2583.0,63,1.4126887920052698,103,-0.2166186655254329
1034,6298,53.630859377565436,41.43164062698188,-2402.0,40,1.9308363081458881,238,0.17016649181090654
1034,6392,53.630859377565436,44.736328127139984,-1844.0,149,5.794092996672579,283,-0.6782891339252046
1034,6486,53.630859377565436,48.041015627298044,-1596.0,98,3.3032493683730575,338,0.1532330318651828
1034,6580,53.630859377565436,51.34570312745615,-1669.0,108,9.241038029021933,284,0.3443554760351238
1034,6674,53.630859377565436,54.650390627614215,-2880.5,278,8.384819454269664,91,0.3559290451501516
1034,6768,53.630859377565436,57.95507812777231,-3007.0,79,6.397683266168282,315,0.5704858211074673
1034,6862,53.630859377565436,61.25976562793038,-1613.5,136,19.49243428974729,73,4.499748738820308
1034,6956,53.630859377565436,64.56445312808847,-751.5,209,7.285675751644462,250,0.5850964025783367
1034,7050,53.630859377565436,67.86914062824654,-2882.5,199,11.965342550200562,24,-0.8769312778940087
1034,7144,53.630859377565436,71.17382812840461,-2771.5,72,8.51529117869738,301,-1.083975092424901
1034,7238,53.630859377565436,74.4785156285627,-2614.5,156,7.377046565272774,96,0.7788739474006154
1034,7332,53.630859377565436,77.78320312872077,-1727.0,31,4.600169566244126,92,-1.8536369062369324
1034,7426,53.630859377565436,81.08789062887887,-3353.0,211,8.066297467114746,74,-1.2203309030667042
1034,7520,53.630859377565436,84.39257812903693,-3788.5,166,7.5137120166984825,7,-0.6180706524741753
1034,7614,53.630859377565436,87.69726562919503,-505.0,321,3.1939813959309333,297,-3.7049629926098757
1034,7708,53.630859377565436,91.0019531293531,-2404.0,291,10.839233924565923,51,-1.2123288381350177
1034,7802,53.630859377565436,94.30664062951116,-2966.0,312,4.595851094648922,211,-0.4238703831879961
1034,7896,53.630859377565436,97.61132812966923,-2070.5,90,21.067294178654166,297,-2.007267815257156
1034,7990,53.630859377565436,100.91601562982733,469.0,324,3.0394858124665785,271,-0.736975537142767
1034,8084,53.630859377565436,104.22070312998542,-2659.5,156,13.765516698750305,53,0.5425733399640867
1034,8178,53.630859377565436,107.52539063014352,-523.0,271,3.4742890831491904,58,-1.1687374005943096
1034,8272,53.630859377565436,110.83007813030156,-1991.5,90,8.99037336625613,51,-0.6414962863599935
1034,8366,53.630859377565436,114.13476563045967,-2387.0,220,19.921753472944754,14,0.313445685528101
1034,8460,53.630859377565436,117.43945313061775,-882.0,40,19.733530227315487,236,-1.079137521128355
1034,8554,53.630859377565436,120.74414063077586,-2329.0,211,9.259030399738743,40,1.1961009090856656
1034,8648,53.630859377565436,124.04882813093388,-522.0,220,11.319541717386961,5,-1.3054180528767638
1034,8742,53.630859377565436,127.353515631092,-236.5,171,2.1031767392712903,117,-0.7210115058924015
1034,8836,53.630859377565436,130.65820313125008,-447.0,90,17.454421343145558,252,-0.789903371859172
1034,8930,53.630859377565436,133.9628906314081,-1724.5,220,23.73567856437775,140,4.1143969971895835
1034,9024,53.630859377565436,137.2675781315662,917.0,220,4.358213280461309,14,-1.153693756794888
1034,9118,53.630859377565436,140.57226563172432,787.5,90,11.349164437211826,320,0.7201283754561846
1034,9212,53.630859377565436,143.8769531318824,520.5,3,4.263506263605526,271,-0.43786572427004433
1034,9306,53.630859377565436,147.18164063204043,526.5,238,9.68559758276637,72,0.32986592996432396
1034,9400,53.630859377565436,150.48632813219854,2279.5,220,18.58327331157568,7,-1.9414161653622994
1034,9494,53.630859377565436,153.79101563235662,794.0,90,6.206143549510857,305,-0.20221415031229747
1034,9588,53.630859377565436,157.0957031325147,2299.0,252,10.283006419627418,21,-0.8370796823301676
1034,9682,53.630859377565436,160.40039063267278,1579.0,238,19.075554734164733,162,8.374488499073847
1034,9776,53.630859377565436,163.70507813283086,-1366.0,330,7.693963580090637,189,-0.5235973086598055
1034,9870,53.630859377565436,167.00976563298897,-1239.0,19,7.981403154243442,198,-0.449128505099658
1034,9964,53.630859377565436,170.31445313314703,2948.0,1,3.7596272460713362,198,-3.129451737895957
1034,10058,53.630859377565436,173.6191406333051,1709.5,90,12.172878338782693,289,0.7726151473977607
1034,10152,53.630859377565436,176.92382813346322,1781.5,220,12.637414363192805,0,0.49699560893696854
1128,0,50.32617187740736,-179.98242188360948,950.5,90,8.009628871694972,318,-3.8780212479335368
1128,94,50.32617187740736,-176.67773438345142,-1410.5,324,8.664881330112713,161,0.5621634731453384
1128,188,50.32617187740736,-173.3730468832933,295.5,223,25.76365938361588,31,6.7865609847633115
1128,282,50.32617187740736,-170.06835938313526,2110.0,43,24.051364766355174,211,-1.094009487668473
1128,376,50.32617187740736,-166.76367188297715,2755.0,99,3.6937136791671326,200,-0.8472159936394054
1128,470,50.32617187740736,-163.45898438281907,3424.0,181,7.869122302398598,295,-1.6103947456363923
1128,564,50.32617187740736,-160.154296882661,3548.5,246,9.153764788393838,31,-1.7583445061308391
1128,658,50.32617187740736,-156.8496093825029,1779.5,223,21.345722526443993,52,6.3318220035762165
1128,752,50.32617187740736,-153.54492188234482,146.0,223,6.317614339004888,138,3.16021823508298
1128,846,50.32617187740736,-150.24023438218674,-1301.5,271,35.534889147364765,53,6.867125219738676
1128,940,50.32617187740736,-146.9355468820287,4260.5,324,6.3182732396314325,251,-3.038155605827028
1128,1034,50.32617187740736,-143.63085938187058,1208.5,156,18.780956722232194,353,-0.8955864260050151
1128,1128,50.32617187740736,-140.32617188171253,3078.0,333,6.603920048626276,120,-1.1393390026323138
1128,1222,50.32617187740736,-137.02148438155444,3160.5,43,4.386694654138201,274,-0.8214110380196636
1128,1316,50.32617187740736,-133.71679688139636,2567.5,271,15.680079622815848,78,-2.66077899331108
1128,1410,50.32617187740736,-130.41210938123828,959.0,223,9.479229940355811,54,-1.9345728448523265
1128,1504,50.32617187740736,-127.1074218810802,-2158.5,353,11.576017667110666,84,4.546714783079161
1128,1598,50.32617187740736,-123.80273438092212,-3790.0,27,10.677571465280709,189,5.493983971060279
1128,1692,50.32617187740736,-120.49804688076404,-1132.5,138,2.7273167365234294,233,-0.5962628356875767
1128,1786,50.32617187740736,-117.19335938060595,-1372.0,103,18.698958632766693,246,0.5175677051970026
1128,1880,50.32617187740736,-113.88867188044787,923.0,84,7.007075925859237,1,-0.17532748408536644
1128,1974,50.32617187740736,-110.58398438028979,976.5,246,3.2130203467865246,138,-0.32189356080328063
1128,2068,50.32617187740736,-107.27929688013171,672.5,97,3.5743641266984514,1,-0.1068682889587072
1128,2162,50.32617187740736,-103.97460937997363,1066.0,90,5.779351907586024,268,-0.5616119042008151
1128,2256,50.32617187740736,-100.66992187981555,-1777.5,24,7.721173174524247,235,1.9529667301018792
1128,2350,50.32617187740736,-97.36523437965747,-627.0,43,16.381752645022615,161,1.79764128708099
1128,2444,50.32617187740736,-94.0605468794994,60.0,43,5.252121256886525,264,-0.14101645451469183
1128,2538,50.32617187740736,-90.75585937934132,-482.0,31,16.078243401220323,194,1.0813893529654208
1128,2632,50.32617187740736,-87.45117187918325,179.5,70,6.988041764775695,180,-1.0534929644252744
1128,2726,50.32617187740736,-84.14648437902515,-1920.0,329,9.84560836512425,224,-0.22059502619488972
1128,2820,50.32617187740736,-80.84179687886707,-2065.0,220,8.256275461536918,45,1.2394128189677207
1128,2914,50.32617187740736,-77.53710937870899,-1647.5,90,19.936326683178688,309,-0.18032660866130953
1128,3008,50.32617187740736,-74.23242187855091,-1963.0,308,4.377189388108802,206,-0.8292789401360584
1128,3102,50.32617187740736,-70.92773437839283,-2137.0,224,4.821862132275319,90,-0.8883415230538824
1128,3196,50.32617187740736,-67.62304687823475,-2332.0,82,0.48222072618668804,0,-0.0164889426531939
1128,3290,50.32617187740736,-64.31835937807668,-2334.5,293,0.12929947678384285,158,-0.7254725257049592
1128,3384,50.32617187740736,-61.0136718779186,-2410.5,54,2.74641406006281,268,-0.33499434503240383
1128,3478,50.32617187740736,-57.70898437776051,-2501.0,1,1.8736036639143911,137,-0.07819670302261114
1128,3572,50.32617187740736,-54.404296877602434,-2542.0,223,0.5850964025783367,303,-0.21702313350765684
1128,3666,50.32617187740736,-51.09960937744435,-2487.5,186,0.4698023313247547,253,0.037876415917980105
1128,3760,50.32617187740736,-47.79492187728627,-2490.5,271,0.5278060318718353,318,0.19620446489413182
1128,3854,50.32617187740736,-44.49023437712819,-2579.5,124,0.8796713193049973,0,0.21791242436133754
1128,3948,50.32617187740736,-41.185546876970115,-2242.5,283,10.921623279360846,221,-1.0596158588991913
1128,4042,50.32617187740736,-37.88085937681202,-2701.0,200,3.586289328252657,324,0.5542865614912685
1128,4136,50.32617187740736,-34.57617187665396,-1866.0,85,7.5307195626173415,1,-0.2887070783012524
1128,4230,50.32617187740736,-31.271484376495856,-2182.0,90,10.21575064600189,321,0.09069447025383057
1128,4324,50.32617187740736,-27.966796876337792,-361.5,223,5.637529680431104,26,-2.765338030778532
1128,4418,50.32617187740736,-24.662109376179693,-2063.0,316,15.543197699571007,139,-1.8763715224221642
1128,4512,50.32617187740736,-21.357421876021625,-2926.5,90,7.4188686794019105,248,-0.254484682390103
1128,4606,50.32617187740736,-18.052734375863558,-2971.5,138,2.560115997565655,263,-0.4270425275379775
1128,4700,50.32617187740736,-14.748046875705464,-2799.5,195,2.261352109622868,0,-0.0164889426531939
1128,4794,50.32617187740736,-11.443359375547397,-1504.5,53,8.12539351842099,157,-1.1677246311596348
1128,4888,50.32617187740736,-8.1386718753893,-1887.0,163,13.792539428962721,281,-0.47484430747149575
1128,4982,50.32617187740736,-4.833984375231233,-2083.5,250,15.205832883175978,160,-1.2370741305742632
1128,5076,50.32617187740736,-1.5292968750731355,-2167.0,142,7.633100920587818,228,-0.8033821335286877
1128,5170,50.32617187740736,1.775390625084931,1025.0,223,10.629309502346398,79,-3.8501155515731744
1128,5264,50.32617187740736,5.080078125243029,-2146.0,165,2.694412619408777,96,-1.6544478498234156
1128,5358,50.32617187740736,8.384765625401096,-2927.5,200,1.7283429113043787,316,-0.3396285392777878
1128,5452,50.32617187740736,11.689453125559162,-2579.0,143,1.4403572281178494,223,-0.38890553719994264
1128,5546,50.32617187740736,14.994140625717257,-2054.5,200,9.978491937432075,138,1.900057845244492
1128,5640,50.32617187740736,18.298828125875325,-4627.5,108,9.361790762679535,273,1.4018489178579632
1128,5734,50.32617187740736,21.603515626033424,-2276.5,244,3.3438000872495404,134,-0.5986591719077914
1128,5828,50.32617187740736,24.90820312619149,-2358.5,180,5.069564313422512,122,-0.6108987872093287
1128,5922,50.32617187740736,28.212890626349587,-1949.5,138,10.742051816773447,1,-1.6220821638984877
1128,6016,50.32617187740736,31.51757812650765,-2371.0,210,8.417849646343136,300,-0.4027259096558962
1128,6110,50.32617187740736,34.822265626665754,-2218.0,90,3.5884458503749164,330,-1.1760018165414585
1128,6204,50.32617187740736,38.126953126823814,-2320.0,223,2.388549152723828,79,-0.3363282547479303
1128,6298,50.32617187740736,41.43164062698188,-1990.5,223,9.29754109959838,100,-0.3298718946326139
1128,6392,50.32617187740736,44.736328127139984,-2244.0,286,6.883654974182974,136,0.38896909165196225
1128,6486,50.32617187740736,48.041015627298044,-2060.0,80,4.451874715992393,317,0.17373956363242207
1128,6580,50.32617187740736,51.34570312745615,-1667.5,123,3.429315878576954,223,0.344696897236821
1128,6674,50.32617187740736,54.650390627614215,-1472.5,43,2.3913434481901996,193,-0.1967260167160977
1128,6768,50.32617187740736,57.95507812777231,-1138.0,0,4.357402833515346,61,0.013551162825247858
1128,6862,50.32617187740736,61.25976562793038,-1040.0,54,1.1886187413361515,150,-0.4676245625034809
1128,6956,50.32617187740736,64.56445312808847,13.5,43,5.954607857383215,257,-2.0363493383931752
1128,7050,50.32617187740736,67.86914062824654,-194.0,223,9.476691052569027,357,0.6751480986968924
1128,7144,50.32617187740736,71.17382812840461,-1734.5,223,9.060664260208432,102,-0.8179419358462291
1128,7238,50.32617187740736,74.4785156285627,-2949.5,90,13.425946731085268,327,1.05598298800192
1128,7332,50.32617187740736,77.78320312872077,-2922.5,278,4.873264539748955,131,-0.11056656237079306
1128,7426,50.32617187740736,81.08789062887887,-2768.5,90,15.440802721668627,318,0.02584303633656147
1128,7520,50.32617187740736,84.39257812903693,-2801.5,43,12.227615286949707,246,0.10460422970196262
1128,7614,50.32617187740736,87.69726562919503,-2389.0,303,4.071129048624884,146,0.13189313177996573
1128,7708,50.32617187740736,91.0019531293531,-1954.0,90,12.25497527061286,244,-1.1329496182209213
1128,7802,50.32617187740736,94.30664062951116,-622.0,90,28.08938515833559,302,-2.3876866322693715
1128,7896,50.32617187740736,97.61132812966923,586.5,90,26.597687345101306,315,-2.6599079091919258
1128,7990,50.32617187740736,100.91601562982733,-483.0,43,20.74228886648236,341,1.9534079008437866
1128,8084,50.32617187740736,104.22070312998542,293.0,43,11.404230777454886,335,-0.0164889426531939
1128,8178,50.32617187740736,107.52539063014352,-1678.0,90,16.13051494342771,223,6.7162312583090324
1128,8272,50.32617187740736,110.83007813030156,-1310.0,109,6.811767357795827,51,2.023744498148435
1128,8366,50.32617187740736,114.13476563045967,-1311.0,223,6.656999639311017,107,0.8142450404749636
1128,8460,50.32617187740736,117.43945313061775,-308.5,303,5.308931741060579,70,-1.6256342999777191
1128,8554,50.32617187740736,120.74414063077586,-1510.0,136,11.023351789525298,286,0.2818575502310938
1128,8648,50.32617187740736,124.04882813093388,236.5,1,3.7881510278804997,125,-2.205085330151617
1128,8742,50.32617187740736,127.353515631092,-1412.5,43,7.20792886993301,340,-0.9642499535970285
1128,8836,50.32617187740736,130.65820313125008,-7.5,136,3.2035009598822146,189,-1.457673374039093
1128,8930,50.32617187740736,133.9628906314081,-18.5,90,8.458590915149061,297,-0.76283322534623
1128,9024,50.32617187740736,137.2675781315662,-147.5,138,6.374210128452949,16,1.3583552163224535
1128,9118,50.32617187740736,140.57226563172432,767.0,66,5.642698567900897,271,0.3394883756927357
1128,9212,50.32617187740736,143.8769531318824,998.5,181,14.773261912949492,50,-0.3647420366431941
1128,9306,50.32617187740736,147.18164063204043,2109.0,180,5.268471604924065,11,-0.4470133728792049
1128,9400,50.32617187740736,150.48632813219854,2450.5,90,10.742051816773447,329,-0.0164889426531939
1128,9494,50.32617187740736,153.79101563235662,2453.0,308,9.344669788633894,17,-0.07378468183348778
1128,9588,50.32617187740736,157.0957031325147,1582.0,90,15.467416485018346,285,0.3421085259502644
1128,9682,50.32617187740736,160.40039063267278,104.0,43,16.135331261930634,124,-0.6477551148924459
1128,9776,50.32617187740736,163.70507813283086,-1280.5,256,3.7350048155285487,314,0.2929993693580195
1128,9870,50.32617187740736,167.00976563298897,-999.0,223,10.076956486846276,318,1.673260699872026
1128,9964,50.32617187740736,170.31445313314703,2230.5,70,8.837026900744453,281,-3.4522170280598723
1128,10058,50.32617187740736,173.6191406333051,1100.0,43,10.949732081926351,281,1.5104169243055037
1128,10152,50.32617187740736,176.92382813346322,553.5,138,17.3911934294443,312,0.5549072761931759
1222,0,47.02148437724928,-179.98242188360948,-843.5,61,15.26225366269863,314,6.8265179867272
1222,94,47.02148437724928,-176.67773438345142,-1032.0,271,27.16679073213084,35,2.179860980893235
1222,188,47.02148437724928,-173.3730468832933,2188.0,47,3.6005570046511726,182,-0.1660156730209507
1222,282,47.02148437724928,-170.06835938313526,2153.0,202,6.448392136553783,30,-0.5240359357390115
1222,376,47.02148437724928,-166.76367188297715,1924.0,22,5.308931741060579,147,0.3479363315550585
1222,470,47.02148437724928,-163.45898438281907,2146.0,339,4.159447480407413,177,-0.10918997885762792
1222,564,47.02148437724928,-160.154296882661,76.5,195,6.049056790901342,0,1.7077559619490361
1222,658,47.02148437724928,-156.8496093825029,2814.0,250,4.215065842739707,134,0.09007671353762521
1222,752,47.02148437724928,-153.54492188234482,2576.0,190,3.1588180100861223,111,0.021508909222129023
1222,846,47.02148437724928,-150.24023438218674,1117.5,0,9.158635232968447,181,-0.23271793554159856
1222,940,47.02148437724928,-146.9355468820287,2592.5,9,4.879001583530622,242,-0.9559949391816279
1222,1034,47.02148437724928,-143.63085938187058,3891.5,47,2.7030534136526705,92,-2.564753063955442
1222,1128,47.02148437724928,-140.32617188171253,239.5,123,23.589663176580835,289,1.1840040636349223
1222,1222,47.02148437724928,-137.02148438155444,1161.5,90,15.123470092636792,282,-0.8891263910856095
1222,1316,47.02148437724928,-133.71679688139636,1604.5,324,3.5605737031463605,108,-0.31991284117921354
1222,1410,47.02148437724928,-130.41210938123828,1523.5,316,3.2130203467865246,47,-0.589425944164081
1222,1504,47.02148437724928,-127.1074218810802,556.5,123,7.007894599552385,19,0.7048920355395666
1222,1598,47.02148437724928,-123.80273438092212,612.5,134,8.48661691469846,347,-0.43143053864676234
1222,1692,47.02148437724928,-120.49804688076404,-1185.0,328,11.502993299768235,170,4.329338236723167
1222,1786,47.02148437724928,-117.19335938060595,1008.5,271,25.906411940996126,83,-0.7021234098068372
1222,1880,47.02148437724928,-113.88867188044787,1471.0,90,30.122830596954195,283,-0.37110103906994424
1222,1974,47.02148437724928,-110.58398438028979,237.0,286,12.303478274831692,109,-0.9036901572563155
1222,2068,47.02148437724928,-107.27929688013171,-1022.5,33,11.156907474144822,213,0.45092441962838475
1222,2162,47.02148437724928,-103.97460937997363,-2065.5,123,21.88406654655607,201,5.024158165982182
1222,2256,47.02148437724928,-100.66992187981555,-43.5,227,25.906411940996126,76,1.5605376028063767
1222,2350,47.02148437724928,-97.36523437965747,-1422.5,241,20.594265567908714,153,4.204495257479671
1222,2444,47.02148437724928,-94.0605468794994,-1666.5,286,14.310869860645447,55,0.03901719250919264
1222,2538,47.02148437724928,-90.75585937934132,1208.5,271,3.631690201266492,83,-3.0902038523337794
1222,2632,47.02148437724928,-87.45117187918325,-2210.5,233,4.032711718195221,2,0.30128992435808327
1222,2726,47.02148437724928,-84.14648437902515,-1587.0,227,6.2893117946438455,75,-0.6905354414706285
1222,2820,47.02148437724928,-80.84179687886707,-1667.0,90,8.121964433977176,325,-0.0164889426531939
1222,2914,47.02148437724928,-77.53710937870899,-1906.0,283,6.671065941835111,129,-0.7347553214817828
1222,3008,47.02148437724928,-74.23242187855091,-2027.5,239,1.1626166008776306,0,-0.0164889426531939
1222,3102,47.02148437724928,-70.92773437839283,-2279.0,250,0.9321893915827337,184,-0.04687627906578982
1222,3196,47.02148437724928,-67.62304687823475,-2355.5,215,0.9160257609462628,47,-0.5246635044207935
1222,3290,47.02148437724928,-64.31835937807668,-2469.0,180,0.8429451873447825,1,-0.04513682352753223
1222,3384,47.02148437724928,-61.0136718779186,-2456.5,257,0.6887213393477218,140,-0.18978007913512562
1222,3478,47.02148437724928,-57.70898437776051,-2504.5,47,0.6423856032965716,225,-0.015821964957494383
1222,3572,47.02148437724928,-54.404296877602434,-2475.0,127,1.935955856111982,271,-0.10243250324721362
1222,3666,47.02148437724928,-51.09960937744435,-2343.5,271,3.8166729293729063,0,1.5422834425781988
1222,3760,47.02148437724928,-47.79492187728627,-2341.5,1,6.572196354793354,149,-0.10148687403292272
1222,3854,47.02148437724928,-44.49023437712819,-1852.0,136,5.571124688025619,13,0.22417567731287555
1222,3948,47.02148437724928,-41.185546876970115,-1593.0,202,4.65500669143851,0,-0.0164889426531939
1222,4042,47.02148437724928,-37.88085937681202,-242.0,227,12.99151509033828,1,-1.5883356469043313
1222,4136,47.02148437724928,-34.57617187665396,-2999.5,344,5.50264841659575,63,-0.3011864591001525
1222,4230,47.02148437724928,-31.271484376495856,-2928.0,1,2.3901435102007347,271,-0.10243250324721362
1222,4324,47.02148437724928,-27.966796876337792,-2762.0,49,3.8505047293999155,282,-0.038061548616379136
1222,4418,47.02148437724928,-24.662109376179693,-2755.0,239,6.087320044382651,80,0.40889246501855064
1222,4512,47.02148437724928,-21.357421876021625,-2501.5,130,3.0373268969429876,344,0.07225385084171669
1222,4606,47.02148437724928,-18.052734375863558,-2605.0,90,2.5029320014721876,55,-0.1883173425957172
1222,4700,47.02148437724928,-14.748046875705464,-2758.5,31,2.052858422762578,264,-0.40661106047234225
1222,4794,47.02148437724928,-11.443359375547397,-2897.5,256,8.818378100335504,76,-0.48999822062637466
1222,4888,47.02148437724928,-8.1386718753893,-2994.0,203,3.0446786663866754,47,-0.11631174565024602
1222,4982,47.02148437724928,-4.833984375231233,-2569.5,75,2.2087196333430996,146,-0.589425944164081
1222,5076,47.02148437724928,-1.5292968750731355,-2695.5,0,13.607938958191337,102,0.02768375109859005
1222,5170,47.02148437724928,1.775390625084931,-2254.5,90,6.854759454861373,254,-0.00554743007576965
1222,5264,47.02148437724928,5.080078125243029,-2367.0,47,11.294076843929576,238,0.3920481837887338
1222,5358,47.02148437724928,8.384765625401096,-2725.0,153,4.091015709055315,286,-0.03991752628130603
1222,5452,47.02148437724928,11.689453125559162,-2271.5,303,15.930040470648038,177,0.638056147448102
1222,5546,47.02148437724928,14.994140625717257,-1565.0,123,8.14791704083813,299,-0.9085708744949845
1222,5640,47.02148437724928,18.298828125875325,-1111.5,1,6.9232149240814485,273,-0.9936622862774669
1222,5734,47.02148437724928,21.603515626033424,-1946.5,90,6.8265179867272,0,0.783438142589783
1222,5828,47.02148437724928,24.90820312619149,-2147.5,285,5.8442489446732875,200,-0.5664163166304651
1222,5922,47.02148437724928,28.212890626349587,-1699.5,188,1.0337209355229304,0,0.05296576796524015
1222,6016,47.02148437724928,31.51757812650765,-2035.5,159,2.028821810623039,1,-0.06162575220930337
1222,6110,47.02148437724928,34.822265626665754,-2067.0,134,1.7018837436017047,352,-0.24223729011682343
1222,6204,47.02148437724928,38.126953126823814,-3333.5,288,14.355317529104791,67,1.6411034831895883
1222,6298,47.02148437724928,41.43164062698188,-899.5,0,3.0892546563146395,170,-0.5754315755073878
1222,6392,47.02148437724928,44.736328127139984,-3002.5,227,8.150038539172392,314,2.4939081734952744
1222,6486,47.02148437724928,48.041015627298044,-1878.5,271,3.1421220547817215,0,-0.01368977986581227
1222,6580,47.02148437724928,51.34570312745615,-1501.5,271,3.731101597899448,70,-1.2362354654360048
1222,6674,47.02148437724928,54.650390627614215,-1887.0,233,1.3007917853095912,250,0.11026142645122489
1222,6768,47.02148437724928,57.95507812777231,-1339.5,11,4.134962999243713,135,-1.4663473535914526
1222,6862,47.02148437724928,61.25976562793038,-1593.0,90,11.271545093629829,221,0.9860898263070753
1222,6956,47.02148437724928,64.56445312808847,-500.5,0,8.816263971255598,108,-0.6614259900909504
1222,7050,47.02148437724928,67.86914062824654,238.0,286,4.593781496157512,15,-1.326581388674437
1222,7144,47.02148437724928,71.17382812840461,-520.0,33,9.653550087631894,192,0.9020792295203475
1222,7238,47.02148437724928,74.4785156285627,1365.5,90,9.35333242552057,250,-1.469563608337793
1222,7332,47.02148437724928,77.78320312872077,32.0,271,12.364358352605937,42,-2.5359388708389785
1222,7426,47.02148437724928,81.08789062887887,843.0,314,2.9602547458915347,256,-2.334963119814488
1222,7520,47.02148437724928,84.39257812903693,955.0,271,13.385705511642938,30,-2.8788528131301265
1222,7614,47.02148437724928,87.69726562919503,1271.5,141,1.8066283911657752,353,-3.3073180207537534
1222,7708,47.02148437724928,91.0019531293531,-1084.5,106,5.416346960996806,1,0.12675029890726341
1222,7802,47.02148437724928,94.30664062951116,-400.5,210,10.553404159619,29,1.1931916529518567
1222,7896,47.02148437724928,97.61132812966923,-895.5,219,8.21750431396743,71,-0.34156455675923797
1222,7990,47.02148437724928,100.91601562982733,-665.0,147,8.452236346691496,276,-0.8175569974480172
1222,8084,47.02148437724928,104.22070312998542,742.5,296,6.292703897013108,22,0.012158946465612564
1222,8178,47.02148437724928,107.52539063014352,-1046.0,90,9.130060751080341,202,1.3297230884451376
1222,8272,47.02148437724928,110.83007813030156,-3237.0,85,6.3174242687315845,176,-0.3042156218969922
1222,8366,47.02148437724928,114.13476563045967,-150.5,339,8.634337959277252,134,1.2151880770848287
1222,8460,47.02148437724928,117.43945313061775,80.0,149,4.635584311655528,0,-0.0164889426531939
1222,8554,47.02148437724928,120.74414063077586,-3351.5,321,7.382569743806318,161,2.4515577365433425
1222,8648,47.02148437724928,124.04882813093388,483.5,227,6.0627816066863724,1,-0.7899319129163823
1222,8742,47.02148437724928,127.353515631092,-4999.5,296,26.98797288500909,134,13.0600361536393
1222,8836,47.02148437724928,130.65820313125008,-2128.0,271,23.108534564733368,133,2.2410087942541295
1222,8930,47.02148437724928,133.9628906314081,-699.0,123,7.106648655902973,267,0.027685592881994053
1222,9024,47.02148437724928,137.2675781315662,-550.5,90,4.040470301120956,334,0.7060034966119473
1222,9118,47.02148437724928,140.57226563172432,150.0,303,9.393056866709792,215,-0.2449906442762789
1222,9212,47.02148437724928,143.8769531318824,525.5,47,7.398395892688925,216,-0.7057420597099294
1222,9306,47.02148437724928,147.18164063204043,1443.0,47,8.570670320661753,271,-0.28680463203248857
1222,9400,47.02148437724928,150.48632813219854,-1802.0,309,5.458843326689739,180,1.1865527706898216
1222,9494,47.02148437724928,153.79101563235662,-1532.0,227,8.262295438837457,88,2.334843681942627
1222,9588,47.02148437724928,157.0957031325147,830.5,33,15.984238964145598,259,-2.9939518315944995
1222,9682,47.02148437724928,160.40039063267278,1885.5,134,22.009160323128153,24,7.769458522505113
1222,9776,47.02148437724928,163.70507813283086,3756.0,1,2.474338125110373,222,-1.365830374685073
1222,9870,47.02148437724928,167.00976563298897,3391.0,134,10.548359856234706,13,3.273048898009859
1222,9964,47.02148437724928,170.31445313314703,2686.0,227,19.249825359183184,64,-1.3907459135906155
1222,10058,47.02148437724928,173.6191406333051,-709.0,275,16.776535448922502,141,1.4991075659921878
1222,10152,47.02148437724928,176.92382813346322,677.5,263,8.671706775763601,38,1.8248874114094134
1316,0,43.7167968770912,-179.98242188360948,2912.5,181,13.9667780085038,310,-0.3602588724744783
1316,94,43.7167968770912,-176.67773438345142,2347.0,51,22.475477192121765,297,3.344558394068165
1316,188,43.7167968770912,-173.3730468832933,3239.0,181,6.345913788040451,112,-1.732221363929412
1316,282,43.7167968770912,-170.06835938313526,2662.5,231,13.599944050394864,58,-1.4745151971736234
1316,376,43.7167968770912,-166.76367188297715,2222.0,90,3.2173367226346716,255,0.16061727481821916
1316,470,43.7167968770912,-163.45898438281907,2455.0,51,3.045962507179206,313,-0.9578479592928124
1316,564,43.7167968770912,-160.154296882661,2878.0,23,6.301324544499644,163,-0.7097253073799824
1316,658,43.7167968770912,-156.8496093825029,2460.0,310,2.9295231871026783,271,-0.6159132694982143
1316,752,43.7167968770912,-153.54492188234482,2989.0,51,11.569301387356504,264,-1.1837202402828093
1316,846,43.7167968770912,-150.24023438218674,-50.5,90,9.4658399320609,308,1.0535329582836503
1316,940,43.7167968770912,-146.9355468820287,915.0,303,14.234216624994554,112,-1.3159206938257613
1316,1034,43.7167968770912,-143.63085938187058,497.5,51,11.457793319545965,240,-0.391518645706191
1316,1128,43.7167968770912,-140.32617188171253,2135.0,123,7.007894599552385,321,-0.0164889426531939
1316,1222,43.7167968770912,-137.02148438155444,3905.0,324,6.7565575085357485,183,-1.1983810866022666
1316,1316,43.7167968770912,-133.71679688139636,2147.5,208,5.9953474448804105,81,-0.6273156665427418
1316,1410,43.7167968770912,-130.41210938123828,2295.5,90,3.5884458503749164,303,-0.1883756028984613
1316,1504,43.7167968770912,-127.1074218810802,3075.0,90,6.176070930209212,333,-2.1383698005128045
1316,1598,43.7167968770912,-123.80273438092212,1007.5,312,13.743202763258195,139,0.41118575343586167
1316,1692,43.7167968770912,-120.49804688076404,-2220.0,29,10.144395208836034,222,1.7449364097748277
1316,1786,43.7167968770912,-117.19335938060595,-632.5,47,4.921800774041435,184,-0.7933714839143391
1316,1880,43.7167968770912,-113.88867188044787,2214.5,90,25.253824247074963,1,-0.24567055560790751
1316,1974,43.7167968770912,-110.58398438028979,1399.5,51,4.116221959554681,150,-0.4175520074876181
1316,2068,43.7167968770912,-107.27929688013171,1023.5,90,16.341781501752315,32,1.988065098012168
1316,2162,43.7167968770912,-103.97460937997363,2281.0,51,13.750744411284376,191,-2.17574260631635
1316,2256,43.7167968770912,-100.66992187981555,674.5,324,6.820114671173365,106,-0.16508830722440457
1316,2350,43.7167968770912,-97.36523437965747,-1086.5,36,26.99765307016711,242,11.964774461002367
1316,2444,43.7167968770912,-94.0605468794994,491.0,51,6.147753108996654,302,-0.741953599200438
1316,2538,43.7167968770912,-90.75585937934132,-131.0,28,1.378954165348908,108,-0.928087285495414
1316,2632,43.7167968770912,-87.45117187918325,143.0,51,10.603725504922004,180,-1.7960127674714008
1316,2726,43.7167968770912,-84.14648437902515,-1777.0,303,12.184496155963917,80,0.44059291370199155
1316,2820,43.7167968770912,-80.84179687886707,-2089.0,252,3.918312870665676,84,0.07372735114168313
1316,2914,43.7167968770912,-77.53710937870899,-2072.0,254,1.5971761189823694,219,-0.208922835179647
1316,3008,43.7167968770912,-74.23242187855091,-2224.5,91,0.23048235060238484,271,-0.34027172282406026
1316,3102,43.7167968770912,-70.92773437839283,-2204.0,245,5.5369489488287185,95,-0.10243250324721362
1316,3196,43.7167968770912,-67.62304687823475,-2279.0,271,0.8428869390211424,144,-0.11631174565024602
1316,3290,43.7167968770912,-64.31835937807668,-2475.5,1,1.0399492548261624,150,-0.17360715363920312
1316,3384,43.7167968770912,-61.0136718779186,-2483.5,90,0.4418685326144075,271,-0.04513682352753223
1316,3478,43.7167968770912,-57.70898437776051,-2389.0,231,5.892758632146921,5,-0.5099337033459492
1316,3572,43.7167968770912,-54.404296877602434,-2505.5,23,0.568609130916167,342,-0.30679199232502535
1316,3666,43.7167968770912,-51.09960937744435,-2573.0,0,0.256108955677459,103,-0.24926013155887164
1316,3760,43.7167968770912,-47.79492187728627,-2573.5,330,3.3462728820900858,271,-0.18054673386868952
1316,3854,43.7167968770912,-44.49023437712819,-2284.0,36,11.61805038310165,231,1.3297230884451376
1316,3948,43.7167968770912,-41.185546876970115,-1111.5,1,5.793970372332888,308,-0.34973063680210126
1316,4042,43.7167968770912,-37.88085937681202,-227.0,303,12.389624541087553,231,-2.1628920944647407
1316,4136,43.7167968770912,-34.57617187665396,-2748.0,242,2.0147378678690315,0,-0.0164889426531939
1316,4230,43.7167968770912,-31.271484376495856,-2741.0,90,0.6423856032965716,278,-0.24567055560790751
1316,4324,43.7167968770912,-27.966796876337792,-2640.5,83,1.2627129953059837,1,-0.07378468183348778
1316,4418,43.7167968770912,-24.662109376179693,-2580.0,95,0.5679328970986365,298,-0.3602588724744783
1316,4512,43.7167968770912,-21.357421876021625,-2628.0,51,0.7569600367335995,303,-0.1657782721360966
1316,4606,43.7167968770912,-18.052734375863558,-2682.0,203,0.10637609571138355,303,-0.10676248527482084
1316,4700,43.7167968770912,-14.748046875705464,-2789.0,231,0.3272821743290598,1,-0.11892138471543955
1316,4794,43.7167968770912,-11.443359375547397,-2722.5,144,2.6108134059497754,248,-0.4053936879689192
1316,4888,43.7167968770912,-8.1386718753893,-2773.5,159,12.506992651452899,51,-0.1475691189399583
1316,4982,43.7167968770912,-4.833984375231233,-2775.5,51,2.274147250939943,296,-0.37757814012958285
1316,5076,43.7167968770912,-1.5292968750731355,-2763.0,37,2.0893379723736167,266,-0.35770978193997965
1316,5170,43.7167968770912,1.775390625084931,-1151.0,298,10.725561826177378,83,-2.1164323034883736
1316,5264,43.7167968770912,5.080078125243029,-2326.5,177,4.6209060185533595,18,-0.21702313350765684
1316,5358,43.7167968770912,8.384765625401096,-2126.0,286,4.567385998405568,83,-0.8306846096707279
1316,5452,43.7167968770912,11.689453125559162,-2551.0,153,13.569205636964552,70,2.2455439048027874
1316,5546,43.7167968770912,14.994140625717257,-816.5,231,26.11465799834588,56,-1.275783394252481
1316,5640,43.7167968770912,18.298828125875325,-700.5,271,10.905788672192841,74,-0.02982658614276978
1316,5734,43.7167968770912,21.603515626033424,-1264.5,198,2.7570210278037823,69,-1.3352092893860839
1316,5828,43.7167968770912,24.90820312619149,-2079.0,207,2.6777094612623555,0,-0.0164889426531939
1316,5922,43.7167968770912,28.212890626349587,-2094.0,143,3.6030509689918637,84,-0.4384274064860526
1316,6016,43.7167968770912,31.51757812650765,-2213.5,189,3.2606451654255126,271,-0.29979428096336713
1316,6110,43.7167968770912,34.822265626665754,-1692.0,271,5.126407682260642,125,-0.8304500579475083
1316,6204,43.7167968770912,38.126953126823814,-1786.5,51,3.2744488092628963,166,-0.40011638768820046
1316,6298,43.7167968770912,41.43164062698188,-1678.0,90,1.6567856777311865,203,-0.13757523242874548
1316,6392,43.7167968770912,44.736328127139984,-1798.5,90,4.614466291156039,51,0.9288100496939031
1316,6486,43.7167968770912,48.041015627298044,-1855.5,231,8.697332393552404,52,-0.4209920509937079
1316,6580,43.7167968770912,51.34570312745615,-1898.5,36,3.3200193340712776,266,0.0634043574217157
1316,6674,43.7167968770912,54.650390627614215,-1788.5,152,4.484593991581078,271,0.24134063735884953
1316,6768,43.7167968770912,57.95507812777231,-1564.0,123,5.521876949595584,349,-0.507819767748128
1316,6862,43.7167968770912,61.25976562793038,-938.5,130,3.559909297368059,0,-0.0164889426531939
1316,6956,43.7167968770912,64.56445312808847,-1834.0,342,2.736738774040827,149,-0.0036220711646543255
1316,7050,43.7167968770912,67.86914062824654,-1319.5,203,5.730382450055987,319,0.0701216689000865
1316,7144,43.7167968770912,71.17382812840461,-3633.5,219,14.339016304447593,10,6.573071837343115
1316,7238,43.7167968770912,74.4785156285627,-1741.5,271,6.8265179867272,160,0.12239750589382488
1316,7332,43.7167968770912,77.78320312872077,768.5,7,3.325428279312413,180,-1.129421410897618
1316,7426,43.7167968770912,81.08789062887887,-254.0,90,4.979511887487808,324,-0.3897994833981797
1316,7520,43.7167968770912,84.39257812903693,-276.5,51,16.18137724476293,216,-1.0086746774484732
1316,7614,43.7167968770912,87.69726562919503,-763.5,11,5.701693867775844,127,0.9178591060688518
1316,7708,43.7167968770912,91.0019531293531,169.0,231,14.800043749691216,45,2.0531088597284834
1316,7802,43.7167968770912,94.30664062951116,383.0,255,12.344492466674836,149,1.2272103085358492
1316,7896,43.7167968770912,97.61132812966923,-2336.5,286,12.870522333820928,130,-1.7869266979939764
1316,7990,43.7167968770912,100.91601562982733,-2762.0,51,16.31539802343528,270,0.6773129194543183
1316,8084,43.7167968770912,104.22070312998542,285.5,90,18.660453644558203,241,-2.7100246221807507
1316,8178,43.7167968770912,107.52539063014352,718.5,283,10.667307862359744,136,-0.03297788257512757
1316,8272,43.7167968770912,110.83007813030156,-1814.0,51,4.839942277446634,253,0.8921783980810821
1316,8366,43.7167968770912,114.13476563045967,-889.0,144,17.78877884202759,318,1.4617469071533427
1316,8460,43.7167968770912,117.43945313061775,306.5,0,4.93948136972579,214,-1.3834388905589248
1316,8554,43.7167968770912,120.74414063077586,906.5,169,8.697332393552404,259,-1.327062123595255
1316,8648,43.7167968770912,124.04882813093388,-206.0,90,28.973834600920572,309,0.13769175362100622
1316,8742,43.7167968770912,127.353515631092,-3257.0,208,31.16391552130761,17,4.226980708291217
1316,8836,43.7167968770912,130.65820313125008,38.5,203,4.028371540482613,7,-0.0164889426531939
1316,8930,43.7167968770912,133.9628906314081,-229.5,90,25.883227913637384,309,-0.9987665268095826
1316,9024,43.7167968770912,137.2675781315662,-2564.0,355,7.487641921221124,178,3.4612140127636217
1316,9118,43.7167968770912,140.57226563172432,-577.5,242,17.360724183476133,85,1.1042190866622217
1316,9212,43.7167968770912,143.8769531318824,338.0,51,8.232116566357144,192,-0.3163899222218207
1316,9306,43.7167968770912,147.18164063204043,2715.0,123,9.462754841696544,0,0.6688650268823089
1316,9400,43.7167968770912,150.48632813219854,-1639.0,203,5.503568332156453,1,-0.4626861747329185
1316,9494,43.7167968770912,153.79101563235662,-540.5,184,4.586463939298543,296,-0.4982712072722707
1316,9588,43.7167968770912,157.0957031325147,1666.0,136,13.35231957895789,1,-1.031064167608303
1316,9682,43.7167968770912,160.40039063267278,2962.0,271,13.804790451364937,92,-1.0441065459744026
1316,9776,43.7167968770912,163.70507813283086,1874.0,90,22.719656127867147,276,0.14843484863228207
1316,9870,43.7167968770912,167.00976563298897,2937.5,75,5.545968692839179,308,-0.7377864051488683
1316,9964,43.7167968770912,170.31445313314703,235.5,329,9.585067415751528,91,0.461864479259842
1316,10058,43.7167968770912,173.6191406333051,2110.5,28,18.1471295545365,264,-1.4630311759212236
1316,10152,43.7167968770912,176.92382813346322,2164.5,130,6.656999639311017,0,-0.0164889426531939
1410,0,40.41210937693312,-179.98242188360948,2407.5,306,5.296876651949483,190,-6.60474009848229
1410,94,40.41210937693312,-176.67773438345142,2595.5,90,4.898974599246553,337,-0.0164889426531939
1410,188,40.41210937693312,-173.3730468832933,2426.0,90,15.50726336793592,253,0.20094130083579032
1410,282,40.41210937693312,-170.06835938313526,3116.5,213,9.878241557044987,64,-0.8886419770477112
1410,376,40.41210937693312,-166.76367188297715,2908.5,235,20.86745752329492,39,0.2667700445800976
1410,470,40.41210937693312,-163.45898438281907,3955.0,235,1.9952766103763284,93,-0.9478358989100382
1410,564,40.41210937693312,-160.154296882661,2696.5,235,35.57281294060162,30,1.4719408460948242
1410,658,40.41210937693312,-156.8496093825029,3240.0,33,6.388796275285924,137,0.27022035826080354
1410,752,40.41210937693312,-153.54492188234482,832.0,116,15.092064876462231,355,8.458818293774197
1410,846,40.41210937693312,-150.24023438218674,3241.0,271,8.48661691469846,155,-0.9214724660736184
1410,940,40.41210937693312,-146.9355468820287,4144.0,55,8.318399999275977,271,0.34943429655662916
1410,1034,40.41210937693312,-143.63085938187058,4110.5,271,11.651763911212266,125,-2.050819560609317
1410,1128,40.41210937693312,-140.32617188171253,1942.5,235,15.943284516195598,95,1.8115171393358156
1410,1222,40.41210937693312,-137.02148438155444,1775.5,342,18.317696979686563,186,2.6271936119275923
1410,1316,40.41210937693312,-133.71679688139636,3393.5,235,15.225631791854537,42,-1.4943048125533236
1410,1410,40.41210937693312,-130.41210938123828,3452.0,55,12.200249639429538,255,-1.206845208682757
1410,1504,40.41210937693312,-127.1074218810802,4684.0,130,3.7116986976815047,341,-1.465052994511956
1410,1598,40.41210937693312,-123.80273438092212,2692.5,90,8.037718608138778,45,-0.0164889426531939
1410,1692,40.41210937693312,-120.49804688076404,-703.5,217,4.165092255646219,77,0.8005907853309441
1410,1786,40.41210937693312,-117.19335938060595,-612.0,132,6.37848766142721,24,-0.0164889426531939
1410,1880,40.41210937693312,-113.88867188044787,4340.5,0,1.671097545190641,81,-3.163730633523069
1410,1974,40.41210937693312,-110.58398438028979,1099.5,204,4.2662972699254516,121,-0.18826437868379373
1410,2068,40.41210937693312,-107.27929688013171,1206.5,288,5.357029687866461,87,-0.9331874995756161
1410,2162,40.41210937693312,-103.97460937997363,1281.0,46,6.5148243932023755,235,-1.910690977089257
1410,2256,40.41210937693312,-100.66992187981555,1812.5,90,23.61553636839647,274,0.33716003823197693
1410,2350,40.41210937693312,-97.36523437965747,-1452.5,333,16.53386980268345,176,0.40046861255553695
1410,2444,40.41210937693312,-94.0605468794994,890.5,235,6.327406048412276,334,-0.0164889426531939
1410,2538,40.41210937693312,-90.75585937934132,-14.5,90,12.691956026184213,0,-0.0164889426531939
1410,2632,40.41210937693312,-87.45117187918325,-1316.5,55,11.183838256868617,180,-0.6040195131886408
1410,2726,40.41210937693312,-84.14648437902515,-718.0,1,3.9877640709561657,109,-1.845186614017882
1410,2820,40.41210937693312,-80.84179687886707,-2455.0,235,18.69707501651607,21,1.2514912524223636
1410,2914,40.41210937693312,-77.53710937870899,-2080.0,126,12.0085324219973,320,-0.0164889426531939
1410,3008,40.41210937693312,-74.23242187855091,-2163.5,306,3.3722217182256244,123,-0.4720453356124525
1410,3102,40.41210937693312,-70.92773437839283,-2353.5,271,0.6710297291243432,65,-0.19442587823263066
1410,3196,40.41210937693312,-67.62304687823475,-2321.0,235,0.4991604435620202,83,-0.4714643046491632
1410,3290,40.41210937693312,-64.31835937807668,-2173.0,343,1.4577317221037738,135,-0.47229529101401796
1410,3384,40.41210937693312,-61.0136718779186,-2482.0,235,1.0433676317159735,45,-0.21645460288482293
1410,3478,40.41210937693312,-57.70898437776051,-1841.0,221,2.168877041192874,119,-1.6077925703802818
1410,3572,40.41210937693312,-54.404296877602434,-2467.0,293,1.1940223350743329,235,-0.27890533834355447
1410,3666,40.41210937693312,-51.09960937744435,-2613.0,14,1.1011460786635754,180,0.06945469214089058
1410,3760,40.41210937693312,-47.79492187728627,-2559.0,5,1.849374920842477,328,-0.0164889426531939
1410,3854,40.41210937693312,-44.49023437712819,-1836.5,55,9.241731980226309,289,-0.6457682767841628
1410,3948,40.41210937693312,-41.185546876970115,-1454.0,126,2.359950428060158,340,-0.0164889426531939
1410,4042,40.41210937693312,-37.88085937681202,-1764.5,90,5.1268682026954115,306,0.12458531109239643
1410,4136,40.41210937693312,-34.57617187665396,-1511.5,306,7.5153144408115935,210,-1.933095479932738
1410,4230,40.41210937693312,-31.271484376495856,-2358.5,287,0.6044723262687577,77,-0.5529527305329085
1410,4324,40.41210937693312,-27.966796876337792,-2338.5,0,-0.0164889426531939,302,-0.6469761821066086
1410,4418,40.41210937693312,-24.662109376179693,-2464.5,78,0.37368559775339355,345,-0.06595574330018954
1410,4512,40.41210937693312,-21.357421876021625,-2426.0,101,3.687039239424147,246,-0.36255503133037453
1410,4606,40.41210937693312,-18.052734375863558,-2472.5,235,0.8715284162759478,56,-0.5461342478789415
1410,4700,40.41210937693312,-14.748046875705464,-2549.5,235,0.3272821743290598,0,-0.0164889426531939
1410,4794,40.41210937693312,-11.443359375547397,-2626.5,228,0.6030353672687462,157,-0.21918810036541153
1410,4888,40.41210937693312,-8.1386718753893,-2518.0,55,3.902891100705045,240,-0.641590317757961
1410,4982,40.41210937693312,-4.833984375231233,-2655.0,54,0.7820240949119356,106,-0.10676248527482084
1410,5076,40.41210937693312,-1.5292968750731355,-2738.0,66,7.385171928573985,289,-0.10243250324721362
1410,5170,40.41210937693312,1.775390625084931,-2764.0,2,1.4818389472257192,303,-0.08177768226193576
1410,5264,40.41210937693312,5.080078125243029,-1756.5,235,9.26963875800832,48,-1.1918170707188414
1410,5358,40.41210937693312,8.384765625401096,-2044.0,147,6.174571713870211,271,-0.00821534103174359
1410,5452,40.41210937693312,11.689453125559162,1236.0,1,7.953437783232279,113,-3.418359255281344
1410,5546,40.41210937693312,14.994140625717257,-1901.0,181,10.160247429056602,90,2.1883338670214396
1410,5640,40.41210937693312,18.298828125875325,-1649.5,291,3.8439229771531873,204,0.3272821743290598
1410,5734,40.41210937693312,21.603515626033424,-1767.5,90,6.1194322724308785,241,0.2248519672720347
1410,5828,40.41210937693312,24.90820312619149,-1606.0,55,2.271985658428094,239,-0.4284420310263246
1410,5922,40.41210937693312,28.212890626349587,-1575.0,283,3.1058844121586904,102,-1.3413532745364665
1410,6016,40.41210937693312,31.51757812650765,-2076.5,55,6.713518912854834,192,0.2986351398758206
1410,6110,40.41210937693312,34.822265626665754,-1804.5,303,5.070226082460216,181,-0.503490108530253
1410,6204,40.41210937693312,38.126953126823814,-1789.5,95,4.526754118253563,288,-0.10243250324721362
1410,6298,40.41210937693312,41.43164062698188,-256.0,235,3.9592537440844056,65,-0.6753008750162669
1410,6392,40.41210937693312,44.736328127139984,-979.5,80,3.572907057302458,305,-1.2461829393228314
1410,6486,40.41210937693312,48.041015627298044,-1619.5,271,4.028371540482613,90,0.13308119605773733
1410,6580,40.41210937693312,51.34570312745615,-1691.5,183,1.5458380744508622,215,-0.03297788257512757
1410,6674,40.41210937693312,54.650390627614215,-958.0,1,6.285033727099557,224,-1.6637533047061068
1410,6768,40.41210937693312,57.95507812777231,-472.5,271,6.15977233462509,100,-2.036865621818183
1410,6862,40.41210937693312,61.25976562793038,-1865.5,10,4.443881883773643,178,-0.35798413291303627
1410,6956,40.41210937693312,64.56445312808847,-1815.0,316,19.73815436760928,136,0.44519844001119063
1410,7050,40.41210937693312,67.86914062824654,-2562.5,162,12.896456128176178,284,4.806307197976379
1410,7144,40.41210937693312,71.17382812840461,-1319.0,144,8.739316923598665,231,-0.6127513335594997
1410,7238,40.41210937693312,74.4785156285627,-1084.0,55,5.892758632146921,267,0.4421089270989068
1410,7332,40.41210937693312,77.78320312872077,-140.0,123,12.6217136974109,55,-1.2652723600330897
1410,7426,40.41210937693312,81.08789062887887,-540.0,86,3.552256653469055,261,-0.0016620854648608954
1410,7520,40.41210937693312,84.39257812903693,624.0,0,3.4142802719354615,118,-2.5432396907831145
1410,7614,40.41210937693312,87.69726562919503,-1896.0,126,12.419015632559082,7,1.572937629976511
1410,7708,40.41210937693312,91.0019531293531,-309.5,201,5.247474331315294,166,0.6697933545177696
1410,7802,40.41210937693312,94.30664062951116,-1563.5,1,8.713363458548523,128,-1.2876042789648547
1410,7896,40.41210937693312,97.61132812966923,-619.5,55,10.714396635958972,351,0.40456268675405027
1410,7990,40.41210937693312,100.91601562982733,-2380.0,235,18.788931537396493,21,-1.3562952549302199
1410,8084,40.41210937693312,104.22070312998542,522.0,55,14.61243252777206,291,-3.3243654415510453
1410,8178,40.41210937693312,107.52539063014352,-567.0,1,9.109764838444436,173,0.3993436435008755
1410,8272,40.41210937693312,110.83007813030156,1000.5,24,10.601633802737892,148,-1.0871553671619616
1410,8366,40.41210937693312,114.13476563045967,-364.5,180,3.930741453290011,61,-0.08804043221572169
1410,8460,40.41210937693312,117.43945313061775,-523.0,33,8.19257792950652,174,1.8957325980675968
1410,8554,40.41210937693312,120.74414063077586,951.0,55,1.3297230884451376,265,-2.0394126732207574
1410,8648,40.41210937693312,124.04882813093388,-1586.5,78,10.07411576082042,288,0.14677369757250586
1410,8742,40.41210937693312,127.353515631092,178.0,221,10.068561399056254,307,0.8802327498789193
1410,8836,40.41210937693312,130.65820313125008,-74.0,126,8.654686575314859,271,-0.4130899675250769
1410,8930,40.41210937693312,133.9628906314081,326.5,303,7.658839372320851,105,-0.8438268724917225
1410,9024,40.41210937693312,137.2675781315662,1523.0,235,8.150038539172392,51,-1.9808772170177575
1410,9118,40.41210937693312,140.57226563172432,16.0,33,16.39933046869905,237,1.7567910825884292
1410,9212,40.41210937693312,143.8769531318824,3189.0,303,8.14791704083813,107,-2.177204684267761
1410,9306,40.41210937693312,147.18164063204043,-1466.0,77,7.382555447014574,341,1.7021018646231159
1410,9400,40.41210937693312,150.48632813219854,4218.0,271,10.490881067102123,29,-2.844420445595365
1410,9494,40.41210937693312,153.79101563235662,-14.5,79,10.474835650239246,351,3.31466300629983
1410,9588,40.41210937693312,157.0957031325147,2600.0,339,5.029654031517985,88,-0.20714701026660798
1410,9682,40.41210937693312,160.40039063267278,1700.0,55,14.005201256394788,306,6.360721139830495
1410,9776,40.41210937693312,163.70507813283086,2042.0,271,13.154607954631564,90,-0.6238686987403844
1410,9870,40.41210937693312,167.00976563298897,1871.0,45,3.969973757207765,241,0.2534993572268678
1410,9964,40.41210937693312,170.31445313314703,3750.0,306,1.0268840700140516,235,-2.436012844938604
1410,10058,40.41210937693312,173.6191406333051,1088.0,77,10.9056621182663,202,2.8263562243672564
1410,10152,40.41210937693312,176.92382813346322,2740.0,90,13.371727621668292,308,-1.1738142850671014
1504,0,37.107421876775035,-179.98242188360948,3362.0,122,7.362520969058797,0,2.7866399411220053
1504,94,37.107421876775035,-176.67773438345142,2226.0,59,24.2616712709675,270,0.17649296656122557
1504,188,37.107421876775035,-173.3730468832933,3224.0,17,3.669732521185444,206,-0.6143963440091396
1504,282,37.107421876775035,-170.06835938313526,4059.5,226,4.189712740170113,286,-1.1100381394997703
1504,376,37.107421876775035,-166.76367188297715,3496.5,291,14.097520919460989,104,-1.929804382941825
1504,470,37.107421876775035,-163.45898438281907,599.5,90,11.943344709638463,229,1.140498124665916
1504,564,37.107421876775035,-160.154296882661,5589.5,239,4.534255384348869,1,-1.1049717440629978
1504,658,37.107421876775035,-156.8496093825029,3289.0,136,19.957814347126476,5,-0.0164889426531939
1504,752,37.107421876775035,-153.54492188234482,4018.5,181,1.0029079383810435,2,-1.7863560884196428
1504,846,37.107421876775035,-150.24023438218674,2924.5,59,3.000951247901088,284,-0.19007576795639028
1504,940,37.107421876775035,-146.9355468820287,3084.5,329,14.394877719597448,174,-0.23647155698473463
1504,1034,37.107421876775035,-143.63085938187058,3946.0,26,4.3806796593997595,303,0.024317891836077844
1504,1128,37.107421876775035,-140.32617188171253,3350.0,59,5.8412262942242705,288,-1.077396149997419
1504,1222,37.107421876775035,-137.02148438155444,3722.0,122,10.354423730262532,274,-1.2767847080749561
1504,1316,37.107421876775035,-133.71679688139636,4236.5,303,5.28052780052425,148,-2.874320940332553
1504,1410,37.107421876775035,-130.41210938123828,1716.0,59,20.3907151614755,206,0.29647020003562263
1504,1504,37.107421876775035,-127.1074218810802,3302.5,7,5.847506538777397,152,-1.2979567424185727
1504,1598,37.107421876775035,-123.80273438092212,3070.5,335,2.128957455775114,21,0.2628843982254409
1504,1692,37.107421876775035,-120.49804688076404,4019.5,239,6.430793430263367,176,-2.496759454289564
1504,1786,37.107421876775035,-117.19335938060595,2904.0,271,9.074198836769973,168,-1.8856029362115683
1504,1880,37.107421876775035,-113.88867188044787,2568.0,296,4.583090987090803,180,-1.4025188363364265
1504,1974,37.107421876775035,-110.58398438028979,1233.0,206,9.855285113929149,63,-1.8254929300752074
1504,2068,37.107421876775035,-107.27929688013171,206.0,136,20.705086854337026,337,-0.0164889426531939
1504,2162,37.107421876775035,-103.97460937997363,1993.5,280,6.23315622822938,76,0.4418685326144075
1504,2256,37.107421876775035,-100.66992187981555,-1552.5,325,6.357975634690176,64,-0.06162575220930337
1504,2350,37.107421876775035,-97.36523437965747,-782.5,59,5.609156860273118,271,-1.202728644572447
1504,2444,37.107421876775035,-94.0605468794994,-1582.0,31,10.094169205181192,208,-1.021528524095096
1504,2538,37.107421876775035,-90.75585937934132,113.5,286,6.190887927682588,179,-0.9366366300654564
1504,2632,37.107421876775035,-87.45117187918325,-788.5,265,3.2207592243709193,104,0.13890918016052778
1504,2726,37.107421876775035,-84.14648437902515,-1693.5,239,9.604170595613759,122,-0.2663354853915325
1504,2820,37.107421876775035,-80.84179687886707,-1925.5,40,2.4561551742811645,185,-0.09971693266812817
1504,2914,37.107421876775035,-77.53710937870899,-2027.0,59,1.4108154667389945,335,0.009993948316648774
1504,3008,37.107421876775035,-74.23242187855091,-2183.5,81,5.142170440527007,0,-0.0164889426531939
1504,3102,37.107421876775035,-70.92773437839283,-2282.0,278,0.9841478531064686,181,-0.6055272948807477
1504,3196,37.107421876775035,-67.62304687823475,-2347.0,90,0.2699879561118093,271,-0.0902735910306702
1504,3290,37.107421876775035,-64.31835937807668,-2307.5,90,0.18471262301710795,112,-0.202254734591979
1504,3384,37.107421876775035,-61.0136718779186,-2380.5,26,2.602171322632816,141,-0.305895349231868
1504,3478,37.107421876775035,-57.70898437776051,-2429.5,50,1.1126665596624221,174,-0.2450035900881474
1504,3572,37.107421876775035,-54.404296877602434,-2376.5,239,5.1548255797197005,107,-0.5467044087637243
1504,3666,37.107421876775035,-51.09960937744435,-2397.5,59,0.7569600367335995,277,-0.3624237845966922
1504,3760,37.107421876775035,-47.79492187728627,-2336.0,26,0.6688650268823089,100,-0.2817093442524689
1504,3854,37.107421876775035,-44.49023437712819,-2103.5,90,4.0732831289227285,250,0.5054908866511479
1504,3948,37.107421876775035,-41.185546876970115,-860.0,1,17.05141626528251,190,-2.23955545985675
1504,4042,37.107421876775035,-37.88085937681202,-2400.0,298,2.4241600919047617,153,-0.21931935043055842
1504,4136,37.107421876775035,-34.57617187665396,-2366.0,239,0.1868447858335961,26,-0.07378468183348778
1504,4230,37.107421876775035,-31.271484376495856,-2215.0,59,3.5884458503749164,288,-0.5337975995294727
1504,4324,37.107421876775035,-27.966796876337792,-2352.5,90,0.21269319793916955,0,0.03864183231577154
1504,4418,37.107421876775035,-24.662109376179693,-2340.0,239,0.2986351398758206,98,-0.2375258953852505
1504,4512,37.107421876775035,-21.357421876021625,-2326.0,239,0.19187451809754452,75,-0.3743951783389067
1504,4606,37.107421876775035,-18.052734375863558,-2351.0,59,0.2699879561118093,286,-0.14495948588420035
1504,4700,37.107421876775035,-14.748046875705464,-2417.5,239,0.3967341193837285,31,-0.23144084445935015
1504,4794,37.107421876775035,-11.443359375547397,-2468.5,291,0.18926489690513026,65,-0.16189295927852973
1504,4888,37.107421876775035,-8.1386718753893,-2442.5,70,1.0008539831543166,239,-0.5665791073325979
1504,4982,37.107421876775035,-4.833984375231233,-2516.5,237,1.7458518057495134,90,-0.3316120276314915
1504,5076,37.107421876775035,-1.5292968750731355,-2660.0,350,0.647951450989124,151,-0.23472923492404996
1504,5170,37.107421876775035,1.775390625084931,-2598.0,239,1.1127977621516045,77,-0.1399776573451742
1504,5264,37.107421876775035,5.080078125243029,-2415.0,98,4.287058369888827,0,-0.0164889426531939
1504,5358,37.107421876775035,8.384765625401096,-2098.5,90,25.183482713810005,271,3.8764974139931154
1504,5452,37.107421876775035,11.689453125559162,-1991.0,316,13.096160015886497,154,-1.6867776311531046
1504,5546,37.107421876775035,14.994140625717257,-2809.0,329,1.7320594257117965,117,-0.5243073730935854
1504,5640,37.107421876775035,18.298828125875325,-2578.5,59,3.951298759162369,162,0.39385427229490755
1504,5734,37.107421876775035,21.603515626033424,-1804.5,255,4.209314367674145,91,-1.2609024857733977
1504,5828,37.107421876775035,24.90820312619149,-2240.0,43,1.02325502614045,266,-0.6049073797937311
1504,5922,37.107421876775035,28.212890626349587,-2124.5,286,1.7511417506665399,163,-0.1104254908266496
1504,6016,37.107421876775035,31.51757812650765,-1935.5,22,1.0340264183317351,116,-0.5459554666218153
1504,6110,37.107421876775035,34.822265626665754,-1602.5,122,1.5873866130438163,298,-0.6575386406701816
1504,6204,37.107421876775035,38.126953126823814,-1202.0,26,5.234064025860872,271,-0.5614931952141653
1504,6298,37.107421876775035,41.43164062698188,-1190.5,342,4.103321952061214,96,-0.8740792133930093
1504,6392,37.107421876775035,44.736328127139984,-1898.0,139,3.707666239760293,76,0.3894084267646184
1504,6486,37.107421876775035,48.041015627298044,-1570.0,71,9.506847986282255,292,0.37069704796555225
1504,6580,37.107421876775035,51.34570312745615,-1574.0,337,8.281637076841712,175,-0.4923724539357488
1504,6674,37.107421876775035,54.650390627614215,-1455.5,225,3.9325222419360593,1,0.4132222386128879
1504,6768,37.107421876775035,57.95507812777231,-1819.0,59,3.42350867954386,265,-0.09803896285508068
1504,6862,37.107421876775035,61.25976562793038,81.0,59,3.6433573441625065,199,-1.1856637232204517
1504,6956,37.107421876775035,64.56445312808847,-319.0,271,9.241731980226309,105,-1.9311358559204117
1504,7050,37.107421876775035,67.86914062824654,-1293.0,170,1.3951266707147734,67,-0.4913320782974266
1504,7144,37.107421876775035,71.17382812840461,-1292.0,200,5.912535141684579,271,-0.5114824966383772
1504,7238,37.107421876775035,74.4785156285627,-1122.5,239,7.644114210245357,122,1.4442474716091087
1504,7332,37.107421876775035,77.78320312872077,-2291.5,90,3.5884458503749164,194,-0.14407018787679313
1504,7426,37.107421876775035,81.08789062887887,-1992.0,33,6.732401993744428,278,-0.8714501330498604
1504,7520,37.107421876775035,84.39257812903693,-635.0,15,6.333082178695023,151,-0.26673983241769117
1504,7614,37.107421876775035,87.69726562919503,333.5,335,2.472177158515772,301,-1.2374208418361767
1504,7708,37.107421876775035,91.0019531293531,112.5,329,6.280755589192713,181,-1.047696186494907
1504,7802,37.107421876775035,94.30664062951116,-87.0,197,10.304021509393069,13,0.9435747036974801
1504,7896,37.107421876775035,97.61132812966923,-1725.0,180,10.24349499581775,0,-0.0164889426531939
1504,7990,37.107421876775035,100.91601562982733,-2971.0,215,8.145795520010068,1,0.7653011453484576
1504,8084,37.107421876775035,104.22070312998542,1240.0,271,13.534311416223286,147,-3.551262431650699
1504,8178,37.107421876775035,107.52539063014352,555.0,271,8.570670320661753,215,-2.930795548130826
1504,8272,37.107421876775035,110.83007813030156,-493.5,329,9.734953169782651,222,-0.12929108245555304
1504,8366,37.107421876775035,114.13476563045967,-102.0,233,4.800748128894952,162,0.0566632726639655
1504,8460,37.107421876775035,117.43945313061775,539.5,239,11.953705713549004,0,-0.0164889426531939
1504,8554,37.107421876775035,120.74414063077586,923.0,59,12.3916898565466,0,-0.0164889426531939
1504,8648,37.107421876775035,124.04882813093388,-497.5,59,6.784587985263667,104,-0.6038423125848883
1504,8742,37.107421876775035,127.353515631092,-139.5,40,4.760061774710371,255,-1.4712761138228205
1504,8836,37.107421876775035,130.65820313125008,1399.0,26,4.4557366306401285,243,-0.7192911660614113
1504,8930,37.107421876775035,133.9628906314081,1585.0,239,7.559674607620964,190,-0.7634538880866839
1504,9024,37.107421876775035,137.2675781315662,566.5,0,16.135331261930634,189,1.7422021190150874
1504,9118,37.107421876775035,140.57226563172432,1372.5,136,7.170329901486218,29,-1.548370376950931
1504,9212,37.107421876775035,143.8769531318824,3513.0,0,4.2520523325993915,225,0.1542070716931817
1504,9306,37.107421876775035,147.18164063204043,3883.5,239,7.080569628285594,116,-1.7647276594064059
1504,9400,37.107421876775035,150.48632813219854,2772.0,59,10.824986930523496,211,-1.7192383780301765
1504,9494,37.107421876775035,153.79101563235662,2294.5,90,45.305244490303245,241,0.11292932732481069
1504,9588,37.107421876775035,157.0957031325147,735.5,271,22.12698424291221,58,0.2685690271153786
1504,9682,37.107421876775035,160.40039063267278,3129.5,90,19.9869447654906,329,-0.8514011668590988
1504,9776,37.107421876775035,163.70507813283086,-1228.0,337,22.001512042889757,206,5.119067643484059
1504,9870,37.107421876775035,167.00976563298897,2173.5,136,5.166061839663062,176,-0.13624128454782
1504,9964,37.107421876775035,170.31445313314703,1963.5,90,8.71067660595202,0,-0.0164889426531939
1504,10058,37.107421876775035,173.6191406333051,2953.5,90,18.041062263358945,291,-0.8133559162054805
1504,10152,37.107421876775035,176.92382813346322,1928.0,291,5.775065785013082,179,0.43661711288205224
1598,0,33.802734376616954,-179.98242188360948,902.5,355,12.798785596807443,184,-0.9331389030642689
1598,94,33.802734376616954,-176.67773438345142,3688.5,271,9.715535631854877,130,-0.06551109205295941
1598,188,33.802734376616954,-173.3730468832933,2080.0,200,16.77202987838804,30,2.0368154728321937
1598,282,33.802734376616954,-170.06835938313526,2024.0,344,16.26313368345495,131,2.769862378232096
1598,376,33.802734376616954,-166.76367188297715,4440.5,313,11.065205582715455,146,-1.7662258661276056
1598,470,33.802734376616954,-163.45898438281907,5923.5,63,13.425946731085268,183,-3.0429287436730945
1598,564,33.802734376616954,-160.154296882661,5665.0,90,4.586002680171675,220,0.2280529707565814
1598,658,33.802734376616954,-156.8496093825029,3267.0,271,27.167448525646467,85,0.43256180535945377
1598,752,33.802734376616954,-153.54492188234482,3652.0,283,8.080403223779465,93,-0.8347355669596187
1598,846,33.802734376616954,-150.24023438218674,2080.5,96,14.63849076151255,285,0.32745165514469754
1598,940,33.802734376616954,-146.9355468820287,2297.5,63,23.526433867126975,269,4.75248003415593
1598,1034,33.802734376616954,-143.63085938187058,4123.5,193,5.203726567893675,65,-1.1693277886887696
1598,1128,33.802734376616954,-140.32617188171253,2774.5,63,33.77113023924628,266,1.764235931102136
1598,1222,33.802734376616954,-137.02148438155444,3732.5,207,2.414985535783965,13,-0.9198428460180734
1598,1316,33.802734376616954,-133.71679688139636,725.0,220,9.316774969288895,96,0.5339395570040704
1598,1410,33.802734376616954,-130.41210938123828,693.5,271,17.339001450437703,223,0.6915406311518627
1598,1504,33.802734376616954,-127.1074218810802,2834.0,243,8.173866281975561,154,0.4688526319270921
1598,1598,33.802734376616954,-123.80273438092212,2208.5,271,3.5313709758292053,144,0.4478455240859556
1598,1692,33.802734376616954,-120.49804688076404,1801.0,33,3.0749916396040162,281,-0.2421716652959667
1598,1786,33.802734376616954,-117.19335938060595,1491.0,80,2.727059725756509,113,0.166339441119374
1598,1880,33.802734376616954,-113.88867188044787,1913.0,303,7.134856332925932,156,-1.4321674542975396
1598,1974,33.802734376616954,-110.58398438028979,1468.5,168,4.688346885499863,297,-0.15522323287764525
1598,2068,33.802734376616954,-107.27929688013171,359.0,46,12.585515697615616,230,5.507683307568385
1598,2162,33.802734376616954,-103.97460937997363,145.0,213,7.711133545333872,38,-1.2698722482818194
1598,2256,33.802734376616954,-100.66992187981555,-1515.0,27,10.130390579286258,180,-0.0164889426531939
1598,2350,33.802734376616954,-97.36523437965747,-986.5,116,6.817980194607617,283,-0.5566986671241688
1598,2444,33.802734376616954,-94.0605468794994,225.5,63,28.356278464991906,297,-1.3307210253829909
1598,2538,33.802734376616954,-90.75585937934132,-2311.0,35,5.15548318914088,207,0.2563312771477147
1598,2632,33.802734376616954,-87.45117187918325,-621.5,149,3.8764974139931154,42,-0.25307848517915943
1598,2726,33.802734376616954,-84.14648437902515,-1416.5,217,9.813351038568323,153,0.2656580542631302
1598,2820,33.802734376616954,-80.84179687886707,-1674.5,217,3.7933475149518987,189,1.0412033498567053
1598,2914,33.802734376616954,-77.53710937870899,-1963.0,316,9.562822147728468,118,-0.06595574330018954
1598,3008,33.802734376616954,-74.23242187855091,-2056.5,0,1.5507731821355129,218,-0.39658242837758434
1598,3102,33.802734376616954,-70.92773437839283,-2292.0,34,2.1791486597203304,75,-0.21002532324973044
1598,3196,33.802734376616954,-67.62304687823475,-2344.5,188,0.26228668659211424,65,-0.2027650060434506
1598,3290,33.802734376616954,-64.31835937807668,-2310.0,37,0.7526307916831242,154,-0.04513682352753223
1598,3384,33.802734376616954,-61.0136718779186,-2429.5,153,1.5145446053919287,263,0.049080426420137296
1598,3478,33.802734376616954,-57.70898437776051,-2127.0,222,0.4947487465183636,108,-0.2450035900881474
1598,3572,33.802734376616954,-54.404296877602434,-2155.5,18,1.6403103815393678,46,-0.04513682352753223
1598,3666,33.802734376616954,-51.09960937744435,-2358.0,243,0.7856027349433848,1,-0.3237833335503099
1598,3760,33.802734376616954,-47.79492187728627,-2238.0,63,0.8142450404749636,243,-0.2621591747696116
1598,3854,33.802734376616954,-44.49023437712819,-2187.0,296,0.7253870167622964,90,-0.13108027344497347
1598,3948,33.802734376616954,-41.185546876970115,-2163.5,54,1.533772589492242,244,-0.34810039048600183
1598,4042,33.802734376616954,-37.88085937681202,-2189.5,220,1.8291349284567902,0,-0.15906100551638094
1598,4136,33.802734376616954,-34.57617187665396,-2116.5,337,0.43844922741717296,243,-0.017201264933896426
1598,4230,33.802734376616954,-31.271484376495856,-1978.0,345,1.6336567561037072,154,0.04080682950494778
1598,4324,33.802734376616954,-27.966796876337792,-2178.0,0,0.24134063735884953,106,-0.10243250324721362
1598,4418,33.802734376616954,-24.662109376179693,-2183.5,111,1.8722006725832516,63,0.1553980143903291
1598,4512,33.802734376616954,-21.357421876021625,-2234.0,271,0.5278060318718353,90,-0.19054057745622507
1598,4606,33.802734376616954,-18.052734375863558,-2298.0,0,0.05669683185828342,18,-0.10243250324721362
1598,4700,33.802734376616954,-14.748046875705464,-2346.0,27,0.2678230055698557,241,-0.0164889426531939
1598,4794,33.802734376616954,-11.443359375547397,-2438.0,271,0.21269319793916955,75,-0.1762167793807518
1598,4888,33.802734376616954,-8.1386718753893,-2513.0,138,0.3133268764463397,291,-0.1640579399915768
1598,4982,33.802734376616954,-4.833984375231233,-1842.0,180,10.230054054183935,52,-1.6266168501971605
1598,5076,33.802734376616954,-1.5292968750731355,-2437.0,63,2.359950428060158,118,0.7261523106932565
1598,5170,33.802734376616954,1.775390625084931,-4508.5,63,27.076672969378162,275,3.359450685688928
1598,5264,33.802734376616954,5.080078125243029,-2459.0,114,1.5477793312250803,207,-0.0164889426531939
1598,5358,33.802734376616954,8.384765625401096,-2322.0,316,12.287312593092874,82,-0.40552493338329976
1598,5452,33.802734376616954,11.689453125559162,-2708.5,304,1.772291736188647,0,-0.21702313350765684
1598,5546,33.802734376616954,14.994140625717257,-2717.0,243,0.4132222386128879,27,-0.45100285249437366
1598,5640,33.802734376616954,18.298828125875325,-2661.0,90,3.2744488092628963,296,-0.6920190860285461
1598,5734,33.802734376616954,21.603515626033424,-2664.5,105,0.9843508839186044,180,-0.0164889426531939
1598,5828,33.802734376616954,24.90820312619149,-2863.5,228,1.0148401730905645,0,-0.10459749441036155
1598,5922,33.802734376616954,28.212890626349587,-3095.0,245,3.8257951390859537,344,-0.23714196609314817
1598,6016,33.802734376616954,31.51757812650765,-1421.0,271,9.213820778438237,21,-0.8935595612341035
1598,6110,33.802734376616954,34.822265626665754,-1368.5,70,1.6989362860242805,329,-0.5866270760056392
1598,6204,33.802734376616954,38.126953126823814,-1091.5,316,7.016482919621171,174,0.012158946465612564
1598,6298,33.802734376616954,41.43164062698188,-1226.5,68,2.3392099368885724,217,0.09441263477655394
1598,6392,33.802734376616954,44.736328127139984,-135.5,90,19.019697949600438,1,0.9288100496939031
1598,6486,33.802734376616954,48.041015627298044,-1171.0,63,19.733530227315487,290,0.03857010544581464
1598,6580,33.802734376616954,51.34570312745615,-1398.5,294,11.089958840006155,166,1.2805148471818817
1598,6674,33.802734376616954,54.650390627614215,-126.5,90,19.09647832291039,295,-1.544731262661722
1598,6768,33.802734376616954,57.95507812777231,-519.5,90,21.41571808766855,325,-1.203076046536669
1598,6862,33.802734376616954,61.25976562793038,-680.0,63,15.20097253113525,243,-1.3371283827375702
1598,6956,33.802734376616954,64.56445312808847,-1532.5,63,11.569301387356504,217,-0.7324058833351469
1598,7050,33.802734376616954,67.86914062824654,-801.0,63,11.514299341559344,250,-0.8238248074687389
1598,7144,33.802734376616954,71.17382812840461,-1698.0,63,13.636863633593775,216,-0.0164889426531939
1598,7238,33.802734376616954,74.4785156285627,-1442.5,63,4.761933204541561,153,0.6287303165885095
1598,7332,33.802734376616954,77.78320312872077,-1531.5,233,8.472787422597872,7,-1.6017606815684118
1598,7426,33.802734376616954,81.08789062887887,-1335.5,27,13.206872220091627,283,-0.5607809411930677
1598,7520,33.802734376616954,84.39257812903693,-1019.0,198,4.837792684403108,243,-0.504606262522098
1598,7614,33.802734376616954,87.69726562919503,-171.0,90,6.147753108996654,228,-1.270146242296892
1598,7708,33.802734376616954,91.0019531293531,-1673.0,256,5.5679925586049475,170,2.8335237672822386
1598,7802,33.802734376616954,94.30664062951116,-2658.5,75,6.612627367980344,270,0.5734749038191365
1598,7896,33.802734376616954,97.61132812966923,693.0,128,5.076978666712422,321,-1.1783414775152992
1598,7990,33.802734376616954,100.91601562982733,1536.5,63,20.01224161891657,180,-0.0164889426531939
1598,8084,33.802734376616954,104.22070312998542,-3308.5,226,8.942790971269972,106,1.2945986336162552
1598,8178,33.802734376616954,107.52539063014352,-3011.5,92,6.0645803485442205,257,-0.3337769528654422
1598,8272,33.802734376616954,110.83007813030156,-1867.5,226,17.94512005657611,319,1.260148082198629
1598,8366,33.802734376616954,114.13476563045967,-2007.0,316,28.970520545845083,129,2.7107646644588694
1598,8460,33.802734376616954,117.43945313061775,-293.5,271,4.4436508716581775,243,1.3561914327831757
1598,8554,33.802734376616954,120.74414063077586,633.5,90,1.9534079008437866,295,-1.2353431853641017
1598,8648,33.802734376616954,124.04882813093388,1163.5,90,11.101104195375072,180,0.19885645502254848
1598,8742,33.802734376616954,127.353515631092,1914.5,63,9.715535631854877,139,-0.0164889426531939
1598,8836,33.802734376616954,130.65820313125008,514.0,63,12.337021131378519,254,0.2852978405422275
1598,8930,33.802734376616954,133.9628906314081,2873.0,225,1.0294928797733407,68,-2.239236478528173
1598,9024,33.802734376616954,137.2675781315662,3319.5,90,10.049183255454489,358,-2.701070027943606
1598,9118,33.802734376616954,140.57226563172432,927.0,63,16.946619070613682,231,1.5328574592892614
1598,9212,33.802734376616954,143.8769531318824,1550.0,37,8.930242521968042,312,-0.4053936879689192
1598,9306,33.802734376616954,147.18164063204043,2025.0,90,13.642577522167361,280,-0.9587713006790691
1598,9400,33.802734376616954,150.48632813219854,1945.5,177,4.9344353526648925,77,-0.7351389720128325
1598,9494,33.802734376616954,153.79101563235662,654.5,271,9.185905164842259,116,0.3944785395026256
1598,9588,33.802734376616954,157.0957031325147,129.5,63,11.596794312351914,193,-0.0164889426531939
1598,9682,33.802734376616954,160.40039063267278,2675.0,271,14.826818972897582,118,0.5113184447246221
1598,9776,33.802734376616954,163.70507813283086,1603.0,90,16.631527858274413,216,0.03431183761256299
1598,9870,33.802734376616954,167.00976563298897,379.5,153,15.24103661216865,336,0.09348363715903336
1598,9964,33.802734376616954,170.31445313314703,2717.0,111,6.662148744896344,11,-0.9706603091236963
1598,10058,33.802734376616954,173.6191406333051,4199.5,1,11.761637795499425,244,-1.132941984933456
1598,10152,33.802734376616954,176.92382813346322,2970.0,63,7.9815352591564865,194,0.058171720413108134
1692,0,30.498046876458872,-179.98242188360948,3520.0,157,13.305182737681022,9,-1.8887966748784688
1692,94,30.498046876458872,-176.67773438345142,1051.0,67,39.083925323848014,205,4.56563008880213
1692,188,30.498046876458872,-173.3730468832933,4253.5,100,2.513698234096533,18,-1.7097860411717432
1692,282,30.498046876458872,-170.06835938313526,3127.0,47,3.580063574133393,169,-1.5050085288719819
1692,376,30.498046876458872,-166.76367188297715,5476.5,67,14.10159395390758,247,-2.028475732752661
1692,470,30.498046876458872,-163.45898438281907,712.0,153,10.735194735339704,352,0.8986452405394867
1692,564,30.498046876458872,-160.154296882661,4946.5,67,13.642577522167361,201,0.6428497720695177
1692,658,30.498046876458872,-156.8496093825029,4706.0,123,4.726147479310284,50,-1.2904348217984662
1692,752,30.498046876458872,-153.54492188234482,4343.0,90,25.952752665071706,183,0.9372280750437283
1692,846,30.498046876458872,-150.24023438218674,3545.5,271,24.87773079298956,166,0.9346671973959543
1692,940,30.498046876458872,-146.9355468820287,5253.0,0,10.90787616048822,81,-1.8803224674868009
1692,1034,30.498046876458872,-143.63085938187058,4134.5,247,9.991522676079093,333,0.06082648907968672
1692,1128,30.498046876458872,-140.32617188171253,2239.5,67,3.7596272460713362,266,0.6681926553587662
1692,1222,30.498046876458872,-137.02148438155444,3650.0,247,7.283108056455798,137,0.930588188769677
1692,1316,30.498046876458872,-133.71679688139636,5020.0,1,6.232697473180402,255,-1.9082647747172563
1692,1410,30.498046876458872,-130.41210938123828,-212.5,289,9.30837867718068,96,1.4765133567913487
1692,1504,30.498046876458872,-127.1074218810802,3630.0,271,9.799010841599594,108,-1.7463952983759434
1692,1598,30.498046876458872,-123.80273438092212,2414.0,90,5.694266986503134,245,-0.8309342730518873
1692,1692,30.498046876458872,-120.49804688076404,1912.5,67,5.609156860273118,123,-0.0164889426531939
1692,1786,30.498046876458872,-117.19335938060595,1302.0,38,13.836724969306047,114,3.1360370490871166
1692,1880,30.498046876458872,-113.88867188044787,1442.0,114,16.6052231814243,291,0.5767467528471012
1692,1974,30.498046876458872,-110.58398438028979,1501.5,90,12.800969140606695,315,-0.996069322601292
1692,2068,30.498046876458872,-107.27929688013171,1103.5,271,4.358213280461309,171,-0.07171782668246958
1692,2162,30.498046876458872,-103.97460937997363,2173.5,67,11.32162329160596,269,-1.9121465160549251
1692,2256,30.498046876458872,-100.66992187981555,-752.5,247,9.517272682257618,0,-1.8374827367159912
1692,2350,30.498046876458872,-97.36523437965747,-679.5,146,5.011317165418437,248,0.41089329585966666
1692,2444,30.498046876458872,-94.0605468794994,-820.5,119,3.046587997852349,255,-0.16329989450014878
1692,2538,30.498046876458872,-90.75585937934132,478.0,271,8.093886401961374,107,-1.9511670825516236
1692,2632,30.498046876458872,-87.45117187918325,-658.5,198,5.2168299254033,59,-0.7836221125722209
1692,2726,30.498046876458872,-84.14648437902515,-1231.5,90,4.555385465517266,32,-0.1762167793807518
1692,2820,30.498046876458872,-80.84179687886707,-1337.5,18,2.58743299552398,176,-1.062869508157024
1692,2914,30.498046876458872,-77.53710937870899,-1656.5,169,0.5472417619263756,111,-0.216356165298753
1692,3008,30.498046876458872,-74.23242187855091,-1894.5,218,0.7604583769549014,283,-0.0164889426531939
1692,3102,30.498046876458872,-70.92773437839283,-2045.5,225,0.8958405250419027,0,-0.13108027344497347
1692,3196,30.498046876458872,-67.62304687823475,-2279.0,8,0.8005432514929636,90,-0.19270555146988813
1692,3290,30.498046876458872,-64.31835937807668,-2406.0,180,0.47118153841031896,44,-0.23141248393990466
1692,3384,30.498046876458872,-61.0136718779186,-2234.0,271,0.6137411563433645,247,-0.2743178548766748
1692,3478,30.498046876458872,-57.70898437776051,-2294.5,247,1.5301332346761634,14,-0.11758743490040828
1692,3572,30.498046876458872,-54.404296877602434,-2127.0,133,0.5187022713746148,247,-0.1640579399915768
1692,3666,30.498046876458872,-51.09960937744435,-2227.0,1,1.2144760749258878,281,-0.04513682352753223
1692,3760,30.498046876458872,-47.79492187728627,-2167.5,79,1.3598987430920428,13,-0.39505207381936597
1692,3854,30.498046876458872,-44.49023437712819,-1967.5,228,0.9545205780122965,67,-0.6577683013873394
1692,3948,30.498046876458872,-41.185546876970115,-1955.5,208,1.2213521541344525,293,-0.2565609635238352
1692,4042,30.498046876458872,-37.88085937681202,-2365.0,90,30.90947223465417,238,11.610965386167267
1692,4136,30.498046876458872,-34.57617187665396,-1278.0,180,5.510270895087976,322,-1.6753873597459927
1692,4230,30.498046876458872,-31.271484376495856,-1975.0,123,0.2878104322709722,255,-0.02514893441386437
1692,4324,30.498046876458872,-27.966796876337792,-1759.5,153,0.45402673603294263,36,-0.8734242050710554
1692,4418,30.498046876458872,-24.662109376179693,-1984.5,198,0.5709609544447548,303,-0.1762167793807518
1692,4512,30.498046876458872,-21.357421876021625,-2064.0,106,1.769029790499036,163,-0.12770005734737955
1692,4606,30.498046876458872,-18.052734375863558,-2131.5,271,2.2455439048027874,123,0.21269319793916955
1692,4700,30.498046876458872,-14.748046875705464,-2211.5,172,1.7149203965159325,319,-0.5270107138715525
1692,4794,30.498046876458872,-11.443359375547397,-2253.5,330,0.29938727901965295,82,-0.3022980578506636
1692,4888,30.498046876458872,-8.1386718753893,-2328.0,102,3.024291418578981,67,-0.04513682352753223
1692,4982,30.498046876458872,-4.833984375231233,-2712.5,316,9.338144164560253,132,-0.002990104940563528
1692,5076,30.498046876458872,-1.5292968750731355,-1684.0,163,1.5162637486212935,10,-1.6632071132508854
1692,5170,30.498046876458872,1.775390625084931,-3874.5,136,21.626839276205935,327,4.415412839767511
1692,5264,30.498046876458872,5.080078125243029,-2251.5,51,1.4007785958529337,14,-0.5594656831599786
1692,5358,30.498046876458872,8.384765625401096,-2531.0,1,14.201193657830515,153,-0.0164889426531939
1692,5452,30.498046876458872,11.689453125559162,-2614.5,252,0.7861711667451229,111,-0.18557646972633832
1692,5546,30.498046876458872,14.994140625717257,-2566.5,0,0.27065491901404526,247,-0.6022041114525988
1692,5640,30.498046876458872,18.298828125875325,-2578.0,271,0.21269319793916955,90,-0.22135306659726442
1692,5734,30.498046876458872,21.603515626033424,-2640.0,163,0.4757335499422592,0,-0.44619826901782156
1692,5828,30.498046876458872,24.90820312619149,-2594.0,143,2.1250774632815452,293,-0.5353736831376875
1692,5922,30.498046876458872,28.212890626349587,-2852.5,90,5.836061005714534,247,-0.6299929424569793
1692,6016,30.498046876458872,31.51757812650765,-412.5,67,7.16519185957098,180,-0.0164889426531939
1692,6110,30.498046876458872,34.822265626665754,-669.5,247,20.44103897981777,111,-0.8519490552305873
1692,6204,30.498046876458872,38.126953126823814,-508.0,90,14.933853545795579,247,-1.8627785173504312
1692,6298,30.498046876458872,41.43164062698188,647.5,333,10.368929695549177,140,0.5026591298642141
1692,6392,30.498046876458872,44.736328127139984,-969.0,293,5.979553116512742,72,0.2834112470030554
1692,6486,30.498046876458872,48.041015627298044,-1539.5,271,8.093886401961374,156,0.11088305729124782
1692,6580,30.498046876458872,51.34570312745615,-688.5,218,6.577347228893724,108,-0.030625827170898453
1692,6674,30.498046876458872,54.650390627614215,271.0,67,13.696673408525355,262,-1.2187752565929446
1692,6768,30.498046876458872,57.95507812777231,-1263.5,271,33.83047624068335,94,0.39078316856059275
1692,6862,30.498046876458872,61.25976562793038,-1090.5,271,15.494023408674968,267,-0.4316347701030624
1692,6956,30.498046876458872,64.56445312808847,-1240.0,136,5.425107534612119,14,-0.20486435171456666
1692,7050,30.498046876458872,67.86914062824654,-1350.5,67,2.0166780119974574,293,-0.1878070702671299
1692,7144,30.498046876458872,71.17382812840461,-942.5,1,9.743365347205868,125,0.6636390684024636
1692,7238,30.498046876458872,74.4785156285627,-1686.0,123,13.193295194091071,322,-0.38776320187547697
1692,7332,30.498046876458872,77.78320312872077,-1599.0,153,4.056877048218411,134,0.22856130306047723
1692,7426,30.498046876458872,81.08789062887887,-1520.0,67,8.206174918496814,195,-0.5971696835762754
1692,7520,30.498046876458872,84.39257812903693,-1191.5,67,7.812892898402021,230,0.239175677197496
1692,7614,30.498046876458872,87.69726562919503,439.5,90,3.103093459081631,253,-2.460413509931979
1692,7708,30.498046876458872,91.0019531293531,-623.5,247,5.720487964950971,50,0.14805975333717983
1692,7802,30.498046876458872,94.30664062951116,-663.0,106,7.750271566963328,286,0.22954077819164048
1692,7896,30.498046876458872,97.61132812966923,-2722.0,319,9.926876421517811,119,0.1857637821530312
1692,7990,30.498046876458872,100.91601562982733,-859.5,279,5.5233161710708805,24,-0.49243842378831704
1692,8084,30.498046876458872,104.22070312998542,-364.5,196,5.782697845446708,116,0.4132222386128879
1692,8178,30.498046876458872,107.52539063014352,-1241.0,68,3.6389741950014156,4,0.4952680270198003
1692,8272,30.498046876458872,110.83007813030156,20.0,101,1.1924089428941058,39,-0.8730785305648009
1692,8366,30.498046876458872,114.13476563045967,-556.0,271,14.182407187005786,178,-0.9317554844466603
1692,8460,30.498046876458872,117.43945313061775,585.5,247,4.505165433966939,1,-1.2541399505349595
1692,8554,30.498046876458872,120.74414063077586,-1503.5,67,21.11716976942384,210,0.19697748742618298
1692,8648,30.498046876458872,124.04882813093388,233.5,67,10.99071919806433,262,0.6623709087233881
1692,8742,30.498046876458872,127.353515631092,108.0,0,13.152555069718604,178,3.0706472224420107
1692,8836,30.498046876458872,130.65820313125008,-379.5,7,18.87159316483349,123,0.8279285599994534
1692,8930,30.498046876458872,133.9628906314081,2383.5,90,7.475201961939589,47,-0.485428146530441
1692,9024,30.498046876458872,137.2675781315662,2499.5,90,13.263216272009538,182,0.6431341071067903
1692,9118,30.498046876458872,140.57226563172432,1819.5,123,21.28959058169828,12,4.183915788120831
1692,9212,30.498046876458872,143.8769531318824,-1836.5,67,8.738665342218841,158,0.5656249246007238
1692,9306,30.498046876458872,147.18164063204043,-2493.5,303,3.4413494288392217,74,0.167228737248823
1692,9400,30.498046876458872,150.48632813219854,-2756.0,2,6.612012064496852,180,-0.0164889426531939
1692,9494,30.498046876458872,153.79101563235662,2864.0,90,8.822606285879205,249,-4.645565906153837
1692,9588,30.498046876458872,157.0957031325147,88.5,208,10.258011178197203,112,0.7188274381150864
1692,9682,30.498046876458872,160.40039063267278,2550.5,67,4.030968303309206,228,-2.2012730721867766
1692,9776,30.498046876458872,163.70507813283086,4094.5,271,5.268471604924065,68,-1.9288842042216696
1692,9870,30.498046876458872,167.00976563298897,2181.5,0,14.209332151075172,211,-0.8758574059734897
1692,9964,30.498046876458872,170.31445313314703,3844.0,90,15.12090730351469,303,-2.0969475019318526
1692,10058,30.498046876458872,173.6191406333051,2726.5,67,16.526265955086032,158,0.730455269724814
1692,10152,30.498046876458872,176.92382813346322,3951.5,181,3.103093459081631,15,-0.8266517364489694
1786,0,27.19335937630079,-179.98242188360948,2220.5,0,10.85126707975087,289,-9.691908616430986
1786,94,27.19335937630079,-176.67773438345142,5722.0,271,7.700388749918916,73,-2.0782251210156497
1786,188,27.19335937630079,-173.3730468832933,671.0,271,18.968471577971073,97,-0.12378309030393807
1786,282,27.19335937630079,-170.06835938313526,2457.5,286,11.294718238197126,138,-2.2204857839508967
1786,376,27.19335937630079,-166.76367188297715,1338.5,271,20.34035846214021,250,9.26542106148914
1786,470,27.19335937630079,-163.45898438281907,4143.0,130,10.661774503185411,254,-1.960956258038397
1786,564,27.19335937630079,-160.154296882661,5870.0,271,13.885812534094303,136,-1.9409862871005068
1786,658,27.19335937630079,-156.8496093825029,4550.0,0,7.5315207133414495,271,-0.40122781538314123
1786,752,27.19335937630079,-153.54492188234482,5525.0,0,4.32088292396442,105,-0.9251584549639783
1786,846,27.19335937630079,-150.24023438218674,5085.5,271,13.66962857084398,108,-0.6744286583518047
1786,940,27.19335937630079,-146.9355468820287,4568.0,279,11.214658214803526,88,-1.5256928216084262
1786,1034,27.19335937630079,-143.63085938187058,822.5,110,8.409294373558124,284,1.9539978553992574
1786,1128,27.19335937630079,-140.32617188171253,4648.0,271,12.118118821104098,103,-0.2957905152809352
1786,1222,27.19335937630079,-137.02148438155444,1084.0,72,35.17282065429321,235,1.781169966118466
1786,1316,27.19335937630079,-133.71679688139636,4548.0,271,10.437568855435638,113,-1.9081207427103066
1786,1410,27.19335937630079,-130.41210938123828,2955.0,252,14.666068616009236,110,2.095038256860081
1786,1504,27.19335937630079,-127.1074218810802,382.5,149,7.961803064013613,302,2.855808994134484
1786,1598,27.19335937630079,-123.80273438092212,1102.5,181,14.58560465637853,68,2.2281446944448318
1786,1692,27.19335937630079,-120.49804688076404,2683.0,90,5.097987255611695,355,-1.2603401046289904
1786,1786,27.19335937630079,-117.19335938060595,2225.0,0,7.108780507204559,126,-0.0164889426531939
1786,1880,27.19335937630079,-113.88867188044787,1571.0,271,8.093886401961374,77,-1.4272467691879815
1786,1974,27.19335937630079,-110.58398438028979,339.5,252,23.253787462576298,30,0.5605392220957798
1786,2068,27.19335937630079,-107.27929688013171,1980.5,225,5.2168299254033,123,-0.6205306802452856
1786,2162,27.19335937630079,-103.97460937997363,971.5,271,25.44100363369833,168,2.0816490226647826
1786,2256,27.19335937630079,-100.66992187981555,550.5,220,9.599961075563765,286,-0.08881575216816558
1786,2350,27.19335937630079,-97.36523437965747,614.0,212,14.75111360109023,350,-1.6301034875634202
1786,2444,27.19335937630079,-94.0605468794994,-488.0,147,5.051790113627538,1,0.6952621443264697
1786,2538,27.19335937630079,-90.75585937934132,-447.0,237,2.5557127563423943,329,-0.5811532054861092
1786,2632,27.19335937630079,-87.45117187918325,-70.0,19,6.115151447064684,180,-0.0164889426531939
1786,2726,27.19335937630079,-84.14648437902515,-332.5,252,5.097987255611695,95,-2.0712418934745593
1786,2820,27.19335937630079,-80.84179687886707,-1490.0,72,7.22158925113995,162,-0.2027650060434506
1786,2914,27.19335937630079,-77.53710937870899,-890.0,167,3.417864891970171,103,-1.3952055915159554
1786,3008,27.19335937630079,-74.23242187855091,-786.0,7,2.166049116012144,265,-1.558469223920498
1786,3102,27.19335937630079,-70.92773437839283,-1883.0,90,7.080569628285594,283,0.09810252004958105
1786,3196,27.19335937630079,-67.62304687823475,-2041.0,247,1.5760047294970612,75,-0.6384424904031575
1786,3290,27.19335937630079,-64.31835937807668,-2191.0,90,0.1553980143903291,303,-0.04233766217712529
1786,3384,27.19335937630079,-61.0136718779186,-2241.5,271,1.644636820700742,180,0.38241083677707793
1786,3478,27.19335937630079,-57.70898437776051,-2143.0,162,0.23051582978415863,4,-0.7062987687274388
1786,3572,27.19335937630079,-54.404296877602434,-1587.5,106,2.0602616077928415,333,-1.443252098439665
1786,3666,27.19335937630079,-51.09960937744435,-1177.0,209,5.195300414750543,342,-0.7595714278961606
1786,3760,27.19335937630079,-47.79492187728627,-1333.0,243,2.0600977548371295,356,-1.1413763286756786
1786,3854,27.19335937630079,-44.49023437712819,-1550.5,90,3.9877640709561657,180,0.6571523006269138
1786,3948,27.19335937630079,-41.185546876970115,-1537.5,220,7.705134835440907,15,-0.4434484912781834
1786,4042,27.19335937630079,-37.88085937681202,-1601.5,185,1.220018804030779,301,-0.4697192738573451
1786,4136,27.19335937630079,-34.57617187665396,-1391.0,72,8.878545736827244,252,-0.3316120276314915
1786,4230,27.19335937630079,-31.271484376495856,-1621.0,220,0.256108955677459,19,-0.2743178548766748
1786,4324,27.19335937630079,-27.966796876337792,-1672.0,271,0.24134063735884953,72,-0.2152445514870331
1786,4418,27.19335937630079,-24.662109376179693,-1814.0,301,3.6551402328264815,72,-0.22307338711811553
1786,4512,27.19335937630079,-21.357421876021625,-2009.0,155,1.1417570531326096,109,-0.1337046396174203
1786,4606,27.19335937630079,-18.052734375863558,-1941.0,209,1.8548637718284222,124,-0.3910704351281792
1786,4700,27.19335937630079,-14.748046875705464,-2272.0,107,1.5465543856503197,190,-0.0164889426531939
1786,4794,27.19335937630079,-11.443359375547397,-2216.0,243,1.3026765644060365,54,-0.3316120276314915
1786,4888,27.19335937630079,-8.1386718753893,-2041.0,72,1.3869866656583165,276,-0.25433038363833804
1786,4982,27.19335937630079,-4.833984375231233,-587.0,72,9.185905164842259,287,-0.4571866421641797
1786,5076,27.19335937630079,-1.5292968750731355,-2020.5,72,1.8449859319833835,278,-0.7505562081762451
1786,5170,27.19335937630079,1.775390625084931,-2032.5,104,2.5911769116636947,255,-0.202254734591979
1786,5264,27.19335937630079,5.080078125243029,-1801.5,90,18.42675425205015,271,0.9288100496939031
1786,5358,27.19335937630079,8.384765625401096,-2516.0,230,3.7078876359275834,7,-0.20849451019150156
1786,5452,27.19335937630079,11.689453125559162,-2618.5,90,1.1579168714425208,279,-0.2565609635238352
1786,5546,27.19335937630079,14.994140625717257,-2516.5,310,0.37591612652677614,181,-0.15225524448800637
1786,5640,27.19335937630079,18.298828125875325,-2539.5,77,0.3796019779254435,180,-0.0164889426531939
1786,5734,27.19335937630079,21.603515626033424,-2584.5,109,0.09810252004958105,332,-0.15906100551638094
1786,5828,27.19335937630079,24.90820312619149,-2726.5,72,0.6996735195140275,152,-0.07378468183348778
1786,5922,27.19335937630079,28.212890626349587,-2870.5,66,0.47183174762409197,150,-0.174117426766635
1786,6016,27.19335937630079,31.51757812650765,-1290.0,72,9.548460540704943,266,-2.369900659480852
1786,6110,27.19335937630079,34.822265626665754,-1059.5,252,8.374488499073847,16,0.058629714546718344
1786,6204,27.19335937630079,38.126953126823814,-1599.5,29,7.299768888813515,296,0.8761060465944095
1786,6298,27.19335937630079,41.43164062698188,-850.5,252,13.20892419365853,120,-0.962609767599682
1786,6392,27.19335937630079,44.736328127139984,-1331.5,281,4.831343823387092,44,0.17601990326023786
1786,6486,27.19335937630079,48.041015627298044,-855.5,72,12.33765765917867,150,-0.7948819543672885
1786,6580,27.19335937630079,51.34570312745615,-625.0,72,3.674044758311223,252,-0.3032111075812298
1786,6674,27.19335937630079,54.650390627614215,-3071.0,253,5.630006977546938,86,0.26882880903975137
1786,6768,27.19335937630079,57.95507812777231,-950.0,90,18.377117508374717,282,-1.9779271052063894
1786,6862,27.19335937630079,61.25976562793038,-2258.0,21,8.359654410193132,229,1.3371593521084408
1786,6956,27.19335937630079,64.56445312808847,-2010.0,271,21.861259211040036,191,3.045962507179206
1786,7050,27.19335937630079,67.86914062824654,-253.0,136,7.348869176516152,64,-0.5344717681337522
1786,7144,27.19335937630079,71.17382812840461,-1281.0,345,6.732704857565163,203,0.41105735240257996
1786,7238,27.19335937630079,74.4785156285627,-188.0,158,6.9905157925906485,342,-0.5397308997502311
1786,7332,27.19335937630079,77.78320312872077,59.0,252,12.664688111448994,14,-2.352940500575661
1786,7426,27.19335937630079,81.08789062887887,-1453.5,181,11.732954578768124,42,-0.6999087266788817
1786,7520,27.19335937630079,84.39257812903693,-1352.5,103,6.857518727453438,306,-0.7485109118883035
1786,7614,27.19335937630079,87.69726562919503,320.5,321,8.771747866990795,110,-0.0164889426531939
1786,7708,27.19335937630079,91.0019531293531,-816.0,327,9.169025764856858,124,-2.3426873323370407
1786,7802,27.19335937630079,94.30664062951116,-2842.5,59,5.148637698052711,271,0.7361446317417328
1786,7896,27.19335937630079,97.61132812966923,-2859.0,262,9.513962083852865,35,0.8154054037783721
1786,7990,27.19335937630079,100.91601562982733,-163.5,287,2.5753955121437073,108,-0.7701851177167122
1786,8084,27.19335937630079,104.22070312998542,-58.5,90,3.5884458503749164,267,-1.0691073023852664
1786,8178,27.19335937630079,107.52539063014352,-538.0,72,4.512682168213495,351,0.7018841728387292
1786,8272,27.19335937630079,110.83007813030156,-624.0,1,4.2727562657268425,186,-0.0164889426531939
1786,8366,27.19335937630079,114.13476563045967,481.5,72,4.558199566458463,252,-0.8787871339239047
1786,8460,27.19335937630079,117.43945313061775,-1558.5,149,22.031262557461627,356,2.8702451798137747
1786,8554,27.19335937630079,120.74414063077586,801.5,0,3.41720028437403,252,-0.9624910807124927
1786,8648,27.19335937630079,124.04882813093388,1661.0,109,3.0745287480808816,354,-1.787388683686666
1786,8742,27.19335937630079,127.353515631092,526.5,289,13.58845683154015,83,-0.5949071627275716
1786,8836,27.19335937630079,130.65820313125008,1248.5,271,11.541803060065936,167,-0.0164889426531939
1786,8930,27.19335937630079,133.9628906314081,3240.0,90,33.1932016406123,272,-1.9466932213440722
1786,9024,27.19335937630079,137.2675781315662,3322.5,339,5.668622853618897,44,0.27049085768889386
1786,9118,27.19335937630079,140.57226563172432,493.5,271,24.42812889750277,50,-2.469945660987224
1786,9212,27.19335937630079,143.8769531318824,-1014.0,271,29.821861540775433,107,-2.9110414790221895
1786,9306,27.19335937630079,147.18164063204043,-3181.0,286,2.7593899373194075,123,-0.10243250324721362
1786,9400,27.19335937630079,150.48632813219854,-3003.0,46,1.9887312727925237,255,-0.5631097803747004
1786,9494,27.19335937630079,153.79101563235662,-2296.0,90,17.729713061656827,288,-1.5953001447262551
1786,9588,27.19335937630079,157.0957031325147,890.0,271,14.58560465637853,123,1.2846097473311708
1786,9682,27.19335937630079,160.40039063267278,-1936.0,271,22.962966724042857,143,9.511136083232625
1786,9776,27.19335937630079,163.70507813283086,-667.5,72,14.10159395390758,0,4.688044560300807
1786,9870,27.19335937630079,167.00976563298897,2684.5,289,7.615971368937222,255,-0.1597279781031847
1786,9964,27.19335937630079,170.31445313314703,3841.0,271,11.706711768300364,96,-2.8486653438712435
1786,10058,27.19335937630079,173.6191406333051,1976.0,90,13.263216272009538,260,0.43297161750229557
1786,10152,27.19335937630079,176.92382813346322,724.5,0,7.299768888813515,184,-0.24273722591714722
1880,0,23.88867187614272,-179.98242188360948,834.0,30,8.652570589261106,210,-18.355213916758935
1880,94,23.88867187614272,-176.67773438345142,2798.0,19,12.633291555051255,265,-2.6794862256353946
1880,188,23.88867187614272,-173.3730468832933,1479.0,258,26.73495373245319,31,0.3572002934288708
1880,282,23.88867187614272,-170.06835938313526,1958.5,90,13.993753874730215,329,0.184156876443259
1880,376,23.88867187614272,-166.76367188297715,1983.5,90,8.766649875895206,282,-1.1191952309292001
1880,470,23.88867187614272,-163.45898438281907,3097.5,181,10.104724934112008,318,2.0452899197242504
1880,564,23.88867187614272,-160.154296882661,5870.0,258,6.91123233878236,88,-0.1996584592451833
1880,658,23.88867187614272,-156.8496093825029,2957.0,271,36.472264435407396,53,1.2731235028385037
1880,752,23.88867187614272,-153.54492188234482,4934.0,271,23.951376951171966,94,0.15811228022056603
1880,846,23.88867187614272,-150.24023438218674,4821.5,258,8.514638823803095,6,2.4198098469186
1880,940,23.88867187614272,-146.9355468820287,4951.0,78,14.746473471929342,265,-0.32255263799030487
1880,1034,23.88867187614272,-143.63085938187058,4640.0,329,3.802346877149664,68,-0.0164889426531939
1880,1128,23.88867187614272,-140.32617188171253,5224.5,180,8.62668530580771,83,-0.2656300236623965
1880,1222,23.88867187614272,-137.02148438155444,1912.5,258,5.807707883886724,332,0.8680245814345251
1880,1316,23.88867187614272,-133.71679688139636,2935.0,78,38.61478929843491,271,-1.97339841201208
1880,1410,23.88867187614272,-130.41210938123828,4004.0,288,3.3320555966336665,98,-0.8694037048174872
1880,1504,23.88867187614272,-127.1074218810802,1344.0,329,20.964887398802528,155,10.637484454956892
1880,1598,23.88867187614272,-123.80273438092212,2603.5,271,14.316967849735635,78,-0.36039356912847853
1880,1692,23.88867187614272,-120.49804688076404,2553.0,210,2.496449361440742,278,-0.7117723694446267
1880,1786,23.88867187614272,-117.19335938060595,738.5,90,13.073088473306829,232,0.24499640575144346
1880,1880,23.88867187614272,-113.88867188044787,1787.0,303,13.100900348046782,148,-2.389934841415735
1880,1974,23.88867187614272,-110.58398438028979,1167.0,78,8.822606285879205,293,0.21165301638796472
1880,2068,23.88867187614272,-107.27929688013171,-102.5,303,17.821240462221986,103,7.2701077019500415
1880,2162,23.88867187614272,-103.97460937997363,938.0,303,2.4678552042195485,109,-0.357825200041436
1880,2256,23.88867187614272,-100.66992187981555,-1499.5,30,8.791124431181252,228,0.8339649307445706
1880,2350,23.88867187614272,-97.36523437965747,605.5,78,8.542656629956006,258,-0.8621742241172976
1880,2444,23.88867187614272,-94.0605468794994,-463.0,242,3.577821971334787,70,-0.8283207739679241
1880,2538,23.88867187614272,-90.75585937934132,-758.0,78,10.824986930523496,250,0.2986351398758206
1880,2632,23.88867187614272,-87.45117187918325,287.5,230,9.327170889599605,21,0.055617787233307764
1880,2726,23.88867187614272,-84.14648437902515,-1012.0,237,5.0238921664757274,309,-0.0164889426531939
1880,2820,23.88867187614272,-80.84179687886707,-1344.0,78,5.012710937058842,291,0.41105735240257996
1880,2914,23.88867187614272,-77.53710937870899,-1350.5,1,1.4156174221780642,258,-0.40972346534092396
1880,3008,23.88867187614272,-74.23242187855091,-1901.5,258,41.91470989051645,58,3.422015998669555
1880,3102,23.88867187614272,-70.92773437839283,-1701.5,97,8.148662269735075,141,1.0147289825611197
1880,3196,23.88867187614272,-67.62304687823475,-2099.5,111,0.6124656078453237,258,-0.04513682352753223
1880,3290,23.88867187614272,-64.31835937807668,-2275.0,258,0.13890918016052778,41,-0.08244465864082182
1880,3384,23.88867187614272,-61.0136718779186,-2229.0,90,0.3559290451501516,1,-0.07378468183348778
1880,3478,23.88867187614272,-57.70898437776051,-2234.0,246,0.7952667138788815,156,-0.28609232749434343
1880,3572,23.88867187614272,-54.404296877602434,-1843.5,283,1.5873866130438163,271,-0.24783551368324835
1880,3666,23.88867187614272,-51.09960937744435,-656.5,41,4.458330520832186,227,-0.7217366315437458
1880,3760,23.88867187614272,-47.79492187728627,-2644.0,303,19.109863630978644,112,3.4611346326927004
1880,3854,23.88867187614272,-44.49023437712819,-1425.5,1,0.5026591298642141,271,-0.05879377935837255
1880,3948,23.88867187614272,-41.185546876970115,-1320.5,30,0.6115764056464591,129,-0.8696919720928776
1880,4042,23.88867187614272,-37.88085937681202,-1532.0,30,0.45402673603294263,136,0.055065138335702764
1880,4136,23.88867187614272,-34.57617187665396,-1380.5,325,0.48041718294554747,165,-0.43836978534267096
1880,4230,23.88867187614272,-31.271484376495856,-1349.5,103,0.47051460570361553,78,-0.1883756028984613
1880,4324,23.88867187614272,-27.966796876337792,-1428.5,231,1.1111945416558169,78,-0.546523953706651
1880,4418,23.88867187614272,-24.662109376179693,-1666.0,162,0.5234763998392604,78,-0.20486435171456666
1880,4512,23.88867187614272,-21.357421876021625,-1847.5,8,0.6313805936849277,55,-0.10676248527482084
1880,4606,23.88867187614272,-18.052734375863558,-1979.5,235,0.46923899693306687,28,-0.27365089237951057
1880,4700,23.88867187614272,-14.748046875705464,-2202.0,210,0.442535470634937,1,-0.1597279781031847
1880,4794,23.88867187614272,-11.443359375547397,-2169.0,271,0.5829316292765947,1,-0.19054057745622507
1880,4888,23.88867187614272,-8.1386718753893,-1873.0,44,1.797232519564597,316,-0.4175520074876181
1880,4982,23.88867187614272,-4.833984375231233,-1648.5,77,5.402548539053031,171,-0.6180421093130138
1880,5076,23.88867187614272,-1.5292968750731355,-1604.0,30,9.991522676079093,261,-0.7795717709214602
1880,5170,23.88867187614272,1.775390625084931,-2053.5,192,29.006662308976686,306,1.1700708004881895
1880,5264,23.88867187614272,5.080078125243029,-279.5,277,8.722921814021069,124,-1.297593141717748
1880,5358,23.88867187614272,8.384765625401096,-2545.0,307,1.8879377251908744,1,-0.03991752628130603
1880,5452,23.88867187614272,11.689453125559162,-2617.5,78,1.902220460712164,281,-0.18908791751179918
1880,5546,23.88867187614272,14.994140625717257,-2600.5,181,0.2986351398758206,30,-0.0164889426531939
1880,5640,23.88867187614272,18.298828125875325,-2656.5,258,0.2613281493800902,51,-0.202254734591979
1880,5734,23.88867187614272,21.603515626033424,-2626.0,1,0.2986351398758206,180,0.012158946465612564
1880,5828,23.88867187614272,24.90820312619149,-2721.5,324,1.9407369140615203,180,-0.43194078750682446
1880,5922,23.88867187614272,28.212890626349587,-2965.0,90,1.6539080968279112,30,-0.08027966477667671
1880,6016,23.88867187614272,31.51757812650765,-1125.5,221,3.57766313808028,50,-0.4796488521310674
1880,6110,23.88867187614272,34.822265626665754,-2125.5,136,14.348759543147064,286,0.08444558764269064
1880,6204,23.88867187614272,38.126953126823814,-664.5,90,18.40291407438415,258,-0.7928617688424184
1880,6298,23.88867187614272,41.43164062698188,323.5,101,3.601442800158214,58,-1.5624206149378703
1880,6392,23.88867187614272,44.736328127139984,-1132.5,340,1.2218268198595124,234,-0.1883756028984613
1880,6486,23.88867187614272,48.041015627298044,-1252.5,206,7.545781950863703,141,-1.3429753283116554
1880,6580,23.88867187614272,51.34570312745615,-2291.0,23,6.807307526675519,221,-0.2741483724107476
1880,6674,23.88867187614272,54.650390627614215,291.0,281,7.956869718014438,117,-1.2195161191615393
1880,6768,23.88867187614272,57.95507812777231,-1653.5,271,18.144601891176872,102,0.31346157439772065
1880,6862,23.88867187614272,61.25976562793038,-3388.0,25,7.059819135626321,204,0.24145186080077125
1880,6956,23.88867187614272,64.56445312808847,-4841.0,258,14.910903112194454,56,5.070186677044643
1880,7050,23.88867187614272,67.86914062824654,-972.0,316,13.65652368833881,126,-1.4034366414195436
1880,7144,23.88867187614272,71.17382812840461,-230.5,90,17.703718115246325,304,-0.0164889426531939
1880,7238,23.88867187614272,74.4785156285627,301.5,271,14.04768661088053,88,-1.1640901404925788
1880,7332,23.88867187614272,77.78320312872077,277.0,90,18.144601891176872,277,1.5185674237290723
1880,7426,23.88867187614272,81.08789062887887,301.0,258,7.2363428015246445,85,-2.105693971268797
1880,7520,23.88867187614272,84.39257812903693,-360.5,344,2.111672705066191,78,-1.4957139485504671
1880,7614,23.88867187614272,87.69726562919503,-2033.0,258,13.912807328426567,0,3.1823033336334383
1880,7708,23.88867187614272,91.0019531293531,148.5,30,14.180372134823319,280,-2.562722629707141
1880,7802,23.88867187614272,94.30664062951116,-3061.0,90,22.377563431797814,283,2.1603932339892498
1880,7896,23.88867187614272,97.61132812966923,-365.0,271,6.176070930209212,190,-1.1608304652585635
1880,7990,23.88867187614272,100.91601562982733,-787.0,103,5.75099309027396,12,-0.13108027344497347
1880,8084,23.88867187614272,104.22070312998542,-1058.0,103,2.33135052675415,205,-0.6092368901732014
1880,8178,23.88867187614272,107.52539063014352,-671.0,271,5.268471604924065,95,0.33250130142720086
1880,8272,23.88867187614272,110.83007813030156,-1423.5,175,4.9629689290675225,353,0.6520369330099625
1880,8366,23.88867187614272,114.13476563045967,-3566.0,90,30.782773551270257,64,10.393907312060932
1880,8460,23.88867187614272,117.43945313061775,-713.0,41,14.181208065730866,190,0.5257533319803173
1880,8554,23.88867187614272,120.74414063077586,-1139.5,90,42.51186511982495,284,11.222305066041432
1880,8648,23.88867187614272,124.04882813093388,1060.0,271,10.963110003696954,30,-1.228459596531295
1880,8742,23.88867187614272,127.353515631092,1049.0,271,9.26963875800832,78,0.10444414774976535
1880,8836,23.88867187614272,130.65820313125008,-1412.5,22,10.742393482231208,208,1.426254186457026
1880,8930,23.88867187614272,133.9628906314081,1330.5,79,7.3258539724771605,253,1.6652744672851731
1880,9024,23.88867187614272,137.2675781315662,4918.5,90,17.62568811586065,275,-2.0782251210156497
1880,9118,23.88867187614272,140.57226563172432,2401.5,258,14.692876814162016,102,-2.4294274284392468
1880,9212,23.88867187614272,143.8769531318824,475.5,123,15.73117064996669,78,-3.7844653024541435
1880,9306,23.88867187614272,147.18164063204043,-2980.5,103,7.7566483468017635,0,-0.0164889426531939
1880,9400,23.88867187614272,150.48632813219854,-1716.5,90,7.728520422618913,271,-0.7178800224599239
1880,9494,23.88867187614272,153.79101563235662,996.0,90,8.009628871694972,258,-2.650203141902745
1880,9588,23.88867187614272,157.0957031325147,115.5,316,8.070920938840885,43,-0.7549922590922551
1880,9682,23.88867187614272,160.40039063267278,1826.5,48,1.3635825585739803,328,-2.4812107811107693
1880,9776,23.88867187614272,163.70507813283086,2131.0,228,4.821420621958228,82,-0.056331921111623544
1880,9870,23.88867187614272,167.00976563298897,1995.0,271,11.376700269554357,132,-2.097087701008296
1880,9964,23.88867187614272,170.31445313314703,852.0,258,18.814603655608128,33,-0.41909858790483734
1880,10058,23.88867187614272,173.6191406333051,1200.0,90,9.687701287027865,275,0.34631649573506956
1880,10152,23.88867187614272,176.92382813346322,263.5,234,8.9057134558971,0,-0.0164889426531939
1974,0,20.583984375984635,-179.98242188360948,476.0,64,4.566653206093219,210,-1.1336087017784315
1974,94,20.583984375984635,-176.67773438345142,1622.0,30,8.206828306531456,116,1.8313430166140314
1974,188,20.583984375984635,-173.3730468832933,1753.5,90,16.260614498585927,219,1.4971783601195714
1974,282,20.583984375984635,-170.06835938313526,2457.5,251,4.982259306735387,42,-0.12119217702662051
1974,376,20.583984375984635,-166.76367188297715,3330.5,90,18.660453644558203,0,-0.0164889426531939
1974,470,20.583984375984635,-163.45898438281907,4794.0,267,15.680079622815848,0,3.575506565146543
1974,564,20.583984375984635,-160.154296882661,6828.0,87,9.771190421107603,210,-0.5343004686027628
1974,658,20.583984375984635,-156.8496093825029,5309.0,57,8.813338285845386,227,-1.2162483333077223
1974,752,20.583984375984635,-153.54492188234482,5553.5,87,27.438890547530683,311,1.7801009699101413
1974,846,20.583984375984635,-150.24023438218674,5161.0,271,19.351897851343708,88,-1.3102537667977825
1974,940,20.583984375984635,-146.9355468820287,4336.0,90,13.696673408525355,303,0.076426355879281
1974,1034,20.583984375984635,-143.63085938187058,4271.0,324,22.0958664053861,182,0.6835453303769585
1974,1128,20.583984375984635,-140.32617188171253,4697.0,90,38.4570318840039,285,-0.0164889426531939
1974,1222,20.583984375984635,-137.02148438155444,4554.5,151,15.53191120966033,26,-2.6434917247826966
1974,1316,20.583984375984635,-133.71679688139636,1660.0,90,33.810703384723794,326,-0.0164889426531939
1974,1410,20.583984375984635,-130.41210938123828,3777.0,251,4.352628102338574,18,-0.5992678222037929
1974,1504,20.583984375984635,-127.1074218810802,2521.0,113,7.766075483679826,284,2.400686873221859
1974,1598,20.583984375984635,-123.80273438092212,2936.5,90,9.38122138554248,341,-0.3237833335503099
1974,1692,20.583984375984635,-120.49804688076404,2651.0,267,11.624281823987335,147,-0.3146132349562595
1974,1786,20.583984375984635,-117.19335938060595,2653.0,271,26.022195391625935,122,-0.9902471487025534
1974,1880,20.583984375984635,-113.88867188044787,2235.0,220,5.603190487549113,21,-1.9299452263031356
1974,1974,20.583984375984635,-110.58398438028979,1522.5,90,24.712464865407288,273,-1.2419653467755092
1974,2068,20.583984375984635,-107.27929688013171,1141.5,267,15.467416485018346,1,1.2787518496490113
1974,2162,20.583984375984635,-103.97460937997363,1653.5,267,15.440802721668627,134,-1.2195161191615393
1974,2256,20.583984375984635,-100.66992187981555,523.0,1,3.90222721249301,299,-0.0164889426531939
1974,2350,20.583984375984635,-97.36523437965747,-883.0,267,26.437126024700845,23,3.3591713361526825
1974,2444,20.583984375984635,-94.0605468794994,735.5,87,3.50349538723921,303,-0.0164889426531939
1974,2538,20.583984375984635,-90.75585937934132,-1543.5,201,6.913797613287443,0,1.5594267970726319
1974,2632,20.583984375984635,-87.45117187918325,993.0,271,15.600382529922877,58,-1.4565863442975078
1974,2726,20.583984375984635,-84.14648437902515,-1398.5,140,10.796659650367204,0,3.6780955301485974
1974,2820,20.583984375984635,-80.84179687886707,-1321.5,229,2.834995097018099,98,-0.302965016991789
1974,2914,20.583984375984635,-77.53710937870899,-1281.0,271,1.5258293850814162,92,-0.34053563965388056
1974,3008,20.583984375984635,-74.23242187855091,-793.5,30,6.7565575085357485,200,-1.667987624437768
1974,3102,20.583984375984635,-70.92773437839283,-1935.5,342,1.3983078783828313,90,-0.04513682352753223
1974,3196,20.583984375984635,-67.62304687823475,-2028.5,42,4.277946558739806,244,-0.3825748944494327
1974,3290,20.583984375984635,-64.31835937807668,-2025.5,90,2.474338125110373,267,-0.04463391107137245
1974,3384,20.583984375984635,-61.0136718779186,-2199.0,316,0.151068048902467,108,-0.3482316376266468
1974,3478,20.583984375984635,-57.70898437776051,-2172.0,90,0.2986351398758206,0,-0.0164889426531939
1974,3572,20.583984375984635,-54.404296877602434,-1974.0,0,0.0701216689000865,222,-0.3237833335503099
1974,3666,20.583984375984635,-51.09960937744435,-1775.5,318,0.43792562455778233,222,-0.07378468183348778
1974,3760,20.583984375984635,-47.79492187728627,-1634.0,90,0.4991604435620202,271,-0.03686322575814927
1974,3854,20.583984375984635,-44.49023437712819,-1593.5,42,0.48528217489601116,203,-0.19452235857795708
1974,3948,20.583984375984635,-41.185546876970115,-1436.0,267,1.0147289825611197,1,-0.2743178548766748
1974,4042,20.583984375984635,-37.88085937681202,-1391.0,65,0.8527880298922409,316,-0.0164889426531939
1974,4136,20.583984375984635,-34.57617187665396,-1241.5,87,4.999157955777483,271,-0.5603167584578125
1974,4230,20.583984375984635,-31.271484376495856,-1010.0,90,4.614466291156039,267,-0.8018079809220944
1974,4324,20.583984375984635,-27.966796876337792,-1209.0,161,6.332203694492146,0,-0.0164889426531939
1974,4418,20.583984375984635,-24.662109376179693,-1510.5,138,0.762961780462565,189,-0.24229038356438817
1974,4512,20.583984375984635,-21.357421876021625,-1662.5,90,4.370171327690835,277,-0.0164889426531939
1974,4606,20.583984375984635,-18.052734375863558,-1766.5,94,0.4991604435620202,210,-0.0473018203485757
1974,4700,20.583984375984635,-14.748046875705464,-1765.5,303,0.3251172462729413,162,-0.48225186060194536
1974,4794,20.583984375984635,-11.443359375547397,-1972.0,140,3.245183533929332,271,-0.18398209545022282
1974,4888,20.583984375984635,-8.1386718753893,-1952.0,243,1.124477373996491,87,-0.4655658230715791
1974,4982,20.583984375984635,-4.833984375231233,-1917.5,120,3.635473906758185,200,-0.06595574330018954
1974,5076,20.583984375984635,-1.5292968750731355,340.5,94,32.607543938344,0,-0.0164889426531939
1974,5170,20.583984375984635,1.775390625084931,-498.0,24,8.719009549413054,96,0.26259645237078266
1974,5264,20.583984375984635,5.080078125243029,-786.5,267,5.070226082460216,134,-0.3411027361744841
1974,5358,20.583984375984635,8.384765625401096,880.0,291,0.7335354109181905,90,-3.489388173102126
1974,5452,20.583984375984635,11.689453125559162,-2498.5,213,2.506315387202887,58,-0.24045134941420854
1974,5546,20.583984375984635,14.994140625717257,-2653.5,352,0.14650064246315642,181,-0.13108027344497347
1974,5640,20.583984375984635,18.298828125875325,-2696.0,343,0.936350321715921,97,-0.07378468183348778
1974,5734,20.583984375984635,21.603515626033424,-2729.0,327,0.14444430130330804,90,-0.3051299542551966
1974,5828,20.583984375984635,24.90820312619149,-2843.0,290,0.7244904915738571,90,-0.1883756028984613
1974,5922,20.583984375984635,28.212890626349587,-3048.0,157,5.905752893236683,13,-0.05312983280852982
1974,6016,20.583984375984635,31.51757812650765,-1460.0,94,12.50095848683653,288,-0.0164889426531939
1974,6110,20.583984375984635,34.822265626665754,-1418.0,114,3.6363521268280703,65,-0.0164889426531939
1974,6204,20.583984375984635,38.126953126823814,-1217.5,158,3.1314578879749555,0,-0.0164889426531939
1974,6298,20.583984375984635,41.43164062698188,-774.0,187,5.743300323339773,88,-0.3465730631326596
1974,6392,20.583984375984635,44.736328127139984,-336.5,87,7.5997714406916685,240,-0.18617101247832515
1974,6486,20.583984375984635,48.041015627298044,-460.0,241,8.436755586718297,133,-0.721861097649069
1974,6580,20.583984375984635,51.34570312745615,-1452.0,267,32.424211499189695,73,3.6347322382100904
1974,6674,20.583984375984635,54.650390627614215,-3469.5,343,2.1471046271348726,87,-0.21121251111096356
1974,6768,20.583984375984635,57.95507812777231,-3501.5,332,0.4071854398896868,159,-0.4032944202862177
1974,6862,20.583984375984635,61.25976562793038,-3559.5,61,0.8106369959394215,111,-0.5303572034490408
1974,6956,20.583984375984635,64.56445312808847,-3250.0,349,4.21876481460799,161,0.3272821743290598
1974,7050,20.583984375984635,67.86914062824654,-2447.5,90,37.89048960702797,267,-0.1304132991694267
1974,7144,20.583984375984635,71.17382812840461,-1271.0,267,13.236073258006522,303,-0.0164889426531939
1974,7238,20.583984375984635,74.4785156285627,533.5,87,9.49273225632738,234,0.1868447858335961
1974,7332,20.583984375984635,77.78320312872077,-1918.0,247,6.274644111136515,69,-0.1990898925456055
1974,7426,20.583984375984635,81.08789062887887,-2115.0,17,16.88603020116551,201,-0.08327569963539176
1974,7520,20.583984375984635,84.39257812903693,-1779.5,87,29.039569498573435,298,2.443418189428391
1974,7614,20.583984375984635,87.69726562919503,-18.0,0,3.472132030808046,200,-2.7887835307566746
1974,7708,20.583984375984635,91.0019531293531,-2150.0,235,6.266070541703385,289,2.896599083819578
1974,7802,20.583984375984635,94.30664062951116,-773.0,312,7.49550630261,167,-0.7491324388687967
1974,7896,20.583984375984635,97.61132812966923,-1236.0,267,4.557536800563778,87,-0.9447097965623853
1974,7990,20.583984375984635,100.91601562982733,-1482.5,271,1.8376869646007323,175,-0.024259630914231393
1974,8084,20.583984375984635,104.22070312998542,-1164.5,118,1.048491305764012,215,-0.48573415933397124
1974,8178,20.583984375984635,107.52539063014352,-1038.5,42,6.831663490440135,238,0.870253016421148
1974,8272,20.583984375984635,110.83007813030156,-217.0,137,0.5819011768152323,229,-1.2536299170561578
1974,8366,20.583984375984635,114.13476563045967,204.0,180,6.204385722717792,12,-1.3710526375946412
1974,8460,20.583984375984635,117.43945313061775,-3062.0,273,8.620091208268061,94,2.6028565536211854
1974,8554,20.583984375984635,120.74414063077586,1139.0,180,6.324996536357221,264,-2.2804360818635216
1974,8648,20.583984375984635,124.04882813093388,1195.0,271,4.7282977734306275,2,-1.0107218876877153
1974,8742,20.583984375984635,127.353515631092,1330.5,267,4.030968303309206,155,0.28768163855269197
1974,8836,20.583984375984635,130.65820313125008,1135.0,181,11.302032889816395,284,1.153331147059637
1974,8930,20.583984375984635,133.9628906314081,1523.5,90,28.378459321963323,330,3.021887028943028
1974,9024,20.583984375984635,137.2675781315662,947.0,90,17.3911934294443,310,3.490748797676014
1974,9118,20.583984375984635,140.57226563172432,3648.0,94,9.130060751080341,93,-1.7301305982152677
1974,9212,20.583984375984635,143.8769531318824,1950.0,166,9.136232173116984,349,-2.0210026348415036
1974,9306,20.583984375984635,147.18164063204043,188.5,87,17.286779767648436,0,-0.0164889426531939
1974,9400,20.583984375984635,150.48632813219854,885.5,200,11.54204091455052,277,1.3405041253207792
1974,9494,20.583984375984635,153.79101563235662,1804.5,210,6.49361417350919,74,-1.2394667949900804
1974,9588,20.583984375984635,157.0957031325147,155.0,267,17.729713061656827,10,0.2941994580878165
1974,9682,20.583984375984635,160.40039063267278,-554.0,42,15.333092961531994,304,0.6427756266292647
1974,9776,20.583984375984635,163.70507813283086,2612.5,90,20.9174667462365,337,1.1152859347408108
1974,9870,20.583984375984635,167.00976563298897,234.5,267,13.398840231903758,30,2.376794749443502
1974,9964,20.583984375984635,170.31445313314703,414.5,90,14.290068567867493,326,0.12741727337469297
1974,10058,20.583984375984635,173.6191406333051,-291.5,18,5.011178497786871,144,-2.574803865298037
1974,10152,20.583984375984635,176.92382813346322,-170.5,267,17.23452844254904,30,0.4163272736507671
2068,0,17.279296875826553,-179.98242188360948,417.5,175,4.717141349381582,211,-0.4175520074876181
2068,94,17.279296875826553,-176.67773438345142,1048.5,257,6.545677646950373,338,-0.0164889426531939
2068,188,17.279296875826553,-173.3730468832933,3562.0,291,6.401116316512928,129,0.14885552271007163
2068,282,17.279296875826553,-170.06835938313526,4196.0,90,15.97176845483565,316,0.7404739092562399
2068,376,17.279296875826553,-166.76367188297715,2696.0,325,12.667004871211116,117,1.3000167264314446
2068,470,17.279296875826553,-163.45898438281907,5469.5,181,9.29754109959838,6,-0.0164889426531939
2068,564,17.279296875826553,-160.154296882661,2904.0,31,27.707306796071443,271,10.929234265866853
2068,658,17.279296875826553,-156.8496093825029,4632.5,153,6.665161919251185,38,1.5039374863750874
2068,752,17.279296875826553,-153.54492188234482,4973.5,90,13.018712189959022,271,-0.0164889426531939
2068,846,17.279296875826553,-150.24023438218674,2160.0,221,6.413619427520395,90,0.38457573801821127
2068,940,17.279296875826553,-146.9355468820287,3580.5,43,13.863731190073104,271,-0.0164889426531939
2068,1034,17.279296875826553,-143.63085938187058,4628.5,0,2.8108998552000273,57,-0.0164889426531939
2068,1128,17.279296875826553,-140.32617188171253,4175.0,86,10.480639033909448,250,2.5249718752495607
2068,1222,17.279296875826553,-137.02148438155444,6131.0,303,5.947302932463298,219,-2.0733718555869305
2068,1316,17.279296875826553,-133.71679688139636,1232.5,20,5.549052167818295,68,1.1268519106676433
2068,1410,17.279296875826553,-130.41210938123828,3998.5,257,7.720890126276839,20,-0.48988170728169717
2068,1504,17.279296875826553,-127.1074218810802,-984.0,223,28.94127631995313,74,3.4460982238729563
2068,1598,17.279296875826553,-123.80273438092212,4496.0,90,6.018144599670293,312,-2.3891873235448933
2068,1692,17.279296875826553,-120.49804688076404,1379.0,333,11.058490800237248,177,-0.13172817122146596
2068,1786,17.279296875826553,-117.19335938060595,2604.0,271,9.826826596734136,212,-0.6000093861536433
2068,1880,17.279296875826553,-113.88867188044787,2708.5,180,31.433783067022556,63,-0.805508582268928
2068,1974,17.279296875826553,-110.58398438028979,139.0,244,8.211195815161053,150,4.329729748609331
2068,2068,17.279296875826553,-107.27929688013171,964.5,0,3.971354545977276,199,-0.6955405041323066
2068,2162,17.279296875826553,-103.97460937997363,1388.0,250,16.79398787279381,0,-0.0164889426531939
2068,2256,17.279296875826553,-100.66992187981555,1069.5,106,7.6558965267834935,256,-1.461404982146122
2068,2350,17.279296875826553,-97.36523437965747,339.0,288,6.417145412347044,203,-1.192060266136942
2068,2444,17.279296875826553,-94.0605468794994,-350.5,271,22.52495134218035,155,0.4298644413523201
2068,2538,17.279296875826553,-90.75585937934132,-1263.5,223,14.956554057995628,67,1.9815778944993208
2068,2632,17.279296875826553,-87.45117187918325,12.0,211,6.65486372651278,128,-0.5473268653319061
2068,2726,17.279296875826553,-84.14648437902515,-1492.0,75,6.492059143624583,301,2.482563887763636
2068,2820,17.279296875826553,-80.84179687886707,-1249.0,223,10.42414450730733,116,-0.8401422489849651
2068,2914,17.279296875826553,-77.53710937870899,-1599.5,207,4.948134875110634,131,-0.2670977826922493
2068,3008,17.279296875826553,-74.23242187855091,-1578.0,123,2.322361356491496,303,-0.209194291639503
2068,3102,17.279296875826553,-70.92773437839283,-1888.5,248,1.723113627898767,0,-0.0164889426531939
2068,3196,17.279296875826553,-67.62304687823475,-1965.5,230,0.3780810310251796,53,-0.38973654156300186
2068,3290,17.279296875826553,-64.31835937807668,-2097.0,271,0.1620397096994972,131,-0.10243250324721362
2068,3384,17.279296875826553,-61.0136718779186,-2083.0,234,0.48883913250311106,90,-0.1883756028984613
2068,3478,17.279296875826553,-57.70898437776051,-2143.5,31,0.13890918016052778,238,-0.0902735910306702
2068,3572,17.279296875826553,-54.404296877602434,-2082.0,283,0.8144927642745212,31,0.41105735240257996
2068,3666,17.279296875826553,-51.09960937744435,-1725.0,211,1.42776888409951,33,-0.5774323062329978
2068,3760,17.279296875826553,-47.79492187728627,-1729.0,324,0.7934301986592969,190,0.009228531599106348
2068,3854,17.279296875826553,-44.49023437712819,-1643.0,9,1.0017430152455626,90,-0.004329996452023693
2068,3948,17.279296875826553,-41.185546876970115,-1577.0,225,1.7402940230691972,0,-0.0164889426531939
2068,4042,17.279296875826553,-37.88085937681202,-1421.0,31,0.06728969699399762,230,-0.202254734591979
2068,4136,17.279296875826553,-34.57617187665396,-1206.0,90,3.1939813959309333,180,-0.23351182161841383
2068,4230,17.279296875826553,-31.271484376495856,-1000.5,223,3.9356798142635774,7,-0.3682515645823166
2068,4324,17.279296875826553,-27.966796876337792,-596.5,1,9.130060751080341,285,-0.0164889426531939
2068,4418,17.279296875826553,-24.662109376179693,-1410.0,223,1.7452609510701163,90,-0.10243250324721362
2068,4512,17.279296875826553,-21.357421876021625,-1580.5,223,5.661611903723637,0,-0.0164889426531939
2068,4606,17.279296875826553,-18.052734375863558,-1726.0,90,0.8428869390211424,296,-0.0164889426531939
2068,4700,17.279296875826553,-14.748046875705464,-1690.5,225,0.6762483078039118,43,-0.15906100551638094
2068,4794,17.279296875826553,-11.443359375547397,-1766.0,127,1.962797294352791,0,-0.0164889426531939
2068,4888,17.279296875826553,-8.1386718753893,-1727.0,113,3.6806295406858323,47,-0.0164889426531939
2068,4982,17.279296875826553,-4.833984375231233,1731.0,90,14.10159395390758,299,-0.0164889426531939
2068,5076,17.279296875826553,-1.5292968750731355,275.5,181,8.934468129851918,90,-0.7612892731402408
2068,5170,17.279296875826553,1.775390625084931,-810.5,211,3.2294572259923258,0,-0.0164889426531939
2068,5264,17.279296875826553,5.080078125243029,-745.0,67,3.07370009536735,192,-1.3717186329127233
2068,5358,17.279296875826553,8.384765625401096,-1345.5,52,2.5631175190912363,257,-0.22015326790913664
2068,5452,17.279296875826553,11.689453125559162,478.5,271,5.595409839241129,104,-2.4409073683148033
2068,5546,17.279296875826553,14.994140625717257,-2636.5,275,3.8267234365709757,24,-0.0164889426531939
2068,5640,17.279296875826553,18.298828125875325,-2604.0,201,1.6184976068377759,101,-0.18054673386868952
2068,5734,17.279296875826553,21.603515626033424,-2619.0,145,5.568168665670933,0,-0.0164889426531939
2068,5828,17.279296875826553,24.90820312619149,-2179.5,219,1.123617463140161,116,-0.11905263613652677
2068,5922,17.279296875826553,28.212890626349587,-2173.5,150,0.9223167497700605,258,-0.11892138471543955
2068,6016,17.279296875826553,31.51757812650765,-1137.5,180,9.882444063204082,0,-0.0164889426531939
2068,6110,17.279296875826553,34.822265626665754,-293.0,181,6.0627816066863724,342,-1.1401011397214835
2068,6204,17.279296875826553,38.126953126823814,-993.0,43,0.5679439527889871,286,0.0701216689000865
2068,6298,17.279296875826553,41.43164062698188,-536.0,316,3.926431782004205,151,-0.9205801918915936
2068,6392,17.279296875826553,44.736328127139984,-1022.0,59,3.5379004745236826,93,0.11644415631376956
2068,6486,17.279296875826553,48.041015627298044,-407.0,90,12.610134791907452,0,-0.0164889426531939
2068,6580,17.279296875826553,51.34570312745615,-3164.0,333,6.570937368598009,150,-0.269098672128372
2068,6674,17.279296875826553,54.650390627614215,-3631.0,306,0.32140680255681175,195,-0.1762167793807518
2068,6768,17.279296875826553,57.95507812777231,-3504.0,36,0.4370639372653646,206,-0.3194058069711838
2068,6862,17.279296875826553,61.25976562793038,-3652.0,291,0.1254746105225642,90,-0.4016925313393037
2068,6956,17.279296875826553,64.56445312808847,-3521.0,65,1.2487821352538861,294,-0.6459665490513038
2068,7050,17.279296875826553,67.86914062824654,-3277.0,114,5.916714479220218,43,-0.2854907358780182
2068,7144,17.279296875826553,71.17382812840461,-1741.5,140,9.396462587653156,269,0.7170999979303452
2068,7238,17.279296875826553,74.4785156285627,921.5,181,6.315475547412332,304,-0.7326462528315455
2068,7332,17.279296875826553,77.78320312872077,-2420.5,159,4.082836827365779,39,-0.021649981270933944
2068,7426,17.279296875826553,81.08789062887887,-2000.0,271,7.827388078599014,44,1.3518918697042466
2068,7520,17.279296875826553,84.39257812903693,-2492.5,90,7.700388749918916,271,-0.0164889426531939
2068,7614,17.279296875826553,87.69726562919503,-2265.5,139,2.223237132102597,318,0.054299722293807265
2068,7708,17.279296875826553,91.0019531293531,-1014.0,150,5.365731758431075,311,-0.0164889426531939
2068,7802,17.279296875826553,94.30664062951116,-1376.0,303,5.240725374377348,156,-0.4548259497989859
2068,7896,17.279296875826553,97.61132812966923,-1005.0,118,7.172548270445522,271,-0.0164889426531939
2068,7990,17.279296875826553,100.91601562982733,-1238.5,211,5.521876949595584,345,0.1114597064386617
2068,8084,17.279296875826553,104.22070312998542,-984.5,70,2.09637208456143,3,-0.22234815939468694
2068,8178,17.279296875826553,107.52539063014352,-630.0,123,3.115216636493049,278,0.47076236283773754
2068,8272,17.279296875826553,110.83007813030156,-588.0,240,2.080966788199368,39,0.05708415252210344
2068,8366,17.279296875826553,114.13476563045967,-304.0,123,4.6265463357297065,303,-0.0164889426531939
2068,8460,17.279296875826553,117.43945313061775,-593.0,211,11.018965838773815,37,1.0825571505612122
2068,8554,17.279296875826553,120.74414063077586,-716.0,316,11.51014181299061,224,0.011393911065660612
2068,8648,17.279296875826553,124.04882813093388,1332.5,150,5.933132401835082,0,-0.0164889426531939
2068,8742,17.279296875826553,127.353515631092,827.0,114,3.6018856972653155,225,-0.23283413728055688
2068,8836,17.279296875826553,130.65820313125008,-435.0,240,17.985679548336925,40,2.3313612268318775
2068,8930,17.279296875826553,133.9628906314081,1598.5,136,26.959556501560606,276,2.632074799573891
2068,9024,17.279296875826553,137.2675781315662,1770.5,329,11.269217397203928,136,0.5041672532260866
2068,9118,17.279296875826553,140.57226563172432,3286.0,1,11.073515735764934,245,1.4442474716091087
2068,9212,17.279296875826553,143.8769531318824,4172.0,271,11.319541717386961,102,-0.09841475975395901
2068,9306,17.279296875826553,147.18164063204043,2746.0,156,12.498165340930557,31,2.2698240594453116
2068,9400,17.279296875826553,150.48632813219854,1788.0,90,18.48025738692473,358,0.0565459722692847
2068,9494,17.279296875826553,153.79101563235662,1509.5,299,3.999037035083911,213,-1.0273972340105046
2068,9588,17.279296875826553,157.0957031325147,927.5,180,12.102355609478241,273,0.15160273662737342
2068,9682,17.279296875826553,160.40039063267278,-307.5,181,11.67924056299054,11,1.8726680925901553
2068,9776,17.279296875826553,163.70507813283086,2090.5,138,5.481885803128282,252,-0.1597279781031847
2068,9870,17.279296875826553,167.00976563298897,-458.5,271,5.791387305987234,99,1.0178103460273447
2068,9964,17.279296875826553,170.31445313314703,2302.5,123,11.181754689953044,34,-0.24567055560790751
2068,10058,17.279296875826553,173.6191406333051,-2366.0,0,14.67095323601146,154,1.447900977598255
2068,10152,17.279296875826553,176.92382813346322,-1933.5,90,10.298969119437114,274,1.3869866656583165
2162,0,13.974609375668472,-179.98242188360948,755.5,44,24.424539335772597,212,-29.17408956671125
2162,94,13.974609375668472,-176.67773438345142,3269.5,136,7.405220366276064,347,-1.0771649834718005
2162,188,13.974609375668472,-173.3730468832933,5157.0,316,6.332203694492146,32,-1.047696186494907
2162,282,13.974609375668472,-170.06835938313526,2745.5,212,3.586289328252657,314,-0.5906450235434978
2162,376,13.974609375668472,-166.76367188297715,5947.5,44,13.36762914462592,268,1.2155923688843975
2162,470,13.974609375668472,-163.45898438281907,4028.5,136,5.0557931021675575,5,-0.39018117279840786
2162,564,13.974609375668472,-160.154296882661,4822.0,212,15.837283272805365,322,-1.806676664900685
2162,658,13.974609375668472,-156.8496093825029,3871.5,316,5.510270895087976,111,0.7091153100113992
2162,752,13.974609375668472,-153.54492188234482,2642.0,1,11.787017953848116,148,1.733608298557338
2162,846,13.974609375668472,-150.24023438218674,7382.0,21,2.784480056119649,90,-0.0164889426531939
2162,940,13.974609375668472,-146.9355468820287,6347.5,320,2.278895505324044,119,-1.1622450930593542
2162,1034,13.974609375668472,-143.63085938187058,5072.5,271,11.266525105389595,149,1.971595835271704
2162,1128,13.974609375668472,-140.32617188171253,4344.5,32,12.061266368643834,208,0.8135328618577158
2162,1222,13.974609375668472,-137.02148438155444,5060.5,152,6.586812869964484,271,-0.7957480982084602
2162,1316,13.974609375668472,-133.71679688139636,4169.0,224,10.020168182538756,123,-1.8050692384589317
2162,1410,13.974609375668472,-130.41210938123828,3758.0,42,11.192199200003861,271,1.7018837436017047
2162,1504,13.974609375668472,-127.1074218810802,4679.0,224,8.905263951403041,16,-2.801757644072607
2162,1598,13.974609375668472,-123.80273438092212,3086.0,123,11.250664682331037,271,0.15693051285963977
2162,1692,13.974609375668472,-120.49804688076404,3518.0,212,12.348624492166087,13,-1.9490703532516709
2162,1786,13.974609375668472,-117.19335938060595,4243.0,111,3.0987761334068407,46,-2.1110642343297896
2162,1880,13.974609375668472,-113.88867188044787,1941.5,1,23.108534564733368,219,1.2065319513706156
2162,1974,13.974609375668472,-110.58398438028979,1784.5,0,11.266525105389595,112,0.2151269320185977
2162,2068,13.974609375668472,-107.27929688013171,1325.0,303,5.162591235338552,104,-0.2200566293847503
2162,2162,13.974609375668472,-103.97460937997363,676.5,181,17.182247536879075,156,0.5454985811386432
2162,2256,13.974609375668472,-100.66992187981555,2316.5,0,6.515644736384935,180,-0.0164889426531939
2162,2350,13.974609375668472,-97.36523437965747,353.0,236,13.8938497912532,98,-0.12645492677450984
2162,2444,13.974609375668472,-94.0605468794994,933.0,250,4.021466083395965,179,-0.12863470092899615
2162,2538,13.974609375668472,-90.75585937934132,1642.0,316,7.649241097474974,90,1.1872194622698964
2162,2632,13.974609375668472,-87.45117187918325,1708.5,212,4.726147479310284,5,-2.9154104310004634
2162,2726,13.974609375668472,-84.14648437902515,-1992.0,128,7.381946238796321,180,1.4511743014431482
2162,2820,13.974609375668472,-80.84179687886707,-1249.5,310,3.336856320069184,206,0.21229944739379308
2162,2914,13.974609375668472,-77.53710937870899,-1703.5,44,4.163975827273695,0,-0.20340652779676524
2162,3008,13.974609375668472,-74.23242187855091,-1883.5,111,1.842364268240266,271,-0.3910704351281792
2162,3102,13.974609375668472,-70.92773437839283,-1561.0,212,3.3008446012052395,291,-0.3316120276314915
2162,3196,13.974609375668472,-67.62304687823475,-1888.0,208,0.2152961403026195,21,-0.04513682352753223
2162,3290,13.974609375668472,-64.31835937807668,-1791.5,212,1.900057845244492,37,-0.4434484912781834
2162,3384,13.974609375668472,-61.0136718779186,-1977.0,123,0.19620446489413182,303,-0.1597279781031847
2162,3478,13.974609375668472,-57.70898437776051,-1814.5,170,1.6032643110236244,271,-0.13108027344497347
2162,3572,13.974609375668472,-54.404296877602434,-1044.5,123,1.8142044534090156,326,-0.7418400643834795
2162,3666,13.974609375668472,-51.09960937744435,-401.5,271,4.953698814449409,74,-1.9204105922112262
2162,3760,13.974609375668472,-47.79492187728627,-1402.0,212,9.755175635959004,44,0.6377985854458276
2162,3854,13.974609375668472,-44.49023437712819,-1584.5,316,0.10624729918808593,296,-0.20486435171456666
2162,3948,13.974609375668472,-41.185546876970115,-1488.5,224,0.2656580542631302,1,-0.335941877146308
2162,4042,13.974609375668472,-37.88085937681202,-1326.5,0,0.6137411563433645,97,-0.0902735910306702
2162,4136,13.974609375668472,-34.57617187665396,-1115.5,212,4.259174867201412,303,-0.9398444568570777
2162,4230,13.974609375668472,-31.271484376495856,-868.5,254,3.7469276294785363,178,-0.5098892666656735
2162,4324,13.974609375668472,-27.966796876337792,-228.0,70,7.611717386267761,266,0.34943429655662916
2162,4418,13.974609375668472,-24.662109376179693,-732.5,123,4.2563585014221434,291,-0.3988294611442119
2162,4512,13.974609375668472,-21.357421876021625,-809.0,303,10.438213941365,25,-0.6445107177429852
2162,4606,13.974609375668472,-18.052734375863558,-1429.5,48,2.6084159472856,195,0.3394407093304731
2162,4700,13.974609375668472,-14.748046875705464,-1562.5,22,3.3223749539245007,169,-0.19936453318362532
2162,4794,13.974609375668472,-11.443359375547397,-2957.0,196,13.017923317009092,351,3.063701404028884
2162,4888,13.974609375668472,-8.1386718753893,-1273.0,317,0.7717260052448828,186,-0.32827724947814146
2162,4982,13.974609375668472,-4.833984375231233,-971.5,271,5.775065785013082,180,-0.0164889426531939
2162,5076,13.974609375668472,-1.5292968750731355,-479.0,271,2.388549152723828,117,-0.0164889426531939
2162,5170,13.974609375668472,1.775390625084931,-1183.0,58,0.2248519672720347,1,-0.07378468183348778
2162,5264,13.974609375668472,5.080078125243029,-1130.0,12,0.4356307190139649,90,-0.21702313350765684
2162,5358,13.974609375668472,8.384765625401096,-957.5,32,7.233555742032286,180,-0.0164889426531939
2162,5452,13.974609375668472,11.689453125559162,-893.0,225,3.06068920235142,78,-0.4505280003250668
2162,5546,13.974609375668472,14.994140625717257,-664.5,203,4.977029092786285,303,-0.9183741616604021
2162,5640,13.974609375668472,18.298828125875325,-561.0,149,3.971354545977276,75,-0.5808980928096549
2162,5734,13.974609375668472,21.603515626033424,-1670.5,314,1.8141667357973679,90,-0.10243250324721362
2162,5828,13.974609375668472,24.90820312619149,-2030.0,310,0.9395039136447775,48,-0.36891851472936527
2162,5922,13.974609375668472,28.212890626349587,-1307.0,149,6.484471114591967,340,-1.565648850182012
2162,6016,13.974609375668472,31.51757812650765,-1378.5,189,3.285976288502187,21,0.012158946465612564
2162,6110,13.974609375668472,34.822265626665754,-1149.0,258,1.4871256069572947,212,-0.13757523242874548
2162,6204,13.974609375668472,38.126953126823814,-1154.5,149,0.2248519672720347,107,-0.3539610004315357
2162,6298,13.974609375668472,41.43164062698188,-457.5,1,20.84244042108292,180,-0.0164889426531939
2162,6392,13.974609375668472,44.736328127139984,-1150.5,136,12.869477151578808,271,-0.21435526032094693
2162,6486,13.974609375668472,48.041015627298044,-615.5,1,9.938042725192314,182,-0.0164889426531939
2162,6580,13.974609375668472,51.34570312745615,-3444.5,44,8.585110362512928,131,-0.6617169346362055
2162,6674,13.974609375668472,54.650390627614215,-3682.5,1,4.657820004006566,149,0.568609130916167
2162,6768,13.974609375668472,57.95507812777231,-3499.5,58,0.2534993572268678,249,-0.9206606080289267
2162,6862,13.974609375668472,61.25976562793038,-3760.0,303,0.8363933390634831,102,-0.3194058069711838
2162,6956,13.974609375668472,64.56445312808847,-3396.5,98,12.88413482922039,21,0.24134063735884953
2162,7050,13.974609375668472,67.86914062824654,-2991.0,245,20.033636182240148,47,-0.8738017549620347
2162,7144,13.974609375668472,71.17382812840461,-1158.0,44,26.822832814775445,250,2.1246334227210384
2162,7238,13.974609375668472,74.4785156285627,-561.5,212,6.315475547412332,82,-0.17909673586208727
2162,7332,13.974609375668472,77.78320312872077,-1613.0,303,9.977629333209254,144,-0.7423371510510749
2162,7426,13.974609375668472,81.08789062887887,-1975.0,212,11.236885314822251,86,-0.5773994965686602
2162,7520,13.974609375668472,84.39257812903693,-2064.0,37,0.6797165461316396,305,-0.03686322575814927
2162,7614,13.974609375668472,87.69726562919503,-1429.5,32,3.3036671802790663,181,-0.589425944164081
2162,7708,13.974609375668472,91.0019531293531,-1636.5,309,1.0571654547434066,341,-0.13227121854567636
2162,7802,13.974609375668472,94.30664062951116,-1991.5,90,3.5313709758292053,180,-0.0164889426531939
2162,7896,13.974609375668472,97.61132812966923,-3046.0,185,6.518278280293886,71,0.5958821498895926
2162,7990,13.974609375668472,100.91601562982733,-2422.5,224,6.190668187266408,167,1.0567609479827904
2162,8084,13.974609375668472,104.22070312998542,-3516.5,343,11.8730905463473,143,2.410127396392367
2162,8178,13.974609375668472,107.52539063014352,627.5,271,7.122820031451047,46,-2.4091956699676462
2162,8272,13.974609375668472,110.83007813030156,-1834.5,90,16.051173335278563,306,-0.978088444627493
2162,8366,13.974609375668472,114.13476563045967,169.0,283,3.819459680778868,74,0.09968960269034471
2162,8460,13.974609375668472,117.43945313061775,-30.5,144,7.137644603255093,0,-1.1637997401681581
2162,8554,13.974609375668472,120.74414063077586,-2206.0,156,4.725387257891327,82,1.3014396816199978
2162,8648,13.974609375668472,124.04882813093388,1492.5,281,6.070962790953369,53,-1.159643182920171
2162,8742,13.974609375668472,127.353515631092,1829.5,93,2.626274901912161,281,-1.276123230274185
2162,8836,13.974609375668472,130.65820313125008,149.0,32,16.234209166452075,253,-0.30176073152145116
2162,8930,13.974609375668472,133.9628906314081,1525.5,224,11.145845353841933,74,-0.4791640344547812
2162,9024,13.974609375668472,137.2675781315662,2092.5,44,24.47993105084328,205,-0.0164889426531939
2162,9118,13.974609375668472,140.57226563172432,2746.0,60,5.975479514663626,237,1.3592784898788688
2162,9212,13.974609375668472,143.8769531318824,3052.5,0,17.10377085051657,222,-1.377807669815067
2162,9306,13.974609375668472,147.18164063204043,159.0,347,15.356654721163716,102,1.7022878605306382
2162,9400,13.974609375668472,150.48632813219854,1435.0,224,9.091577574734341,140,-0.19268246721063848
2162,9494,13.974609375668472,153.79101563235662,-948.5,243,7.238048556906638,67,1.6340609010595069
2162,9588,13.974609375668472,157.0957031325147,857.5,32,4.882605509697948,286,0.10593144540521435
2162,9682,13.974609375668472,160.40039063267278,-464.5,224,18.6935888646698,10,-0.9443310045258169
2162,9776,13.974609375668472,163.70507813283086,3627.5,58,4.46096124355938,201,-0.0164889426531939
2162,9870,13.974609375668472,167.00976563298897,1942.5,169,4.759529737659559,0,-2.4642740694969927
2162,9964,13.974609375668472,170.31445313314703,1318.0,224,14.23218250438328,40,-1.3147561900330786
2162,10058,13.974609375668472,173.6191406333051,2253.5,212,7.022004898052301,47,-3.1082334756697603
2162,10152,13.974609375668472,176.92382813346322,909.5,213,4.477062583863257,317,-0.1391060569823892
2256,0,10.669921875510388,-179.98242188360948,2554.0,131,5.4064710990125056,39,-0.0164889426531939
2256,94,10.669921875510388,-176.67773438345142,5038.0,157,5.437332947798853,343,0.858773449130671
2256,188,10.669921875510388,-173.3730468832933,5983.5,316,13.755668714329179,191,1.1630401509872856
2256,282,10.669921875510388,-170.06835938313526,3155.0,90,12.337021131378519,291,-0.0164889426531939
2256,376,10.669921875510388,-166.76367188297715,6974.5,28,4.87917792570423,271,-0.0164889426531939
2256,470,10.669921875510388,-163.45898438281907,5825.5,271,4.130285759683291,90,-0.3316120276314915
2256,564,10.669921875510388,-160.154296882661,4278.0,21,9.200296807801932,276,-0.0164889426531939
2256,658,10.669921875510388,-156.8496093825029,5842.0,181,10.271234490871677,0,-0.0164889426531939
2256,752,10.669921875510388,-153.54492188234482,4248.5,32,8.722556302387565,291,2.9295231871026783
2256,846,10.669921875510388,-150.24023438218674,6799.5,232,5.928848637620055,129,-0.7744081580184466
2256,940,10.669921875510388,-146.9355468820287,5756.0,69,7.395576172892793,273,0.07196590116100678
2256,1034,10.669921875510388,-143.63085938187058,3585.5,303,24.47381438513394,133,1.9171947354854735
2256,1128,10.669921875510388,-140.32617188171253,5403.0,149,6.003977736606585,271,-0.0164889426531939
2256,1222,10.669921875510388,-137.02148438155444,4875.5,271,9.545610737399091,47,0.0595042871596896
2256,1316,10.669921875510388,-133.71679688139636,4627.0,212,15.478710025867596,29,-1.7727300770775203
2256,1410,10.669921875510388,-130.41210938123828,5106.5,1,14.263162851091185,212,-1.3626827717689214
2256,1504,10.669921875510388,-127.1074218810802,4742.5,289,5.118445833290125,164,-1.7616762490820435
2256,1598,10.669921875510388,-123.80273438092212,4638.0,123,13.681107897632993,4,-0.0164889426531939
2256,1692,10.669921875510388,-120.49804688076404,3428.0,58,12.785288682360042,325,1.0400657383035095
2256,1786,10.669921875510388,-117.19335938060595,2909.0,181,24.07089885971417,32,2.1357085631937
2256,1880,10.669921875510388,-113.88867188044787,2598.5,123,11.638663380512948,259,-0.7703104110381077
2256,1974,10.669921875510388,-110.58398438028979,858.0,70,18.577837259715047,259,1.4680313585110218
2256,2068,10.669921875510388,-107.27929688013171,1931.0,0,5.065268098761967,140,-0.6161689912928742
2256,2162,10.669921875510388,-103.97460937997363,426.0,181,9.65986232471079,175,3.346167438511048
2256,2256,10.669921875510388,-100.66992187981555,941.0,180,6.615040387304018,338,0.7873425980661451
2256,2350,10.669921875510388,-97.36523437965747,1420.0,212,4.8427540816973655,56,-0.21628194600424824
2256,2444,10.669921875510388,-94.0605468794994,748.5,249,13.499882468689778,93,-0.6713295762415733
2256,2538,10.669921875510388,-90.75585937934132,1617.5,238,4.743186515013442,66,-1.16721701916773
2256,2632,10.669921875510388,-87.45117187918325,423.0,123,12.348624492166087,35,-1.3200992432431404
2256,2726,10.669921875510388,-84.14648437902515,-202.0,329,5.325940319950678,91,-1.6701706657244935
2256,2820,10.669921875510388,-80.84179687886707,-398.5,90,4.1281319866503585,213,-1.3710285283982937
2256,2914,10.669921875510388,-77.53710937870899,-1438.0,104,3.219522267923143,329,-0.0164889426531939
2256,3008,10.669921875510388,-74.23242187855091,-1858.5,78,2.1316872155612523,271,-0.24648569395920342
2256,3102,10.669921875510388,-70.92773437839283,-1607.0,102,0.9178238471013438,284,-0.19988417950221452
2256,3196,10.669921875510388,-67.62304687823475,-1748.0,343,1.9282175384205031,52,-0.10723736518016415
2256,3290,10.669921875510388,-64.31835937807668,-1823.5,97,0.668466415175358,1,-0.05163181357925319
2256,3384,10.669921875510388,-61.0136718779186,-1742.5,180,0.38457573801821127,90,-0.04513682352753223
2256,3478,10.669921875510388,-57.70898437776051,-1663.5,78,0.8087643359708554,0,-0.0164889426531939
2256,3572,10.669921875510388,-54.404296877602434,-1444.5,250,3.2065457145757215,149,-0.0164889426531939
2256,3666,10.669921875510388,-51.09960937744435,-1359.0,201,2.2030807850991447,57,-0.005605225934784202
2256,3760,10.669921875510388,-47.79492187728627,-1444.0,1,0.5248758641929095,167,-0.209194291639503
2256,3854,10.669921875510388,-44.49023437712819,-1420.5,32,0.2534993572268678,212,-0.06856538976604573
2256,3948,10.669921875510388,-41.185546876970115,-1295.5,220,1.4924939586876682,187,-0.07378468183348778
2256,4042,10.669921875510388,-37.88085937681202,-903.5,32,7.444908491124679,113,-1.0619867400111085
2256,4136,10.669921875510388,-34.57617187665396,-1012.0,180,2.474338125110373,271,-0.0164889426531939
2256,4230,10.669921875510388,-31.271484376495856,-1071.5,125,0.7428789132366939,86,-0.0473018203485757
2256,4324,10.669921875510388,-27.966796876337792,-304.0,319,3.5775977676256443,166,-0.5430253162906314
2256,4418,10.669921875510388,-24.662109376179693,-164.0,0,8.3162803042014,92,-1.2816372928084796
2256,4512,10.669921875510388,-21.357421876021625,-330.5,123,18.06500183709562,294,0.6257674437489695
2256,4606,10.669921875510388,-18.052734375863558,-432.5,16,4.572432762688572,79,-0.8405756880951167
2256,4700,10.669921875510388,-14.748046875705464,-1230.0,180,4.187280201172156,90,-0.18562568870503945
2256,4794,10.669921875510388,-11.443359375547397,-1128.0,250,1.172679359942904,149,-0.280812697133645
2256,4888,10.669921875510388,-8.1386718753893,-1287.5,174,0.25585136688563176,353,-0.046412517278394246
2256,4982,10.669921875510388,-4.833984375231233,-1054.0,32,7.993459428046827,329,0.037876415917980105
2256,5076,10.669921875510388,-1.5292968750731355,-574.5,219,1.9508012789158589,316,-0.15450871722974524
2256,5170,10.669921875510388,1.775390625084931,-705.5,149,1.9005602049946855,1,-0.24567055560790751
2256,5264,10.669921875510388,5.080078125243029,-825.0,168,4.805047770263946,265,-0.4956617535372265
2256,5358,10.669921875510388,8.384765625401096,-890.5,273,1.136649534716029,174,-0.3602588724744783
2256,5452,10.669921875510388,11.689453125559162,-388.0,111,2.2602896790779505,223,-1.0701235632714197
2256,5546,10.669921875510388,14.994140625717257,-452.0,24,7.0658349279540555,156,-0.8771337112004072
2256,5640,10.669921875510388,18.298828125875325,-1107.0,136,1.1842247042476437,78,-1.272691980401335
2256,5734,10.669921875510388,21.603515626033424,-1981.0,4,2.185554759814315,144,-0.433150787114648
2256,5828,10.669921875510388,24.90820312619149,-2003.5,180,20.79238126210483,296,3.2893905998578674
2256,5922,10.669921875510388,28.212890626349587,-1009.0,194,5.803167231275079,0,-0.0164889426531939
2256,6016,10.669921875510388,31.51757812650765,-929.5,180,1.3456044427785443,32,-0.302965016991789
2256,6110,10.669921875510388,34.822265626665754,-626.5,329,0.11026142645122489,212,-0.13108027344497347
2256,6204,10.669921875510388,38.126953126823814,-571.5,212,0.8550432163164583,45,-0.736975537142767
2256,6298,10.669921875510388,41.43164062698188,-986.0,258,2.7318841248980794,32,-0.47484430747149575
2256,6392,10.669921875510388,44.736328127139984,-1268.5,185,2.399413880027995,92,-0.21918810036541153
2256,6486,10.669921875510388,48.041015627298044,-1143.5,194,10.623894439574093,120,-0.3047044247369035
2256,6580,10.669921875510388,51.34570312745615,-580.0,32,7.5997714406916685,268,-1.391314117304495
2256,6674,10.669921875510388,54.650390627614215,-2550.0,225,17.317651275791548,92,-2.038637006176281
2256,6768,10.669921875510388,57.95507812777231,-3532.0,125,5.729043330982198,270,-0.503490108530253
2256,6862,10.669921875510388,61.25976562793038,-2523.5,123,15.132238273552865,0,-0.0164889426531939
2256,6956,10.669921875510388,64.56445312808847,-1391.5,57,6.444872492938977,102,-0.13511674493389947
2256,7050,10.669921875510388,67.86914062824654,-1223.0,212,17.90950593539953,58,5.381370016804389
2256,7144,10.669921875510388,71.17382812840461,681.0,90,13.344608910458401,0,-0.0164889426531939
2256,7238,10.669921875510388,74.4785156285627,-810.0,90,5.296876651949483,358,-1.0475577256739457
2256,7332,10.669921875510388,77.78320312872077,-2087.0,90,21.31633658468236,14,3.8852234390851974
2256,7426,10.669921875510388,81.08789062887887,-1902.0,58,5.1526780512794605,217,-0.20091011143991222
2256,7520,10.669921875510388,84.39257812903693,-3784.0,348,12.687467229798969,165,-0.7382453774537682
2256,7614,10.669921875510388,87.69726562919503,-2070.0,257,2.7778718591765794,78,0.009228531599106348
2256,7708,10.669921875510388,91.0019531293531,-2068.0,180,2.772349679135061,329,0.0937725357313814
2256,7802,10.669921875510388,94.30664062951116,-1984.5,1,1.2151880770848287,0,-0.0164889426531939
2256,7896,10.669921875510388,97.61132812966923,-1422.0,348,7.867870828614257,240,-0.9094198461810173
2256,7990,10.669921875510388,100.91601562982733,425.0,1,10.437568855435638,217,-1.438521511810422
2256,8084,10.669921875510388,104.22070312998542,-969.0,90,14.666068616009236,345,-0.0164889426531939
2256,8178,10.669921875510388,107.52539063014352,367.5,123,8.918376182542815,240,-1.004370040123038
2256,8272,10.669921875510388,110.83007813030156,-1079.5,90,19.173187517998656,300,0.5827832075070802
2256,8366,10.669921875510388,114.13476563045967,502.0,32,20.149320695191435,206,-1.3065729500812966
2256,8460,10.669921875510388,117.43945313061775,-2028.0,137,11.10132798671595,293,0.6780447488389462
2256,8554,10.669921875510388,120.74414063077586,-663.5,290,11.53641026886893,77,0.245056803431303
2256,8648,10.669921875510388,124.04882813093388,1499.0,212,20.237640685545525,38,-1.057037318534029
2256,8742,10.669921875510388,127.353515631092,1642.5,104,6.705854303378524,322,-0.46886736106323695
2256,8836,10.669921875510388,130.65820313125008,499.0,329,11.501091401615275,147,0.23057829890780246
2256,8930,10.669921875510388,133.9628906314081,2397.5,32,17.23255347544824,203,0.8220683805169909
2256,9024,10.669921875510388,137.2675781315662,3562.5,139,4.204942402566133,17,-1.2618902415512672
2256,9118,10.669921875510388,140.57226563172432,2287.0,35,9.266307945504286,174,-0.9331389030642689
2256,9212,10.669921875510388,143.8769531318824,2848.5,18,13.05299513244416,173,0.5437197681120054
2256,9306,10.669921875510388,147.18164063204043,2413.5,212,7.109437269289614,20,0.009228531599106348
2256,9400,10.669921875510388,150.48632813219854,-1192.5,37,12.644529269809919,155,1.6875657372005943
2256,9494,10.669921875510388,153.79101563235662,-420.0,90,24.546759005891754,301,3.2493205556350224
2256,9588,10.669921875510388,157.0957031325147,1540.0,212,12.321283985055436,20,-2.111692664527371
2256,9682,10.669921875510388,160.40039063267278,986.0,7,4.802770062287123,277,-0.5745143330159383
2256,9776,10.669921875510388,163.70507813283086,-1001.0,352,11.406216813994735,172,2.017245846499418
2256,9870,10.669921875510388,167.00976563298897,2466.0,303,18.851158189896765,97,-1.8517691792390487
2256,9964,10.669921875510388,170.31445313314703,892.0,212,4.028371540482613,19,-0.6991377260658552
2256,10058,10.669921875510388,173.6191406333051,1831.0,237,6.184500822242357,120,-0.13108027344497347
2256,10152,10.669921875510388,176.92382813346322,-541.0,52,17.976891445520774,203,4.284963399474217
2350,0,7.3652343753523075,-179.98242188360948,4652.5,160,6.179529363231405,201,-0.1883756028984613
2350,94,7.3652343753523075,-176.67773438345142,1772.0,115,6.9833473849951195,53,0.26575513793507366
2350,188,7.3652343753523075,-173.3730468832933,4972.5,212,6.315475547412332,86,-0.009491035566386459
2350,282,7.3652343753523075,-170.06835938313526,5289.0,1,6.459080365111185,204,-0.38890553719994264
2350,376,7.3652343753523075,-166.76367188297715,2712.0,76,12.739983177862221,277,2.072498153533366
2350,470,7.3652343753523075,-163.45898438281907,7054.0,303,26.170629130409047,37,2.3682099525090337
2350,564,7.3652343753523075,-160.154296882661,7264.5,212,13.480772088897682,2,-2.813952759300764
2350,658,7.3652343753523075,-156.8496093825029,3308.5,111,6.688712419574648,290,-0.6612427758372578
2350,752,7.3652343753523075,-153.54492188234482,8016.5,1,24.971970563245154,215,-0.37510369044899133
2350,846,7.3652343753523075,-150.24023438218674,4780.0,333,10.215807074332465,164,-1.1935630426400716
2350,940,7.3652343753523075,-146.9355468820287,5697.0,283,5.765735654567639,66,-0.43767003549516864
2350,1034,7.3652343753523075,-143.63085938187058,5677.5,90,6.1194322724308785,359,-1.0784984669640227
2350,1128,7.3652343753523075,-140.32617188171253,5140.0,144,5.815456563345146,348,0.09436393756339925
2350,1222,7.3652343753523075,-137.02148438155444,7001.5,201,6.67156933280298,0,-0.0164889426531939
2350,1316,7.3652343753523075,-133.71679688139636,2919.5,291,4.808580006771987,124,-1.065888567586173
2350,1410,7.3652343753523075,-130.41210938123828,2104.5,90,8.90650907175304,312,1.4572873579474994
2350,1504,7.3652343753523075,-127.1074218810802,1577.5,172,5.519261501985186,89,0.15964655633458263
2350,1598,7.3652343753523075,-123.80273438092212,4553.0,0,5.138469323615445,224,-3.1287870188347755
2350,1692,7.3652343753523075,-120.49804688076404,2210.0,53,13.852688942209857,224,-0.7461571200243834
2350,1786,7.3652343753523075,-117.19335938060595,2891.0,160,6.887761026974245,289,1.7510698394497404
2350,1880,7.3652343753523075,-113.88867188044787,2634.5,21,3.9739516703328275,255,-0.41095972552649285
2350,1974,7.3652343753523075,-110.58398438028979,3438.5,303,3.343672116439158,31,-1.8313446638243527
2350,2068,7.3652343753523075,-107.27929688013171,1743.0,53,12.467457819700074,296,4.179550864678308
2350,2162,7.3652343753523075,-103.97460937997363,2125.0,181,6.2893117946438455,0,-0.0164889426531939
2350,2256,7.3652343753523075,-100.66992187981555,2635.0,90,5.722631445420323,0,-0.0164889426531939
2350,2350,7.3652343753523075,-97.36523437965747,2952.5,180,14.692876814162016,26,-1.1360426139818227
2350,2444,7.3652343753523075,-94.0605468794994,1424.0,253,8.473909418950608,102,-2.405894487650152
2350,2538,7.3652343753523075,-90.75585937934132,195.5,212,10.51857671843009,42,-0.2409046917621822
2350,2632,7.3652343753523075,-87.45117187918325,1155.0,238,4.899636712067448,32,-2.3827396505387393
2350,2726,7.3652343753523075,-84.14648437902515,-404.0,211,1.0465567689585318,77,-0.977802665929568
2350,2820,7.3652343753523075,-80.84179687886707,-398.5,144,10.015106813551192,3,-1.3226988481950142
2350,2914,7.3652343753523075,-77.53710937870899,322.5,40,4.7310779054307,256,-1.1761186073934182
2350,3008,7.3652343753523075,-74.23242187855091,-730.0,303,8.834478822028839,90,-0.13108027344497347
2350,3102,7.3652343753523075,-70.92773437839283,-1031.5,7,2.843502911700402,267,-1.213384832000108
2350,3196,7.3652343753523075,-67.62304687823475,-1164.5,225,5.860126433952976,37,-0.9650810105373093
2350,3290,7.3652343753523075,-64.31835937807668,-1661.5,206,5.560851729135592,96,-0.47478605054020573
2350,3384,7.3652343753523075,-61.0136718779186,-1746.5,90,4.98428053022035,271,-0.0164889426531939
2350,3478,7.3652343753523075,-57.70898437776051,-1859.5,0,0.2678230055698557,111,-0.2908063968458284
2350,3572,7.3652343753523075,-54.404296877602434,-1542.5,242,7.027584134223468,0,-0.0164889426531939
2350,3666,7.3652343753523075,-51.09960937744435,-1555.0,111,3.3350415072106445,0,-0.0164889426531939
2350,3760,7.3652343753523075,-47.79492187728627,-1422.5,231,0.5942583377307384,1,-0.07378468183348778
2350,3854,7.3652343753523075,-44.49023437712819,-1422.5,85,0.8681096973051619,1,-0.07378468183348778
2350,3948,7.3652343753523075,-41.185546876970115,-1221.0,180,6.459080365111185,163,-0.06856538976604573
2350,4042,7.3652343753523075,-37.88085937681202,-864.0,324,4.650705187220755,119,-0.8114007206681706
2350,4136,7.3652343753523075,-34.57617187665396,-1085.0,123,3.0866525790790726,316,-0.0164889426531939
2350,4230,7.3652343753523075,-31.271484376495856,-961.5,131,1.5825854110390836,201,-0.10243250324721362
2350,4324,7.3652343753523075,-27.966796876337792,-771.0,32,2.6036662535662436,264,-0.10472874595953123
2350,4418,7.3652343753523075,-24.662109376179693,-689.5,99,2.3347251585826405,340,-0.04513682352753223
2350,4512,7.3652343753523075,-21.357421876021625,-907.5,140,3.2411040766402666,228,-0.18115544462038105
2350,4606,7.3652343753523075,-18.052734375863558,-1136.0,225,1.678475536007602,29,-0.0977308603573806
2350,4700,7.3652343753523075,-14.748046875705464,-1019.5,159,2.3805699742152004,75,-0.5607809411930677
2350,4794,7.3652343753523075,-11.443359375547397,-983.5,238,0.8342288009608904,106,-0.10243250324721362
2350,4888,7.3652343753523075,-8.1386718753893,-928.5,271,4.657820004006566,186,-0.280812697133645
2350,4982,7.3652343753523075,-4.833984375231233,-523.0,1,1.7305059376402778,296,0.003498953723253748
2350,5076,7.3652343753523075,-1.5292968750731355,-17.0,90,6.1194322724308785,0,1.0268840700140516
2350,5170,7.3652343753523075,1.775390625084931,1138.0,303,7.0925435178911655,181,-2.6819256524127564
2350,5264,7.3652343753523075,5.080078125243029,-412.5,160,1.4685496555732525,316,-0.0164889426531939
2350,5358,7.3652343753523075,8.384765625401096,-401.5,123,2.8723741651385772,303,-0.0164889426531939
2350,5452,7.3652343753523075,11.689453125559162,-474.0,303,2.6008401153280873,229,0.14450747187479784
2350,5546,7.3652343753523075,14.994140625717257,-908.5,32,10.31348020551832,160,0.6402208762862592
2350,5640,7.3652343753523075,18.298828125875325,-882.5,18,3.3186080931448263,75,-0.1762167793807518
2350,5734,7.3652343753523075,21.603515626033424,-1836.0,0,2.2204331484318445,271,-0.0164889426531939
2350,5828,7.3652343753523075,24.90820312619149,-2108.0,123,1.4234415677426058,1,-0.1597279781031847
2350,5922,7.3652343753523075,28.212890626349587,-1514.5,32,1.1442654158799503,180,-0.04513682352753223
2350,6016,7.3652343753523075,31.51757812650765,-935.5,308,0.4998273706215439,212,-0.5293859503638311
2350,6110,7.3652343753523075,34.822265626665754,-761.0,271,0.4418685326144075,0,-0.0164889426531939
2350,6204,7.3652343753523075,38.126953126823814,-893.5,111,1.6593931428928714,45,-0.06029179822186395
2350,6298,7.3652343753523075,41.43164062698188,-628.0,27,3.6836127618455254,206,-0.503490108530253
2350,6392,7.3652343753523075,44.736328127139984,-1676.5,149,17.857613170287255,0,0.3079138423635796
2350,6486,7.3652343753523075,48.041015627298044,-1991.5,32,2.074566910965834,271,0.2678230055698557
2350,6580,7.3652343753523075,51.34570312745615,-1679.0,6,2.6343980980881625,113,-0.03826849533040319
2350,6674,7.3652343753523075,54.650390627614215,-1207.5,32,20.89057661040731,126,-0.5582341540863373
2350,6768,7.3652343753523075,57.95507812777231,-947.5,303,4.41302168197363,193,-1.6071721354440176
2350,6862,7.3652343753523075,61.25976562793038,-902.0,271,5.084217258171864,53,-0.8306706611250612
2350,6956,7.3652343753523075,64.56445312808847,-152.0,303,10.283006419627418,6,-0.0164889426531939
2350,7050,7.3652343753523075,67.86914062824654,-574.0,180,6.188088872003193,28,-0.05812680230401022
2350,7144,7.3652343753523075,71.17382812840461,-168.5,329,5.921762989014727,180,-0.2651551522894772
2350,7238,7.3652343753523075,74.4785156285627,-55.0,73,8.609986358809026,240,-0.7577219675823657
2350,7332,7.3652343753523075,77.78320312872077,-1675.5,329,8.017991851018948,259,1.0859082282106711
2350,7426,7.3652343753523075,81.08789062887887,-2347.0,58,8.926635712764442,271,2.474338125110373
2350,7520,7.3652343753523075,84.39257812903693,-4436.0,199,11.477798824978404,37,0.15197853199322645
2350,7614,7.3652343753523075,87.69726562919503,-1661.5,53,10.908519253603856,208,-0.31494883233832366
2350,7708,7.3652343753523075,91.0019531293531,-1833.0,90,10.57604517787913,271,0.869154556311547
2350,7802,7.3652343753523075,94.30664062951116,-1297.5,238,2.915236474101144,329,-0.0164889426531939
2350,7896,7.3652343753523075,97.61132812966923,-1066.5,42,4.113342016688076,310,-0.0164889426531939
2350,7990,7.3652343753523075,100.91601562982733,36.5,233,8.396170283590624,0,-0.0164889426531939
2350,8084,7.3652343753523075,104.22070312998542,-696.0,90,5.268471604924065,355,0.46618489856190304
2350,8178,7.3652343753523075,107.52539063014352,-3446.5,70,13.252838602260471,217,2.789667422337887
2350,8272,7.3652343753523075,110.83007813030156,-156.0,105,2.7138887825323286,293,0.9160554804229022
2350,8366,7.3652343753523075,114.13476563045967,563.0,90,4.955847662513532,0,1.0016118033702184
2350,8460,7.3652343753523075,117.43945313061775,1077.0,212,11.883067901940407,125,-1.8838223244488739
2350,8554,7.3652343753523075,120.74414063077586,1602.5,193,4.640016393452284,286,-0.0164889426531939
2350,8648,7.3652343753523075,124.04882813093388,2112.5,258,9.411830190126746,50,-0.7473209427642183
2350,8742,7.3652343753523075,127.353515631092,2227.5,21,11.243989036497924,197,0.24138310568795002
2350,8836,7.3652343753523075,130.65820313125008,3749.5,181,5.268471604924065,127,-1.3428681863900842
2350,8930,7.3652343753523075,133.9628906314081,3891.0,144,5.870676026170219,15,-0.897907384848412
2350,9024,7.3652343753523075,137.2675781315662,1072.5,315,9.019262894152064,69,-2.9036493933147187
2350,9118,7.3652343753523075,140.57226563172432,-1098.0,303,4.281868200420042,36,0.8715284162759478
2350,9212,7.3652343753523075,143.8769531318824,-1276.0,67,3.5563866735607403,319,-0.24083773349835688
2350,9306,7.3652343753523075,147.18164063204043,2477.5,324,13.440128632946816,77,0.3234552140504791
2350,9400,7.3652343753523075,150.48632813219854,1455.5,180,5.921103109870105,23,0.1224509800019223
2350,9494,7.3652343753523075,153.79101563235662,363.5,291,11.458050427478673,77,-0.33566947180680046
2350,9588,7.3652343753523075,157.0957031325147,1135.0,26,7.596204700221016,207,0.2423782230899367
2350,9682,7.3652343753523075,160.40039063267278,41.0,303,8.21808578815924,101,-1.3707306349274453
2350,9776,7.3652343753523075,163.70507813283086,-668.5,1,20.1133476426084,180,-0.4727775903283809
2350,9870,7.3652343753523075,167.00976563298897,45.5,324,13.514631081373379,65,0.4296389787326592
2350,9964,7.3652343753523075,170.31445313314703,993.0,90,14.558770245955717,350,0.20147459741428037
2350,10058,7.3652343753523075,173.6191406333051,4392.0,303,15.505314043900198,190,-1.1132466416012687
2350,10152,7.3652343753523075,176.92382813346322,2499.5,29,15.898773507894093,168,0.40613697224439266
2444,0,4.06054687519424,-179.98242188360948,3944.5,328,9.43487903128796,196,-12.96842403107036
2444,94,4.06054687519424,-176.67773438345142,2352.0,40,4.76521982224219,205,-0.38458242888207644
2444,188,4.06054687519424,-173.3730468832933,3909.0,233,5.254929490250015,151,0.578865324284649
2444,282,4.06054687519424,-170.06835938313526,4029.0,153,9.941437427539793,353,1.6561925718073294
2444,376,4.06054687519424,-166.76367188297715,5283.5,65,6.382633607446103,193,-0.40183664982959977
2444,470,4.06054687519424,-163.45898438281907,6196.5,181,7.768585469621202,245,1.59565383297361
2444,564,4.06054687519424,-160.154296882661,7789.0,90,22.646493431972598,275,-0.0164889426531939
2444,658,4.06054687519424,-156.8496093825029,7511.5,5,5.6302092547985305,282,0.09867105713151439
2444,752,4.06054687519424,-153.54492188234482,6271.0,224,5.041637898585102,0,0.7253870167622964
2444,846,4.06054687519424,-150.24023438218674,3706.5,162,5.861687533945672,351,-0.18054673386868952
2444,940,4.06054687519424,-146.9355468820287,6644.0,21,12.949496645651351,271,1.006316434849246
2444,1034,4.06054687519424,-143.63085938187058,4665.5,162,8.535057255992237,94,2.0123533661655015
2444,1128,4.06054687519424,-140.32617188171253,7594.5,303,8.764535156349215,116,-3.0125118294406557
2444,1222,4.06054687519424,-137.02148438155444,4719.5,148,3.7432088889515893,274,-0.0164889426531939
2444,1316,4.06054687519424,-133.71679688139636,2015.5,33,6.527646831469602,239,0.12329913933163497
2444,1410,4.06054687519424,-130.41210938123828,1673.0,90,15.706631512255177,271,0.4492557369568447
2444,1504,4.06054687519424,-127.1074218810802,1955.5,140,8.469905690149357,300,-0.4175520074876181
2444,1598,4.06054687519424,-123.80273438092212,1933.0,288,2.8329990551580084,153,-0.47484430747149575
2444,1692,4.06054687519424,-120.49804688076404,5498.0,123,5.763029692833185,252,-2.0496143892401486
2444,1786,4.06054687519424,-117.19335938060595,4704.5,123,16.865961668791122,281,-0.14980158466211993
2444,1880,4.06054687519424,-113.88867188044787,2771.5,90,9.074198836769973,318,2.3615628080520072
2444,1974,4.06054687519424,-110.58398438028979,1395.0,33,11.016237295737678,117,0.3097166339529544
2444,2068,4.06054687519424,-107.27929688013171,3774.0,180,2.817379194073862,46,-0.37674713340743327
2444,2162,4.06054687519424,-103.97460937997363,2233.0,123,6.683125243422877,252,0.7205475130964502
2444,2256,4.06054687519424,-100.66992187981555,1270.5,337,7.0879287564512365,277,0.7015101131504186
2444,2350,4.06054687519424,-97.36523437965747,2631.5,123,9.597856276303101,271,-0.0164889426531939
2444,2444,4.06054687519424,-94.0605468794994,1876.0,196,13.080516642228211,9,1.8736036639143911
2444,2538,4.06054687519424,-90.75585937934132,1562.5,90,30.101393280751783,233,2.612892046216914
2444,2632,4.06054687519424,-87.45117187918325,-1193.0,90,7.16519185957098,337,1.2242236842158842
2444,2726,4.06054687519424,-84.14648437902515,-33.0,1,13.317484108369097,191,-0.48134286435508766
2444,2820,4.06054687519424,-80.84179687886707,-1087.5,205,7.041959967063857,1,0.33250130142720086
2444,2914,4.06054687519424,-77.53710937870899,-1068.0,290,6.698215574745064,174,0.4789342856804033
2444,3008,4.06054687519424,-74.23242187855091,986.0,271,7.953437783232279,230,-2.340514570489645
2444,3102,4.06054687519424,-70.92773437839283,-906.0,238,5.18109359855143,45,0.6072468990205391
2444,3196,4.06054687519424,-67.62304687823475,479.5,33,2.8915644167602386,134,-2.117405783531834
2444,3290,4.06054687519424,-64.31835937807668,-1566.5,294,2.2166937095071333,142,-0.8981889519552332
2444,3384,4.06054687519424,-61.0136718779186,-1596.0,90,2.44574301542041,0,-0.0164889426531939
2444,3478,4.06054687519424,-57.70898437776051,-1832.5,58,0.568609130916167,201,-0.11892138471543955
2444,3572,4.06054687519424,-54.404296877602434,-1923.5,308,0.10776830727910695,291,-0.04513682352753223
2444,3666,4.06054687519424,-51.09960937744435,-1773.5,1,1.7292314055826223,187,-0.43398767397209
2444,3760,4.06054687519424,-47.79492187728627,-1588.5,0,3.791634694922003,130,-0.31099061476213297
2444,3854,4.06054687519424,-44.49023437712819,-1359.5,303,0.42538053404367326,97,-0.13108027344497347
2444,3948,4.06054687519424,-41.185546876970115,-1503.0,78,3.1626563819952396,213,-0.10243250324721362
2444,4042,4.06054687519424,-37.88085937681202,-1452.5,64,1.1094136572352231,281,-0.0164889426531939
2444,4136,4.06054687519424,-34.57617187665396,-1338.0,289,0.33570215048740115,45,-0.03297788257512757
2444,4230,4.06054687519424,-31.271484376495856,-1287.0,48,2.098572816482491,180,0.04355677150083539
2444,4324,4.06054687519424,-27.966796876337792,-1236.0,1,1.0720057594754038,0,0.3251172462729413
2444,4418,4.06054687519424,-24.662109376179693,-1143.5,116,0.7556727865535842,206,-0.1597279781031847
2444,4512,4.06054687519424,-21.357421876021625,-772.0,90,29.627418538868966,284,-0.0164889426531939
2444,4606,4.06054687519424,-18.052734375863558,-1020.5,148,4.982131867574538,271,0.1628707457511025
2444,4700,4.06054687519424,-14.748046875705464,-1084.5,277,1.6495944275459278,158,-0.12624738859389203
2444,4794,4.06054687519424,-11.443359375547397,-1173.5,204,1.3359832415208537,165,-0.36001110841163086
2444,4888,4.06054687519424,-8.1386718753893,-768.0,181,6.656999639311017,166,0.3286955302360366
2444,4982,4.06054687519424,-4.833984375231233,-890.0,188,1.2537299844976841,302,0.06590225736180033
2444,5076,4.06054687519424,-1.5292968750731355,-977.0,49,10.099722684058118,151,0.6710297291243432
2444,5170,4.06054687519424,1.775390625084931,-736.0,281,2.4145296028664056,22,-0.07378468183348778
2444,5264,4.06054687519424,5.080078125243029,-511.5,154,1.1459375510762322,196,-0.3739152789546472
2444,5358,4.06054687519424,8.384765625401096,-836.0,213,12.198181313811988,335,1.5093289388396733
2444,5452,4.06054687519424,11.689453125559162,-269.5,13,5.779914680779998,167,-0.7168531721233123
2444,5546,4.06054687519424,14.994140625717257,-1538.5,303,33.01075211359479,151,7.852813004138206
2444,5640,4.06054687519424,18.298828125875325,-681.5,297,1.0686827484830126,67,-0.4236020243396126
2444,5734,4.06054687519424,21.603515626033424,-1813.5,206,1.859229357038564,53,-0.27821047406339366
2444,5828,4.06054687519424,24.90820312619149,-2073.5,324,1.9744244544051586,206,-0.503490108530253
2444,5922,4.06054687519424,28.212890626349587,-1729.0,148,0.239175677197496,1,-0.4076492618342336
2444,6016,4.06054687519424,31.51757812650765,-1203.0,40,0.9306464343333253,271,-0.0164889426531939
2444,6110,4.06054687519424,34.822265626665754,-817.0,103,2.328424954785447,298,0.16530985265434447
2444,6204,4.06054687519424,38.126953126823814,-703.5,24,1.6473844952403343,103,-0.503490108530253
2444,6298,4.06054687519424,41.43164062698188,-1176.0,162,1.2519637184086574,235,-0.19640134056382635
2444,6392,4.06054687519424,44.736328127139984,-1688.5,279,4.166217428537798,103,-0.7642191687979224
2444,6486,4.06054687519424,48.041015627298044,-2393.5,323,1.1174550785916493,134,-0.7648782793685789
2444,6580,4.06054687519424,51.34570312745615,-2214.0,70,1.735720463696052,230,-1.209234936392299
2444,6674,4.06054687519424,54.650390627614215,-2017.5,1,2.6008401153280873,287,-0.0164889426531939
2444,6768,4.06054687519424,57.95507812777231,-1660.0,13,10.224010901580586,111,0.7115025420387647
2444,6862,4.06054687519424,61.25976562793038,-2214.0,123,26.892958093014286,316,2.42454359683796
2444,6956,4.06054687519424,64.56445312808847,-782.5,233,8.073479131780026,83,-0.0164889426531939
2444,7050,4.06054687519424,67.86914062824654,-82.0,291,4.021466083395965,129,-1.7362798410832454
2444,7144,4.06054687519424,71.17382812840461,-160.0,90,10.603725504922004,0,-0.0164889426531939
2444,7238,4.06054687519424,74.4785156285627,-1210.0,181,9.683493852138488,44,-0.0164889426531939
2444,7332,4.06054687519424,77.78320312872077,-534.5,1,4.028371540482613,59,-2.068434674979049
2444,7426,4.06054687519424,81.08789062887887,864.5,201,3.0531623057181667,303,-1.9351613780791344
2444,7520,4.06054687519424,84.39257812903693,-1286.0,303,5.209506590386625,86,-3.2000034009117213
2444,7614,4.06054687519424,87.69726562919503,-3976.0,14,2.4336659299590973,277,-0.07980853162173984
2444,7708,4.06054687519424,91.0019531293531,-3666.0,337,3.951608099748001,174,-0.3934929137316847
2444,7802,4.06054687519424,94.30664062951116,-2785.5,303,6.810261456561734,278,-0.0164889426531939
2444,7896,4.06054687519424,97.61132812966923,-1179.5,23,3.5155635969038497,281,1.3159750135321548
2444,7990,4.06054687519424,100.91601562982733,1175.5,219,2.3808606515244013,4,-1.8980980452254088
2444,8084,4.06054687519424,104.22070312998542,1003.0,324,10.153954419253884,77,-1.6492499110969236
2444,8178,4.06054687519424,107.52539063014352,563.5,303,12.293937777454524,70,2.332012391305439
2444,8272,4.06054687519424,110.83007813030156,-1751.5,68,8.59229920163753,226,1.8298110738957762
2444,8366,4.06054687519424,114.13476563045967,1670.0,245,13.026807864814359,12,-1.344176618501702
2444,8460,4.06054687519424,117.43945313061775,1578.5,90,3.7025740973243946,340,0.9696056855968654
2444,8554,4.06054687519424,120.74414063077586,331.5,180,18.966535302474867,0,-0.0164889426531939
2444,8648,4.06054687519424,124.04882813093388,2479.0,1,15.600382529922877,229,-0.3602588724744783
2444,8742,4.06054687519424,127.353515631092,-239.0,123,21.85939437027079,285,0.0835325143801152
2444,8836,4.06054687519424,130.65820313125008,3087.5,213,18.69707501651607,117,-1.2920627587554943
2444,8930,4.06054687519424,133.9628906314081,3585.5,33,31.754376951327927,247,-1.4600577803704655
2444,9024,4.06054687519424,137.2675781315662,-760.5,246,12.74579666551578,70,-1.1721772071314163
2444,9118,4.06054687519424,140.57226563172432,-1089.0,206,10.703882075319823,315,0.009993948316648774
2444,9212,4.06054687519424,143.8769531318824,-959.0,131,5.2776721964440085,275,-0.440394508480725
2444,9306,4.06054687519424,147.18164063204043,-241.5,123,21.93338529868821,271,-0.0164889426531939
2444,9400,4.06054687519424,150.48632813219854,-504.0,226,9.677057344451665,27,0.46834189938221077
2444,9494,4.06054687519424,153.79101563235662,-939.0,144,9.8830913932411,271,1.5414695486547803
2444,9588,4.06054687519424,157.0957031325147,1687.0,303,6.918947802451029,217,1.0092488884204986
2444,9682,4.06054687519424,160.40039063267278,516.5,123,18.975473057862118,354,-1.1074057038536196
2444,9776,4.06054687519424,163.70507813283086,-329.5,111,10.6947252846624,270,-0.08160386459691486
2444,9870,4.06054687519424,167.00976563298897,1405.5,80,5.878642956661476,234,0.7131643706109013
2444,9964,4.06054687519424,170.31445313314703,952.0,108,7.89653241570535,213,0.23423704821578745
2444,10058,4.06054687519424,173.6191406333051,1809.0,144,6.275818374255329,213,-0.10243250324721362
2444,10152,4.06054687519424,176.92382813346322,2964.0,348,4.167267805690569,122,-0.7444971952208715
2538,0,0.7558593750361586,-179.98242188360948,2724.5,328,2.915236474101144,124,-0.48225186060194536
2538,94,0.7558593750361586,-176.67773438345142,1522.5,33,17.870589204631024,271,1.1600546526113715
2538,188,0.7558593750361586,-173.3730468832933,3403.0,181,10.24349499581775,87,3.3614921234254975
2538,282,0.7558593750361586,-170.06835938313526,3993.5,33,19.68083090462063,232,0.10138985571000883
2538,376,0.7558593750361586,-166.76367188297715,6112.5,159,4.831180922160268,304,-0.0164889426531939
2538,470,0.7558593750361586,-163.45898438281907,7635.5,54,5.774984583092955,171,-2.1514291921954505
2538,564,0.7558593750361586,-160.154296882661,3837.0,1,14.163494208877328,165,-0.7513790843273406
2538,658,0.7558593750361586,-156.8496093825029,3037.0,90,12.660566184104876,262,-0.8756244166831587
2538,752,0.7558593750361586,-153.54492188234482,6140.0,33,13.599944050394864,232,-3.4947496927607675
2538,846,0.7558593750361586,-150.24023438218674,7296.0,213,16.789815492610785,23,-0.0164889426531939
2538,940,0.7558593750361586,-146.9355468820287,7460.5,303,3.8430376692778476,70,-2.1411457481471867
2538,1034,0.7558593750361586,-143.63085938187058,5805.0,271,18.865924377788147,67,-0.0164889426531939
2538,1128,0.7558593750361586,-140.32617188171253,7396.0,90,11.624281823987335,0,-0.0164889426531939
2538,1222,0.7558593750361586,-137.02148438155444,3219.5,15,7.661881781614112,138,0.9121204607900213
2538,1316,0.7558593750361586,-133.71679688139636,643.0,329,16.983831447617597,144,2.299294836097613
2538,1410,0.7558593750361586,-130.41210938123828,1449.5,33,5.45091192144059,287,-0.0164889426531939
2538,1504,0.7558593750361586,-127.1074218810802,1378.0,90,6.939463728337134,313,-1.4336916453613642
2538,1598,0.7558593750361586,-123.80273438092212,1962.0,303,4.953698814449409,140,-0.5516558457726586
2538,1692,0.7558593750361586,-120.49804688076404,2058.5,33,19.93691611296728,192,1.5715873783620657
2538,1786,0.7558593750361586,-117.19335938060595,5215.0,324,6.065500860315689,271,-0.0014980204810571666
2538,1880,0.7558593750361586,-113.88867188044787,1638.5,123,18.090891145460716,333,5.296052690514335
2538,1974,0.7558593750361586,-110.58398438028979,2712.5,70,11.620127561035675,337,0.708200973114103
2538,2068,0.7558593750361586,-107.27929688013171,2906.5,1,8.934468129851918,317,0.6964660284098679
2538,2162,0.7558593750361586,-103.97460937997363,2869.5,213,17.844635242092636,29,3.4604605585650248
2538,2256,0.7558593750361586,-100.66992187981555,2348.0,90,6.485226768019087,312,0.7068473273951551
2538,2350,0.7558593750361586,-97.36523437965747,2244.0,213,17.245619361815482,16,2.260511659142145
2538,2444,0.7558593750361586,-94.0605468794994,1726.0,303,10.320412462137092,28,-0.7707786123317907
2538,2538,0.7558593750361586,-90.75585937934132,1475.5,90,17.547590533049416,307,0.656642089872232
2538,2632,0.7558593750361586,-87.45117187918325,937.5,123,9.782998736286746,328,-0.0164889426531939
2538,2726,0.7558593750361586,-84.14648437902515,819.0,201,7.377046565272774,4,-0.15818359435618495
2538,2820,0.7558593750361586,-80.84179687886707,-423.5,33,8.697332393552404,192,0.6088609847489536
2538,2914,0.7558593750361586,-77.53710937870899,1238.0,250,13.35858994435549,10,-2.564057843004946
2538,3008,0.7558593750361586,-74.23242187855091,732.5,70,9.060664260208432,272,-1.1690653940107734
2538,3102,0.7558593750361586,-70.92773437839283,-372.5,106,8.192795740652466,347,-0.96985590760623
2538,3196,0.7558593750361586,-67.62304687823475,-1190.0,192,10.585323686265122,314,-0.0164889426531939
2538,3290,0.7558593750361586,-64.31835937807668,-1535.5,289,1.1937223665879988,83,-0.8350596673538118
2538,3384,0.7558593750361586,-61.0136718779186,-1757.5,213,0.5399639227913607,105,-0.7105283389231424
2538,3478,0.7558593750361586,-57.70898437776051,-1775.5,123,0.37300224252188474,205,-0.5607809411930677
2538,3572,0.7558593750361586,-54.404296877602434,-1966.5,181,1.0720057594754038,0,-0.0164889426531939
2538,3666,0.7558593750361586,-51.09960937744435,-1970.5,123,0.2534993572268678,0,-0.0164889426531939
2538,3760,0.7558593750361586,-47.79492187728627,-1896.5,67,0.40432525780423817,194,-0.17681037569880376
2538,3854,0.7558593750361586,-44.49023437712819,-1706.5,332,1.1544987567362341,114,-0.13324526015545207
2538,3948,0.7558593750361586,-41.185546876970115,-1502.5,33,0.4535345719538705,75,-0.2621591747696116
2538,4042,0.7558593750361586,-37.88085937681202,-1304.5,21,1.2854986037208813,271,-0.0164889426531939
2538,4136,0.7558593750361586,-34.57617187665396,-1434.0,1,1.7305059376402778,303,0.36808750637262466
2538,4230,0.7558593750361586,-31.271484376495856,-1245.5,176,1.387450620749812,253,-0.06073644955834428
2538,4324,0.7558593750361586,-27.966796876337792,-1266.0,123,3.857297030400624,328,0.22746157667546396
2538,4418,0.7558593750361586,-24.662109376179693,-1192.0,239,0.3421569650736756,130,-0.287974493112734
2538,4512,0.7558593750361586,-21.357421876021625,-1085.0,340,2.05355294073099,130,0.38457573801821127
2538,4606,0.7558593750361586,-18.052734375863558,-1060.5,263,2.3912943143819727,131,-0.1796021246266093
2538,4700,0.7558593750361586,-14.748046875705464,-961.0,324,7.525137207137159,198,-0.8737002757205029
2538,4794,0.7558593750361586,-11.443359375547397,-1128.5,90,1.9832659886595665,271,0.024317891836077844
2538,4888,0.7558593750361586,-8.1386718753893,-1013.0,102,2.026268325352922,54,-0.0164889426531939
2538,4982,0.7558593750361586,-4.833984375231233,-918.0,180,3.7717337466929375,307,0.43387598427807145
2538,5076,0.7558593750361586,-1.5292968750731355,-865.0,160,0.9609481504276574,319,-0.48086774908218954
2538,5170,0.7558593750361586,1.775390625084931,-669.5,201,1.7736244830900367,271,-0.0164889426531939
2538,5264,0.7558593750361586,5.080078125243029,1498.5,90,5.980552117198704,4,-2.8098349747508418
2538,5358,0.7558593750361586,8.384765625401096,759.5,77,2.204106278048145,148,-0.3445433057900969
2538,5452,0.7558593750361586,11.689453125559162,-297.0,33,13.599944050394864,132,-1.036134665947973
2538,5546,0.7558593750361586,14.994140625717257,645.0,350,3.91046241571281,90,-2.173668323875145
2538,5640,0.7558593750361586,18.298828125875325,-1015.0,291,5.453498011784919,164,-0.27994718575494215
2538,5734,0.7558593750361586,21.603515626033424,-1507.0,209,1.5050799894837374,33,-0.9617789592159124
2538,5828,0.7558593750361586,24.90820312619149,-2069.0,59,0.7196583498974534,135,-0.21702313350765684
2538,5922,0.7558593750361586,28.212890626349587,-2185.0,196,0.39090637778422077,0,-0.0164889426531939
2538,6016,0.7558593750361586,31.51757812650765,-1860.5,90,1.301090296303064,315,-0.0164889426531939
2538,6110,0.7558593750361586,34.822265626665754,-979.5,253,12.117437888830812,60,-0.0164889426531939
2538,6204,0.7558593750361586,38.126953126823814,-1470.5,213,3.663264087452618,111,-0.03297788257512757
2538,6298,0.7558593750361586,41.43164062698188,-1385.5,1,3.1645984178716575,58,0.24617345910783658
2538,6392,0.7558593750361586,44.736328127139984,-1524.5,346,0.6832346389491728,180,-0.21702313350765684
2538,6486,0.7558593750361586,48.041015627298044,-1729.5,213,0.29647020003562263,67,-0.7920964985234272
2538,6580,0.7558593750361586,51.34570312745615,-2098.0,226,2.060039569189804,60,-1.0450940759186573
2538,6674,0.7558593750361586,54.650390627614215,-2523.0,1,1.1579168714425208,213,-0.3758578681019575
2538,6768,0.7558593750361586,57.95507812777231,-2508.0,328,1.227341500311607,45,-0.0164889426531939
2538,6862,0.7558593750361586,61.25976562793038,-1797.0,291,4.238249092115439,70,-0.5887590369200019
2538,6956,0.7558593750361586,64.56445312808847,-1725.0,194,1.179422385288442,333,-0.38890553719994264
2538,7050,0.7558593750361586,67.86914062824654,-780.0,234,3.8815041825134107,160,-0.4886201646334575
2538,7144,0.7558593750361586,71.17382812840461,-713.0,144,13.64997070074768,300,2.2419597640542253
2538,7238,0.7558593750361586,74.4785156285627,-1646.5,90,3.619637906091767,272,0.45761355174435
2538,7332,0.7558593750361586,77.78320312872077,116.5,303,22.999953315891275,100,1.7825010875643255
2538,7426,0.7558593750361586,81.08789062887887,-1460.0,303,13.627004864804038,122,-2.91899937334494
2538,7520,0.7558593750361586,84.39257812903693,-3679.0,305,2.369730818011022,48,-0.47484430747149575
2538,7614,0.7558593750361586,87.69726562919503,-3935.5,250,0.9466281746241443,271,-0.1454697604324678
2538,7708,0.7558593750361586,91.0019531293531,-3758.5,110,1.5912678017833848,271,-0.0164889426531939
2538,7802,0.7558593750361586,94.30664062951116,-1648.5,84,4.818573621584071,318,-0.0164889426531939
2538,7896,0.7558593750361586,97.61132812966923,-968.5,149,7.866246796784678,54,-0.33679597496159486
2538,7990,0.7558593750361586,100.91601562982733,-90.5,103,13.53755666002713,294,1.7771984170828061
2538,8084,0.7558593750361586,104.22070312998542,913.0,220,6.203208679372131,45,1.283185817882904
2538,8178,0.7558593750361586,107.52539063014352,2155.0,180,17.859574559567957,24,-1.4677682265599432
2538,8272,0.7558593750361586,110.83007813030156,1438.0,67,6.421186812951,303,-0.0164889426531939
2538,8366,0.7558593750361586,114.13476563045967,-948.5,354,5.882627194364291,201,1.1651341378971254
2538,8460,0.7558593750361586,117.43945313061775,1617.0,90,25.83683253939939,313,-0.0164889426531939
2538,8554,0.7558593750361586,120.74414063077586,1386.0,123,6.584195729928021,9,0.060557269910651995
2538,8648,0.7558593750361586,124.04882813093388,3021.0,136,18.338808822144216,1,1.4813998731736955
2538,8742,0.7558593750361586,127.353515631092,4569.0,181,14.236250708968006,303,-0.10243250324721362
2538,8836,0.7558593750361586,130.65820313125008,2775.5,296,3.6825383969554744,56,0.06768680515622981
2538,8930,0.7558593750361586,133.9628906314081,4246.5,303,4.967915647636012,171,-1.2896305442494609
2538,9024,0.7558593750361586,137.2675781315662,4540.0,123,10.421620268823993,308,1.5733137888399302
2538,9118,0.7558593750361586,140.57226563172432,1518.5,213,24.899523045728966,9,-2.650203141902745
2538,9212,0.7558593750361586,143.8769531318824,1014.5,123,27.76563207818201,317,-1.1747039019989305
2538,9306,0.7558593750361586,147.18164063204043,1925.0,213,12.849266798152186,310,2.926336150328333
2538,9400,0.7558593750361586,150.48632813219854,2359.5,50,4.772299709596335,208,-1.1762704050857076
2538,9494,0.7558593750361586,153.79101563235662,1866.5,111,7.544344418074221,319,0.4229987618165006
2538,9588,0.7558593750361586,157.0957031325147,1632.0,144,4.27905200117491,342,0.7238699881152517
2538,9682,0.7558593750361586,160.40039063267278,1740.5,33,10.310738979180757,247,0.7737750634637233
2538,9776,0.7558593750361586,163.70507813283086,1396.0,123,12.515246246836128,239,-1.313424124354442
2538,9870,0.7558593750361586,167.00976563298897,1075.0,149,9.009872111006686,193,0.4423327321431339
2538,9964,0.7558593750361586,170.31445313314703,1214.0,123,8.960310431669992,234,0.012158946465612564
2538,10058,0.7558593750361586,173.6191406333051,2316.5,196,3.676480294489933,33,-1.066369315918129
2538,10152,0.7558593750361586,176.92382813346322,2658.0,316,5.6521553902868735,50,0.04430578130118203
2632,0,-2.5488281251219234,-179.98242188360948,1585.0,181,5.980358062547942,188,-1.5917132776998286
2632,94,-2.5488281251219234,-176.67773438345142,3223.0,291,11.133712215951947,340,0.8214638027832999
2632,188,-2.5488281251219234,-173.3730468832933,3534.0,181,5.694266986503134,91,0.7525487733436317
2632,282,-2.5488281251219234,-170.06835938313526,4632.0,91,36.93263173614172,346,0.36558122380408914
2632,376,-2.5488281251219234,-166.76367188297715,6413.0,175,2.2431731384289533,91,0.4183473505581682
2632,470,-2.5488281251219234,-163.45898438281907,5469.0,303,12.184496155963917,103,-0.44619826901782156
2632,564,-2.5488281251219234,-160.154296882661,2803.0,273,4.233764518002223,180,0.012158946465612564
2632,658,-2.5488281251219234,-156.8496093825029,2680.5,181,2.9436786296807216,34,0.02565184707982851
2632,752,-2.5488281251219234,-153.54492188234482,3805.5,180,5.382076073059819,350,1.7480900214070643
2632,846,-2.5488281251219234,-150.24023438218674,5116.5,299,15.966200536278526,128,4.3757115330078635
2632,940,-2.5488281251219234,-146.9355468820287,6521.0,91,13.993753874730215,327,0.021941285890360908
2632,1034,-2.5488281251219234,-143.63085938187058,5692.5,181,9.826826596734136,31,0.8174923565962685
2632,1128,-2.5488281251219234,-140.32617188171253,7544.5,91,6.13086594565057,268,-1.4465091696709975
2632,1222,-2.5488281251219234,-137.02148438155444,5055.5,213,8.77913315611742,92,-1.8726510899216795
2632,1316,-2.5488281251219234,-133.71679688139636,2048.0,303,17.857613170287255,180,4.298330130055206
2632,1410,-2.5488281251219234,-130.41210938123828,3001.5,60,2.9089046156952185,6,-1.7348319755034711
2632,1504,-2.5488281251219234,-127.1074218810802,1883.0,31,3.9720060165757776,92,-0.48047337880842694
2632,1598,-2.5488281251219234,-123.80273438092212,2703.0,270,8.934468129851918,199,-0.37355736634014636
2632,1692,-2.5488281251219234,-120.49804688076404,3797.0,103,4.719696516910653,161,-1.2715381362557536
2632,1786,-2.5488281251219234,-117.19335938060595,2899.5,52,8.380338972838663,234,0.6137411563433645
2632,1880,-2.5488281251219234,-113.88867188044787,2856.0,54,6.961292230663667,315,1.642473603461982
2632,1974,-2.5488281251219234,-110.58398438028979,2231.5,0,6.183809152254227,143,-0.2421345055123343
2632,2068,-2.5488281251219234,-107.27929688013171,3092.0,0,9.250040548324762,213,0.7283169601539786
2632,2162,-2.5488281251219234,-103.97460937997363,3676.5,13,2.5629095695842126,283,-1.3200889376299627
2632,2256,-2.5488281251219234,-100.66992187981555,3063.5,33,12.665323027103291,197,0.47936466261714633
2632,2350,-2.5488281251219234,-97.36523437965747,1956.5,180,10.132488585446236,52,-0.2905650698050255
2632,2444,-2.5488281251219234,-94.0605468794994,2554.0,123,15.969767359550186,0,-0.0164889426531939
2632,2538,-2.5488281251219234,-90.75585937934132,2244.5,303,10.670813641563031,64,-1.3221934892903353
2632,2632,-2.5488281251219234,-87.45117187918325,1524.0,180,4.329729748609331,92,-0.9904185347039922
2632,2726,-2.5488281251219234,-84.14648437902515,973.0,303,2.629428365022283,91,-1.6725372462523669
2632,2820,-2.5488281251219234,-80.84179687886707,549.0,0,1.8501998067392489,255,-1.0719096499027345
2632,2914,-2.5488281251219234,-77.53710937870899,342.5,170,8.396511030348751,287,0.9811138747336465
2632,3008,-2.5488281251219234,-74.23242187855091,-472.5,195,2.134197527794026,90,0.07435915565124394
2632,3102,-2.5488281251219234,-70.92773437839283,-121.5,181,21.737773734642055,54,0.9351393044813389
2632,3196,-2.5488281251219234,-67.62304687823475,-1371.0,21,5.036842277730005,212,-1.233265224069929
2632,3290,-2.5488281251219234,-64.31835937807668,-934.0,291,7.48033286380701,0,1.876399830278928
2632,3384,-2.5488281251219234,-61.0136718779186,-1624.5,200,2.1834734123550126,121,-0.5398171842274486
2632,3478,-2.5488281251219234,-57.70898437776051,-1896.5,209,0.3047690215151244,0,-0.0164889426531939
2632,3572,-2.5488281251219234,-54.404296877602434,-1929.0,46,0.7460081328788257,307,-0.17338482976151323
2632,3666,-2.5488281251219234,-51.09960937744435,-1776.0,123,6.541785257907532,1,-0.25993596175844175
2632,3760,-2.5488281251219234,-47.79492187728627,-2020.5,180,0.24134063735884953,33,-0.18315635764213545
2632,3854,-2.5488281251219234,-44.49023437712819,-1994.5,211,0.34946232671721916,230,-0.24567055560790751
2632,3948,-2.5488281251219234,-41.185546876970115,-1854.0,95,0.7124521585124716,151,-0.2565609635238352
2632,4042,-2.5488281251219234,-37.88085937681202,-1833.0,219,0.2672048572466703,164,-0.21702313350765684
2632,4136,-2.5488281251219234,-34.57617187665396,-1714.0,33,0.46834975280139834,214,-0.0750603742462528
2632,4230,-2.5488281251219234,-31.271484376495856,-1178.0,1,1.5587603130695047,160,-0.5607809411930677
2632,4324,-2.5488281251219234,-27.966796876337792,-1007.5,238,4.213621011978597,202,-1.1433534828300378
2632,4418,-2.5488281251219234,-24.662109376179693,-1411.5,213,3.043803617590766,45,-0.0164889426531939
2632,4512,-2.5488281251219234,-21.357421876021625,-1166.0,54,1.2301721739941787,222,-0.9499186310745369
2632,4606,-2.5488281251219234,-18.052734375863558,-1278.0,33,2.2004749868946494,232,-0.1570600874980402
2632,4700,-2.5488281251219234,-14.748046875705464,-1182.0,281,1.783716292013302,154,-0.8381457394496727
2632,4794,-2.5488281251219234,-11.443359375547397,-529.5,291,2.2602896790779505,91,-1.5284626495174882
2632,4888,-2.5488281251219234,-8.1386718753893,-1058.5,162,2.644480887688131,212,-0.11521200633815973
2632,4982,-2.5488281251219234,-4.833984375231233,-178.0,180,11.101104195375072,0,-0.0164889426531939
2632,5076,-2.5488281251219234,-1.5292968750731355,-630.0,33,6.127172143555844,253,-0.040749118233300886
2632,5170,-2.5488281251219234,1.775390625084931,-58.5,320,6.866159776988462,97,-0.3246143496759305
2632,5264,-2.5488281251219234,5.080078125243029,1510.5,213,8.204054017434524,67,-2.0653071153568
2632,5358,-2.5488281251219234,8.384765625401096,698.0,213,2.915236474101144,64,-1.0587400457550835
2632,5452,-2.5488281251219234,11.689453125559162,-94.5,263,4.382308411287074,0,-0.0164889426531939
2632,5546,-2.5488281251219234,14.994140625717257,515.0,181,25.975909357380985,0,-0.0164889426531939
2632,5640,-2.5488281251219234,18.298828125875325,248.0,270,8.35155552078872,136,-1.4578923303168576
2632,5734,-2.5488281251219234,21.603515626033424,-1360.5,133,4.990852586533708,71,-0.09610159255061368
2632,5828,-2.5488281251219234,24.90820312619149,-2193.5,295,4.840364789442106,140,-0.7476354982562595
2632,5922,-2.5488281251219234,28.212890626349587,-2314.0,1,2.1025106595406013,340,0.23484575483204842
2632,6016,-2.5488281251219234,31.51757812650765,-1924.5,275,4.65455765136389,312,0.07304552352841169
2632,6110,-2.5488281251219234,34.822265626665754,-1575.0,244,5.289833400172936,0,-0.0164889426531939
2632,6204,-2.5488281251219234,38.126953126823814,-1432.0,320,14.323983455801445,81,-1.021166361163908
2632,6298,-2.5488281251219234,41.43164062698188,-1618.0,91,2.6744685669226524,250,-0.38890553719994264
2632,6392,-2.5488281251219234,44.736328127139984,-1609.0,226,1.41911423514321,162,-0.3493996710639046
2632,6486,-2.5488281251219234,48.041015627298044,-2040.0,321,1.6078287076574873,163,-0.3288129576247354
2632,6580,-2.5488281251219234,51.34570312745615,-2264.0,296,0.8972397638779624,158,-0.2959673007129658
2632,6674,-2.5488281251219234,54.650390627614215,-2460.5,185,1.2641104370475964,328,-0.0164889426531939
2632,6768,-2.5488281251219234,57.95507812777231,-2331.0,201,1.6147374395296448,0,-0.0164889426531939
2632,6862,-2.5488281251219234,61.25976562793038,-2038.0,49,3.3134643220914253,135,0.5278060318718353
2632,6956,-2.5488281251219234,64.56445312808847,-1094.5,91,12.172878338782693,329,-1.343680963853666
2632,7050,-2.5488281251219234,67.86914062824654,-2729.0,180,16.499932508239407,5,1.6596259911745868
2632,7144,-2.5488281251219234,71.17382812840461,147.5,180,4.4436508716581775,89,-0.9186439613473776
2632,7238,-2.5488281251219234,74.4785156285627,67.0,91,4.583851516011069,310,-1.8346519247030861
2632,7332,-2.5488281251219234,77.78320312872077,219.0,1,6.091108433871385,260,-2.3145606502451703
2632,7426,-2.5488281251219234,81.08789062887887,-2854.0,329,11.791774888256882,146,-1.563932595063367
2632,7520,-2.5488281251219234,84.39257812903693,-3608.0,333,3.0589737577218306,82,-0.3888472789514173
2632,7614,-2.5488281251219234,87.69726562919503,-3660.0,229,1.3896530105504517,286,-0.15189908582602568
2632,7708,-2.5488281251219234,91.0019531293531,-3612.0,270,3.8028549106536294,347,-0.01471033545522195
2632,7802,-2.5488281251219234,94.30664062951116,-171.5,1,15.040781565770596,267,-3.515685186686524
2632,7896,-2.5488281251219234,97.61132812966923,-1506.0,136,14.124466007402715,310,1.828513928420743
2632,7990,-2.5488281251219234,100.91601562982733,2848.0,91,7.869122302398598,213,-1.047696186494907
2632,8084,-2.5488281251219234,104.22070312998542,1245.0,123,23.50539909980203,286,-0.0164889426531939
2632,8178,-2.5488281251219234,107.52539063014352,1524.0,123,4.536848715544774,274,0.13855650205621645
2632,8272,-2.5488281251219234,110.83007813030156,2422.0,180,11.045922075452129,0,-0.0164889426531939
2632,8366,-2.5488281251219234,114.13476563045967,1997.0,329,20.438465947085344,155,-0.6349785912561806
2632,8460,-2.5488281251219234,117.43945313061775,-355.0,132,10.361270290525828,301,2.526666572245086
2632,8554,-2.5488281251219234,120.74414063077586,877.5,337,4.212204055825007,96,0.9297566961083108
2632,8648,-2.5488281251219234,124.04882813093388,437.0,213,7.838884785434414,83,-0.4416125827512537
2632,8742,-2.5488281251219234,127.353515631092,986.0,119,10.121603291483824,270,-1.2817596454751183
2632,8836,-2.5488281251219234,130.65820313125008,3568.5,181,16.31539802343528,40,-0.0164889426531939
2632,8930,-2.5488281251219234,133.9628906314081,3259.0,1,21.291470147416717,183,0.6835095465034863
2632,9024,-2.5488281251219234,137.2675781315662,2772.5,26,7.78189584019246,160,-0.2607174328786874
2632,9118,-2.5488281251219234,140.57226563172432,4729.5,180,7.5315207133414495,71,-2.0018631375635056
2632,9212,-2.5488281251219234,143.8769531318824,2960.5,181,7.527265063424311,93,-0.5696775090026303
2632,9306,-2.5488281251219234,147.18164063204043,1709.5,123,11.77329103216235,227,0.6042398115011565
2632,9400,-2.5488281251219234,150.48632813219854,2159.5,252,5.639291118730055,45,1.0412033498567053
2632,9494,-2.5488281251219234,153.79101563235662,2839.5,91,12.664688111448994,326,-0.0164889426531939
2632,9588,-2.5488281251219234,157.0957031325147,2810.5,286,8.98403686751103,91,3.360104691624844
2632,9682,-2.5488281251219234,160.40039063267278,3085.0,248,2.4059551540861386,123,-0.6128519545678673
2632,9776,-2.5488281251219234,163.70507813283086,1949.0,111,6.037912066952566,324,0.38241083677707793
2632,9870,-2.5488281251219234,167.00976563298897,799.0,181,11.706711768300364,15,-0.0164889426531939
2632,9964,-2.5488281251219234,170.31445313314703,5.5,226,3.327238990537559,6,0.595014834907783
2632,10058,-2.5488281251219234,173.6191406333051,2115.0,91,15.759714526600197,322,1.1773581216352715
2632,10152,-2.5488281251219234,176.92382813346322,2581.0,0,15.804752520053173,181,-0.7545192733998668
2726,0,-5.853515625280005,-179.98242188360948,56.5,110,9.736812667608854,270,-0.7899319129163823
2726,94,-5.853515625280005,-176.67773438345142,3019.0,91,16.578911299845405,213,1.1865527706898216
2726,188,-5.853515625280005,-173.3730468832933,1027.5,18,22.257872564951395,75,3.114948028084545
2726,282,-5.853515625280005,-170.06835938313526,4687.5,145,4.25004517577265,39,-0.4969361963533602
2726,376,-5.853515625280005,-166.76367188297715,6960.0,1,5.694266986503134,0,-0.0164889426531939
2726,470,-5.853515625280005,-163.45898438281907,5134.0,213,17.088706928467957,45,-0.0164889426531939
2726,564,-5.853515625280005,-160.154296882661,3065.0,273,2.7093465117954905,84,-0.4965747603043629
2726,658,-5.853515625280005,-156.8496093825029,1537.5,169,11.957910721970151,353,5.414552885204648
2726,752,-5.853515625280005,-153.54492188234482,4242.5,285,2.0188798928739287,200,-1.555514516638433
2726,846,-5.853515625280005,-150.24023438218674,6194.5,213,25.380805112130666,76,0.021844804447592885
2726,940,-5.853515625280005,-146.9355468820287,6276.0,91,21.539755034912144,337,-0.0164889426531939
2726,1034,-5.853515625280005,-143.63085938187058,6211.0,123,13.735186069667371,274,-0.5875892696876212
2726,1128,-5.853515625280005,-140.32617188171253,5725.5,220,2.7858763330266303,149,-0.903831568883864
2726,1222,-5.853515625280005,-137.02148438155444,6410.5,7,7.354877755443929,270,0.46618489856190304
2726,1316,-5.853515625280005,-133.71679688139636,6219.0,1,4.785199544960467,311,0.8638789945726699
2726,1410,-5.853515625280005,-130.41210938123828,2329.5,174,6.0148762605832795,47,0.6024022545893499
2726,1504,-5.853515625280005,-127.1074218810802,2759.5,181,21.41571808766855,16,-0.0164889426531939
2726,1598,-5.853515625280005,-123.80273438092212,5371.0,233,7.595517136791206,33,-0.0164889426531939
2726,1692,-5.853515625280005,-120.49804688076404,4531.0,324,6.728304508126043,80,0.023724289988516927
2726,1786,-5.853515625280005,-117.19335938060595,4342.0,123,26.12446034312878,335,-0.6631541786061407
2726,1880,-5.853515625280005,-113.88867188044787,3408.0,33,14.24767374113169,202,-1.1360632280469125
2726,1974,-5.853515625280005,-110.58398438028979,3675.5,238,14.61040530185738,98,-1.23750206868062
2726,2068,-5.853515625280005,-107.27929688013171,3138.0,33,13.51872453461884,292,-0.0164889426531939
2726,2162,-5.853515625280005,-103.97460937997363,5412.0,91,6.261006168263866,326,-1.270784874738041
2726,2256,-5.853515625280005,-100.66992187981555,2973.5,315,5.710003708638568,103,-2.0367258082794804
2726,2350,-5.853515625280005,-97.36523437965747,1190.5,270,6.0104644566623335,116,0.19881408394569638
2726,2444,-5.853515625280005,-94.0605468794994,1252.0,33,12.184496155963917,180,-1.5301905245826648
2726,2538,-5.853515625280005,-90.75585937934132,450.0,25,5.684979367132516,158,-0.5586424891400295
2726,2632,-5.853515625280005,-87.45117187918325,1522.0,130,6.699325587739909,25,-1.0042936225590033
2726,2726,-5.853515625280005,-84.14648437902515,-1637.0,264,11.488273383833874,52,2.0166780119974574
2726,2820,-5.853515625280005,-80.84179687886707,-526.0,292,4.490398194417081,163,0.11209828779687496
2726,2914,-5.853515625280005,-77.53710937870899,-51.5,1,12.21186505858104,123,0.5576049152087038
2726,3008,-5.853515625280005,-74.23242187855091,1253.0,267,2.7694765720597347,160,-1.7943674934129177
2726,3102,-5.853515625280005,-70.92773437839283,-1501.5,316,3.5385637602451867,123,-0.4082735269377056
2726,3196,-5.853515625280005,-67.62304687823475,-1918.0,178,1.5019129385584744,1,-0.21702313350765684
2726,3290,-5.853515625280005,-64.31835937807668,288.5,0,2.5865455036117275,39,-2.5083257926605906
2726,3384,-5.853515625280005,-61.0136718779186,-410.5,91,20.062810920593268,0,-0.0164889426531939
2726,3478,-5.853515625280005,-57.70898437776051,-1765.0,313,1.3168194310957946,213,-0.21995350586362689
2726,3572,-5.853515625280005,-54.404296877602434,-1835.0,241,0.20666941800528774,328,-0.10243250324721362
2726,3666,-5.853515625280005,-51.09960937744435,-1982.5,34,1.1972824279146101,56,-0.19519865109903628
2726,3760,-5.853515625280005,-47.79492187728627,-1998.0,123,0.7433054104477003,270,-0.0164889426531939
2726,3854,-5.853515625280005,-44.49023437712819,-1787.5,213,1.2989264124447988,136,-0.302965016991789
2726,3948,-5.853515625280005,-41.185546876970115,-1872.0,346,0.787671326817664,81,-0.3770752491758099
2726,4042,-5.853515625280005,-37.88085937681202,-1992.0,160,6.680989558365626,315,0.09160754316752467
2726,4136,-5.853515625280005,-34.57617187665396,-1842.0,76,0.6549287833708943,0,-0.0164889426531939
2726,4230,-5.853515625280005,-31.271484376495856,-1577.0,46,0.6458841148134096,229,-0.68631136932227
2726,4324,-5.853515625280005,-27.966796876337792,-1544.5,134,3.1256823934435016,111,-0.28819681340835607
2726,4418,-5.853515625280005,-24.662109376179693,-1616.0,40,2.049352220998957,279,-0.21427322897671516
2726,4512,-5.853515625280005,-21.357421876021625,-1529.5,270,3.0544670995951724,149,-0.11695572781529463
2726,4606,-5.853515625280005,-18.052734375863558,-1516.0,291,1.9438696456091533,179,-0.03926631327246999
2726,4700,-5.853515625280005,-14.748046875705464,-1405.5,229,1.8979182835611124,308,0.09517211341729118
2726,4794,-5.853515625280005,-11.443359375547397,-1375.5,55,0.7865696928397334,124,-0.04513682352753223
2726,4888,-5.853515625280005,-8.1386718753893,-1215.0,38,6.377548675983208,273,0.06020338346950774
2726,4982,-5.853515625280005,-4.833984375231233,-103.0,180,4.591188576338222,0,-0.0164889426531939
2726,5076,-5.853515625280005,-1.5292968750731355,1436.0,91,5.438862451287813,357,-1.6607832370718771
2726,5170,-5.853515625280005,1.775390625084931,378.5,230,6.409883105102859,333,0.2029648495286095
2726,5264,-5.853515625280005,5.080078125243029,-127.0,123,14.93183230871435,283,-0.0164889426531939
2726,5358,-5.853515625280005,8.384765625401096,1940.5,238,2.2004749868946494,64,-2.402463787402948
2726,5452,-5.853515625280005,11.689453125559162,103.5,342,3.184204856360761,182,-0.27864775050827406
2726,5546,-5.853515625280005,14.994140625717257,-21.5,47,5.398965216227984,181,0.32919235569563243
2726,5640,-5.853515625280005,18.298828125875325,690.5,91,4.614466291156039,0,-0.0164889426531939
2726,5734,-5.853515625280005,21.603515626033424,-2123.5,208,7.459117740606554,302,2.668431367662589
2726,5828,-5.853515625280005,24.90820312619149,-2212.0,223,1.7774938343410667,0,-0.0164889426531939
2726,5922,-5.853515625280005,28.212890626349587,-2509.5,10,1.7611942975881423,270,-0.0164889426531939
2726,6016,-5.853515625280005,31.51757812650765,-2249.5,16,4.009809235800743,101,0.2986351398758206
2726,6110,-5.853515625280005,34.822265626665754,-1525.5,201,5.860126433952976,275,-0.32754466973141055
2726,6204,-5.853515625280005,38.126953126823814,-1353.5,0,2.0717386410896137,136,-0.6467150518089517
2726,6298,-5.853515625280005,41.43164062698188,-1833.0,325,2.111349361723649,293,0.20148196238446328
2726,6392,-5.853515625280005,44.736328127139984,-1722.0,149,3.891386893912042,255,-0.3454908360284535
2726,6486,-5.853515625280005,48.041015627298044,-2109.0,206,1.1540257460714445,0,-0.0164889426531939
2726,6580,-5.853515625280005,51.34570312745615,-2212.0,180,2.417146686568336,91,1.1292803936309184
2726,6674,-5.853515625280005,54.650390627614215,-1924.5,16,1.9458100804633764,270,-0.0164889426531939
2726,6768,-5.853515625280005,57.95507812777231,-3792.5,75,14.738998082309083,260,4.680674478056427
2726,6862,-5.853515625280005,61.25976562793038,-1837.5,104,3.564487025506945,44,-0.11878565526253966
2726,6956,-5.853515625280005,64.56445312808847,-2163.0,181,5.067416213233711,280,0.1462935576796418
2726,7050,-5.853515625280005,67.86914062824654,-1024.0,33,8.330304090586313,180,-0.1883756028984613
2726,7144,-5.853515625280005,71.17382812840461,459.5,1,8.99037336625613,206,-0.2743178548766748
2726,7238,-5.853515625280005,74.4785156285627,768.0,91,4.386694654138201,335,-2.207251750319949
2726,7332,-5.853515625280005,77.78320312872077,-1302.0,303,10.100448659234173,96,-1.159634654735101
2726,7426,-5.853515625280005,81.08789062887887,-1443.5,270,17.807652636781977,134,1.336361240156064
2726,7520,-5.853515625280005,84.39257812903693,-3738.0,217,3.5098206492931294,113,-0.43702436610441164
2726,7614,-5.853515625280005,87.69726562919503,-3696.5,185,1.4109168756435448,10,-0.0164889426531939
2726,7708,-5.853515625280005,91.0019531293531,-1878.5,213,12.785288682360042,1,-1.9541850746763478
2726,7802,-5.853515625280005,94.30664062951116,-2545.0,45,3.5672975558874533,260,0.37375122095497754
2726,7896,-5.853515625280005,97.61132812966923,-855.5,91,23.61553636839647,336,1.416583971441753
2726,7990,-5.853515625280005,100.91601562982733,96.0,33,11.094849849130613,238,2.5715756311362674
2726,8084,-5.853515625280005,104.22070312998542,2431.0,18,6.365422212214619,175,-0.9593340614317631
2726,8178,-5.853515625280005,107.52539063014352,2901.0,303,8.246146350450928,240,-1.172947643524321
2726,8272,-5.853515625280005,110.83007813030156,1571.0,1,14.478227874447315,291,-0.0164889426531939
2726,8366,-5.853515625280005,114.13476563045967,2837.5,123,7.712329056991235,180,-1.1336087017784315
2726,8460,-5.853515625280005,117.43945313061775,2671.0,91,14.182407187005786,16,-1.8203496783036401
2726,8554,-5.853515625280005,120.74414063077586,2671.0,91,13.993753874730215,0,-0.0164889426531939
2726,8648,-5.853515625280005,124.04882813093388,4090.5,225,3.8218690723709847,17,-3.5280835408299795
2726,8742,-5.853515625280005,127.353515631092,2849.0,329,6.591921627640048,106,-0.18354274458554634
2726,8836,-5.853515625280005,130.65820313125008,4297.5,181,5.694266986503134,0,-0.0164889426531939
2726,8930,-5.853515625280005,133.9628906314081,4349.5,91,13.804790451364937,0,-0.0164889426531939
2726,9024,-5.853515625280005,137.2675781315662,4614.0,296,4.104570292851745,180,0.7856027349433848
2726,9118,-5.853515625280005,140.57226563172432,3143.0,288,20.763138303750697,4,-0.571709771135508
2726,9212,-5.853515625280005,143.8769531318824,2105.5,270,19.428368524448533,77,-0.0164889426531939
2726,9306,-5.853515625280005,147.18164063204043,1900.5,60,5.291306899642788,238,-0.11773931133225975
2726,9400,-5.853515625280005,150.48632813219854,-1263.5,303,8.077723677806587,54,2.6442634467593655
2726,9494,-5.853515625280005,153.79101563235662,778.5,66,17.921936994324838,182,4.2824988294459425
2726,9588,-5.853515625280005,157.0957031325147,2859.5,251,6.476549947693502,149,-3.012643318774387
2726,9682,-5.853515625280005,160.40039063267278,230.5,213,18.207298375551755,69,0.2549352803467613
2726,9776,-5.853515625280005,163.70507813283086,689.5,213,29.5933011388346,51,0.17161076132664124
2726,9870,-5.853515625280005,167.00976563298897,1709.5,165,3.262213912438413,91,-0.37108342267499705
2726,9964,-5.853515625280005,170.31445313314703,1069.0,193,6.699325587739909,2,-0.0999987428397929
2726,10058,-5.853515625280005,173.6191406333051,2773.0,0,1.1843886991446226,190,-0.5040032760734569
2726,10152,-5.853515625280005,176.92382813346322,2296.0,53,4.599409072114091,191,-1.1921560465609038
2820,0,-9.158203125438089,-179.98242188360948,2578.0,40,5.833160874236632,270,-6.265284630378617
2820,94,-9.158203125438089,-176.67773438345142,2084.5,212,21.488291148870193,13,0.03984892231791805
2820,188,-9.158203125438089,-173.3730468832933,5095.0,21,6.925786642777839,145,-0.3050015502509666
2820,282,-9.158203125438089,-170.06835938313526,4877.5,91,6.938644815422531,191,1.5895773841850929
2820,376,-9.158203125438089,-166.76367188297715,4107.0,253,3.9527194629308666,293,0.5696148572121911
2820,470,-9.158203125438089,-163.45898438281907,5279.0,324,18.911401173752537,173,0.2524688183740648
2820,564,-9.158203125438089,-160.154296882661,2917.5,91,9.826826596734136,319,-0.0164889426531939
2820,658,-9.158203125438089,-156.8496093825029,2738.5,70,15.072363334734233,288,0.17121868315439107
2820,752,-9.158203125438089,-153.54492188234482,4294.5,111,10.588653352608693,0,-0.0164889426531939
2820,846,-9.158203125438089,-150.24023438218674,6488.5,65,3.908838146419002,172,0.13291713195784022
2820,940,-9.158203125438089,-146.9355468820287,4504.0,32,18.13226850816524,176,0.5061896617439151
2820,1034,-9.158203125438089,-143.63085938187058,4536.0,49,6.3371249049059,154,1.1282705630901717
2820,1128,-9.158203125438089,-140.32617188171253,4767.0,32,5.0958393449740935,281,0.4729600250034565
2820,1222,-9.158203125438089,-137.02148438155444,6836.5,111,7.574187105740095,0,-0.0164889426531939
2820,1316,-9.158203125438089,-133.71679688139636,4319.0,9,8.910430479738922,164,1.4987319694883232
2820,1410,-9.158203125438089,-130.41210938123828,3921.0,1,10.855274220006509,182,-0.5123971656536999
2820,1504,-9.158203125438089,-127.1074218810802,5868.5,270,8.651822494669839,128,-1.7920734917302885
2820,1598,-9.158203125438089,-123.80273438092212,5032.0,340,7.3706585557009845,167,-0.9066072682084901
2820,1692,-9.158203125438089,-120.49804688076404,4505.0,303,9.935942197817978,112,-1.2742337954172684
2820,1786,-9.158203125438089,-117.19335938060595,3203.5,343,5.377313430357357,132,-0.35081604161404717
2820,1880,-9.158203125438089,-113.88867188044787,2920.5,270,12.610769978709929,103,0.4342178034591516
2820,1974,-9.158203125438089,-110.58398438028979,4137.0,324,10.195585285974353,151,-1.2949000664273251
2820,2068,-9.158203125438089,-107.27929688013171,4940.5,157,3.7510857522154484,9,-0.1597279781031847
2820,2162,-9.158203125438089,-103.97460937997363,1171.0,342,8.079713876384945,177,-0.3915271575494351
2820,2256,-9.158203125438089,-100.66992187981555,1363.5,91,26.712098942420518,0,-0.0164889426531939
2820,2350,-9.158203125438089,-97.36523437965747,2737.0,180,13.912807328426567,100,-3.499650546105204
2820,2444,-9.158203125438089,-94.0605468794994,428.5,32,8.400407914203893,250,-2.3348974891827887
2820,2538,-9.158203125438089,-90.75585937934132,427.5,254,8.767574773648946,168,-1.1926955508894128
2820,2632,-9.158203125438089,-87.45117187918325,995.0,172,4.785698957606961,11,-0.2190531158297614
2820,2726,-9.158203125438089,-84.14648437902515,-270.0,5,3.5950318826193857,180,-0.1762167793807518
2820,2820,-9.158203125438089,-80.84179687886707,116.5,242,8.40127823612288,47,0.37533704237783705
2820,2914,-9.158203125438089,-77.53710937870899,370.5,91,17.415307219984555,290,1.8742699284470854
2820,3008,-9.158203125438089,-74.23242187855091,1732.5,136,14.438351739414413,338,-1.851452757333577
2820,3102,-9.158203125438089,-70.92773437839283,53.0,32,7.616626630277271,101,-0.9498754731033628
2820,3196,-9.158203125438089,-67.62304687823475,876.5,324,6.098849124059855,123,-1.3831740859779267
2820,3290,-9.158203125438089,-64.31835937807668,-454.0,91,13.9667780085038,0,-0.0164889426531939
2820,3384,-9.158203125438089,-61.0136718779186,-1113.5,100,6.787866657843688,32,1.4549749038228124
2820,3478,-9.158203125438089,-57.70898437776051,-1628.0,27,2.2816082348519515,130,-0.7422057497866292
2820,3572,-9.158203125438089,-54.404296877602434,-1858.5,329,2.6437219994637227,222,-0.15145443710964165
2820,3666,-9.158203125438089,-51.09960937744435,-1926.0,176,1.339621931716301,91,-0.0473018203485757
2820,3760,-9.158203125438089,-47.79492187728627,-1973.5,210,0.6848302571758403,189,-0.3381068004679077
2820,3854,-9.158203125438089,-44.49023437712819,-2109.5,126,1.1936249972596822,0,-0.0164889426531939
2820,3948,-9.158203125438089,-41.185546876970115,-1878.5,25,0.8800551646511813,136,-0.1877086323338739
2820,4042,-9.158203125438089,-37.88085937681202,-1986.5,318,2.2174029711213725,273,0.004767283220500419
2820,4136,-9.158203125438089,-34.57617187665396,-1894.0,148,1.3676290755658176,0,-0.0164889426531939
2820,4230,-9.158203125438089,-31.271484376495856,-1852.5,294,0.6697545273616302,180,-0.07378468183348778
2820,4324,-9.158203125438089,-27.966796876337792,-1278.0,123,7.388567436657175,180,0.9860898263070753
2820,4418,-9.158203125438089,-24.662109376179693,-1842.5,116,1.4985769852829687,178,-0.09466120057801163
2820,4512,-9.158203125438089,-21.357421876021625,-1932.5,139,0.9849739161546148,270,-0.0164889426531939
2820,4606,-9.158203125438089,-18.052734375863558,-1696.5,45,7.001058152823553,157,-0.2621591747696116
2820,4700,-9.158203125438089,-14.748046875705464,-1582.0,201,7.348869176516152,0,-0.0164889426531939
2820,4794,-9.158203125438089,-11.443359375547397,-1585.0,91,1.5015053921253674,270,-0.0164889426531939
2820,4888,-9.158203125438089,-8.1386718753893,-1292.0,32,8.340088020460298,221,-0.2743178548766748
2820,4982,-9.158203125438089,-4.833984375231233,-331.5,21,5.13935149247648,222,-1.5812900383138848
2820,5076,-9.158203125438089,-1.5292968750731355,-643.0,70,1.3194905746851098,193,-0.13401067273114736
2820,5170,-9.158203125438089,1.775390625084931,2079.5,123,9.379113898183437,0,-0.0164889426531939
2820,5264,-9.158203125438089,5.080078125243029,2799.0,91,13.85881144993823,270,-0.0164889426531939
2820,5358,-9.158203125438089,8.384765625401096,502.5,40,3.771603062642876,216,0.8003685028074473
2820,5452,-9.158203125438089,11.689453125559162,340.5,0,3.989495842224839,270,-0.0164889426531939
2820,5546,-9.158203125438089,14.994140625717257,30.0,225,4.13851635652016,7,0.024317891836077844
2820,5640,-9.158203125438089,18.298828125875325,1484.0,332,4.432485563249451,224,0.3429977978277828
2820,5734,-9.158203125438089,21.603515626033424,99.5,238,15.45937211063319,76,-3.080293156393832
2820,5828,-9.158203125438089,24.90820312619149,-2208.5,123,4.042624544925217,250,-0.043604314592625266
2820,5922,-9.158203125438089,28.212890626349587,-2390.0,233,2.2065165193324767,40,-0.27788971671091917
2820,6016,-9.158203125438089,31.51757812650765,-2478.0,38,3.525756403532456,93,0.03964765737587063
2820,6110,-9.158203125438089,34.822265626665754,-1976.5,320,8.679175810129369,234,-0.46784687360354543
2820,6204,-9.158203125438089,38.126953126823814,-1883.5,212,16.879078947992845,114,0.3538556071284298
2820,6298,-9.158203125438089,41.43164062698188,-2062.5,32,8.330304090586313,321,0.8363103623992802
2820,6392,-9.158203125438089,44.736328127139984,-906.5,180,7.841009500239137,11,-1.735268296579636
2820,6486,-9.158203125438089,48.041015627298044,-1629.5,212,1.0153957509920781,21,-0.44619826901782156
2820,6580,-9.158203125438089,51.34570312745615,-1854.5,0,1.1162953920408631,91,0.06945469214089058
2820,6674,-9.158203125438089,54.650390627614215,-2006.5,270,2.472177158515772,23,-0.866062599234351
2820,6768,-9.158203125438089,57.95507812777231,-1740.0,91,3.999911471197781,181,-0.4760034003624294
2820,6862,-9.158203125438089,61.25976562793038,-4458.5,1,14.34111009401834,265,1.9926608452355306
2820,6956,-9.158203125438089,64.56445312808847,-916.0,270,5.791387305987234,205,-0.8748200439149739
2820,7050,-9.158203125438089,67.86914062824654,-1413.5,91,8.458590915149061,296,-0.0164889426531939
2820,7144,-9.158203125438089,71.17382812840461,-1054.0,42,2.0494332428515074,308,-0.0164889426531939
2820,7238,-9.158203125438089,74.4785156285627,-309.0,91,10.168263375296242,225,-0.9339934904336712
2820,7332,-9.158203125438089,77.78320312872077,-222.0,212,5.56576923494325,333,0.006108603767081633
2820,7426,-9.158203125438089,81.08789062887887,665.5,32,7.5716227800276625,231,-1.6488682216565487
2820,7520,-9.158203125438089,84.39257812903693,-1076.5,194,16.469373112965858,8,1.0433676317159735
2820,7614,-9.158203125438089,87.69726562919503,301.0,21,7.386438231552192,164,0.03926260489135434
2820,7708,-9.158203125438089,91.0019531293531,2074.0,32,10.271880261527631,206,-1.4661320141689522
2820,7802,-9.158203125438089,94.30664062951116,267.5,337,15.0210306444545,136,-0.2156987011974342
2820,7896,-9.158203125438089,97.61132812966923,545.5,212,9.574212760180444,58,-0.14694116417448116
2820,7990,-9.158203125438089,100.91601562982733,2102.5,205,19.364589540618283,12,1.0920182960128293
2820,8084,-9.158203125438089,104.22070312998542,-360.0,324,8.92114007545625,185,-1.7479314255628604
2820,8178,-9.158203125438089,107.52539063014352,1735.0,53,11.700484027253589,242,-3.2923296845427563
2820,8272,-9.158203125438089,110.83007813030156,2152.0,324,10.112312714660682,74,-0.6577180805579818
2820,8366,-9.158203125438089,114.13476563045967,2476.5,91,10.603725504922004,0,-0.0164889426531939
2820,8460,-9.158203125438089,117.43945313061775,3167.0,1,6.374210128452949,265,-1.814383296774141
2820,8554,-9.158203125438089,120.74414063077586,1927.0,91,14.929811033602675,220,-1.178133414782148
2820,8648,-9.158203125438089,124.04882813093388,2923.5,255,9.563038337574586,1,0.8428869390211424
2820,8742,-9.158203125438089,127.353515631092,1168.5,91,11.898856781547721,53,4.730994890073988
2820,8836,-9.158203125438089,130.65820313125008,4012.0,106,7.553291932011828,246,-2.129957276654351
2820,8930,-9.158203125438089,133.9628906314081,2654.0,303,18.052054319884157,122,-0.2881756965242316
2820,9024,-9.158203125438089,137.2675781315662,3648.0,288,3.355316296230641,70,-0.16453281764837926
2820,9118,-9.158203125438089,140.57226563172432,3695.0,91,7.22158925113995,290,1.0151930640692062
2820,9212,-9.158203125438089,143.8769531318824,3535.0,136,5.084217258171864,353,-0.9246659571413445
2820,9306,-9.158203125438089,147.18164063204043,3803.0,180,4.484210509082108,76,-2.02864913666826
2820,9400,-9.158203125438089,150.48632813219854,2287.5,56,7.101215836517093,270,-0.0164889426531939
2820,9494,-9.158203125438089,153.79101563235662,1530.5,320,10.504155641300057,123,-2.4618446895183648
2820,9588,-9.158203125438089,157.0957031325147,-572.0,144,22.647061521817555,336,2.883736907536235
2820,9682,-9.158203125438089,160.40039063267278,-1080.0,13,4.435980005081045,66,0.41105735240257996
2820,9776,-9.158203125438089,163.70507813283086,1230.0,65,13.177213993096089,267,-2.4047576781122024
2820,9870,-9.158203125438089,167.00976563298897,-1298.0,346,5.504680230021283,207,0.4563028160315999
2820,9964,-9.158203125438089,170.31445313314703,2224.0,1,6.232697473180402,280,-0.0164889426531939
2820,10058,-9.158203125438089,173.6191406333051,2141.5,136,9.153764788393838,328,-0.0164889426531939
2820,10152,-9.158203125438089,176.92382813346322,1710.0,13,6.145483184466781,285,-0.35489301529330103
2914,0,-12.462890625596168,-179.98242188360948,5981.0,0,6.060640750932452,185,-18.484152238624063
2914,94,-12.462890625596168,-176.67773438345142,3161.5,1,7.193392306962817,205,-0.22564483762501006
2914,188,-12.462890625596168,-173.3730468832933,3158.0,270,15.977589540038107,46,-0.0164889426531939
2914,282,-12.462890625596168,-170.06835938313526,6951.5,136,4.157515023627497,55,-3.0112687319216107
2914,376,-12.462890625596168,-166.76367188297715,4167.5,116,5.322373900993563,26,0.7901247419212744
2914,470,-12.462890625596168,-163.45898438281907,1796.5,316,20.45400514379587,185,1.3568782147790406
2914,564,-12.462890625596168,-160.154296882661,3926.5,70,16.636319476743253,184,3.804145940723781
2914,658,-12.462890625596168,-156.8496093825029,7897.0,0,5.1526780512794605,142,-2.4704342260282544
2914,752,-12.462890625596168,-153.54492188234482,4459.5,180,11.734177516134325,70,-0.002038582998775413
2914,846,-12.462890625596168,-150.24023438218674,4429.0,74,12.510110527265121,209,-2.329310101266812
2914,940,-12.462890625596168,-146.9355468820287,4274.0,180,4.666829459808491,85,0.2874028658469429
2914,1034,-12.462890625596168,-143.63085938187058,4488.5,45,9.311923613416559,277,-0.5845548606410109
2914,1128,-12.462890625596168,-140.32617188171253,3592.5,24,8.973626521533827,179,-2.0924413940620403
2914,1222,-12.462890625596168,-137.02148438155444,3539.0,204,5.928201364834523,41,-0.04849626023147574
2914,1316,-12.462890625596168,-133.71679688139636,5427.0,8,8.706365719813592,171,-0.8914192661908386
2914,1410,-12.462890625596168,-130.41210938123828,4167.5,209,11.593512950067009,0,-0.0164889426531939
2914,1504,-12.462890625596168,-127.1074218810802,1882.0,181,11.926284020055789,31,2.7658867832498997
2914,1598,-12.462890625596168,-123.80273438092212,4203.5,355,8.02670534970879,172,-1.8309310903979155
2914,1692,-12.462890625596168,-120.49804688076404,4265.5,303,14.283969119029946,78,3.7110671901088863
2914,1786,-12.462890625596168,-117.19335938060595,3237.5,123,11.707351285614541,342,-1.0381728055895867
2914,1880,-12.462890625596168,-113.88867188044787,3230.5,32,33.65069102643767,322,9.937351617869355
2914,1974,-12.462890625596168,-110.58398438028979,2930.5,141,5.145894127274222,89,-1.0188099197308507
2914,2068,-12.462890625596168,-107.27929688013171,1513.0,303,7.7375174278747565,153,-1.515212490114475
2914,2162,-12.462890625596168,-103.97460937997363,-749.0,276,16.19943526647547,134,0.4827954049484347
2914,2256,-12.462890625596168,-100.66992187981555,1828.5,140,6.689794056092128,283,-0.0164889426531939
2914,2350,-12.462890625596168,-97.36523437965747,715.5,340,18.225333011936247,176,-1.0832765889436817
2914,2444,-12.462890625596168,-94.0605468794994,92.5,338,12.523037280206724,189,0.4374567634551205
2914,2538,-12.462890625596168,-90.75585937934132,797.5,91,7.334341735795971,1,-0.5607809411930677
2914,2632,-12.462890625596168,-87.45117187918325,-244.5,313,6.99254753386557,180,-0.04513682352753223
2914,2726,-12.462890625596168,-84.14648437902515,346.5,91,10.88025153443752,0,-0.0164889426531939
2914,2820,-12.462890625596168,-80.84179687886707,-43.5,32,11.415913864517293,216,-0.33934308085614967
2914,2914,-12.462890625596168,-77.53710937870899,1737.0,136,10.876075753778368,306,1.0862306701683804
2914,3008,-12.462890625596168,-74.23242187855091,902.0,303,19.05616283318506,117,-1.145548060457578
2914,3102,-12.462890625596168,-70.92773437839283,850.0,306,5.127809796768795,128,0.9370814582699629
2914,3196,-12.462890625596168,-67.62304687823475,-1487.5,296,20.41330730918298,135,1.1098143860858634
2914,3290,-12.462890625596168,-64.31835937807668,311.5,28,2.641997961388071,174,-2.6216224246599342
2914,3384,-12.462890625596168,-61.0136718779186,-2464.0,316,20.596386240147485,110,4.750020904924385
2914,3478,-12.462890625596168,-57.70898437776051,-1113.5,129,5.925884547049451,58,-0.5629457312330003
2914,3572,-12.462890625596168,-54.404296877602434,-1698.5,83,2.5056766947550306,123,-0.08027966477667671
2914,3666,-12.462890625596168,-51.09960937744435,-1834.5,328,2.7032853040401004,215,-0.40050275972729454
2914,3760,-12.462890625596168,-47.79492187728627,-1978.5,64,2.3461526937605335,13,-0.3460010952734551
2914,3854,-12.462890625596168,-44.49023437712819,-1546.0,44,7.264315613246849,208,0.3229523172884625
2914,3948,-12.462890625596168,-41.185546876970115,-690.5,257,1.277416104008269,132,-2.10712805963646
2914,4042,-12.462890625596168,-37.88085937681202,-1846.0,32,0.652296253995516,172,-0.412332981104075
2914,4136,-12.462890625596168,-34.57617187665396,-1774.5,154,1.5869931591669706,221,-0.1597279781031847
2914,4230,-12.462890625596168,-31.271484376495856,-1751.0,180,1.1141312139232735,238,-0.0164889426531939
2914,4324,-12.462890625596168,-27.966796876337792,-1707.5,180,1.9308363081458881,1,-0.22479370723675624
2914,4418,-12.462890625596168,-24.662109376179693,-1854.0,212,0.6688650268823089,0,-0.0164889426531939
2914,4512,-12.462890625596168,-21.357421876021625,-1998.5,91,0.9574501772515932,0,-0.0164889426531939
2914,4606,-12.462890625596168,-18.052734375863558,-1836.0,172,1.4979182080073818,83,-0.1475691189399583
2914,4700,-12.462890625596168,-14.748046875705464,-1330.0,1,2.359950428060158,209,-1.665269064037712
2914,4794,-12.462890625596168,-11.443359375547397,-1818.5,355,0.8413430472158936,127,-0.5474861607198246
2914,4888,-12.462890625596168,-8.1386718753893,-1435.5,44,5.020921269395272,233,-1.3700775930650764
2914,4982,-12.462890625596168,-4.833984375231233,-256.0,123,3.8430376692778476,2,-1.4515749956539883
2914,5076,-12.462890625596168,-1.5292968750731355,-1160.0,181,15.706631512255177,270,4.898974599246553
2914,5170,-12.462890625596168,1.775390625084931,48.5,0,12.785288682360042,196,1.545113363309021
2914,5264,-12.462890625596168,5.080078125243029,-1463.0,160,8.826578051460558,270,-0.0164889426531939
2914,5358,-12.462890625596168,8.384765625401096,-163.5,1,4.671386652155184,282,0.10994534296328264
2914,5452,-12.462890625596168,11.689453125559162,173.5,260,1.34205011421867,88,-0.139270120998098
2914,5546,-12.462890625596168,14.994140625717257,1798.5,205,7.472321125970055,130,1.7333025438121508
2914,5640,-12.462890625596168,18.298828125875325,1597.5,296,6.625843731285508,114,-0.9460373340616601
2914,5734,-12.462890625596168,21.603515626033424,-214.0,91,26.597687345101306,350,0.09988112207015011
2914,5828,-12.462890625596168,24.90820312619149,-501.5,212,6.0138621654005275,56,-2.1676620088600442
2914,5922,-12.462890625596168,28.212890626349587,-1187.0,238,2.9537770356447193,9,-0.9904185347039922
2914,6016,-12.462890625596168,31.51757812650765,-2749.0,294,1.285943031683691,117,-0.4521899826464365
2914,6110,-12.462890625596168,34.822265626665754,-2799.0,52,0.7791089511792499,284,-0.03578686462679863
2914,6204,-12.462890625596168,38.126953126823814,-2536.5,91,16.815458183377693,270,-0.0164889426531939
2914,6298,-12.462890625596168,41.43164062698188,1311.0,1,8.934468129851918,256,-3.8836865746179856
2914,6392,-12.462890625596168,44.736328127139984,-1654.0,316,23.25013228535084,99,2.356161547927648
2914,6486,-12.462890625596168,48.041015627298044,-2035.0,232,22.88455239773542,58,7.137045283581418
2914,6580,-12.462890625596168,51.34570312745615,-1217.5,237,4.001953187229529,0,-0.0164889426531939
2914,6674,-12.462890625596168,54.650390627614215,-1532.5,198,0.6130289156369679,1,-0.6753591278549385
2914,6768,-12.462890625596168,57.95507812777231,-1006.5,181,1.9308363081458881,353,-1.1332699865840516
2914,6862,-12.462890625596168,61.25976562793038,-1302.0,316,3.3540750961696797,0,1.050907382787781
2914,6956,-12.462890625596168,64.56445312808847,-3462.5,224,28.199762056018518,9,8.867818137046898
2914,7050,-12.462890625596168,67.86914062824654,-1747.0,1,4.586002680171675,180,-0.22823434625499972
2914,7144,-12.462890625596168,71.17382812840461,-1684.5,322,3.5766621789862216,212,-0.21121910659857587
2914,7238,-12.462890625596168,74.4785156285627,227.0,123,6.810261456561734,229,-2.1108372774941198
2914,7332,-12.462890625596168,77.78320312872077,370.5,91,6.034451804252709,226,-1.1008246629841931
2914,7426,-12.462890625596168,81.08789062887887,-60.0,70,18.002605597699656,231,-1.3944404225514238
2914,7520,-12.462890625596168,84.39257812903693,-395.5,44,7.508493399112107,191,-1.7209413882772617
2914,7614,-12.462890625596168,87.69726562919503,-716.5,9,6.761251116031561,132,-1.3625781437217634
2914,7708,-12.462890625596168,91.0019531293531,-496.0,1,4.714733337644703,219,-1.446655230777036
2914,7802,-12.462890625596168,94.30664062951116,-933.0,136,14.169360314001915,274,-0.0164889426531939
2914,7896,-12.462890625596168,97.61132812966923,2215.5,136,7.852780803672738,258,-0.7056647002523266
2914,7990,-12.462890625596168,100.91601562982733,2627.5,316,7.74302143493438,65,-3.7146133864164974
2914,8084,-12.462890625596168,104.22070312998542,-1115.5,1,4.927412347624502,0,0.15606498721165504
2914,8178,-12.462890625596168,107.52539063014352,-918.5,102,8.012505281250217,313,-0.0164889426531939
2914,8272,-12.462890625596168,110.83007813030156,2825.0,32,10.074857755870914,196,-1.3835372721656114
2914,8366,-12.462890625596168,114.13476563045967,2526.0,32,15.651513422838867,238,-2.0812233762480825
2914,8460,-12.462890625596168,117.43945313061775,490.5,291,10.783954175536488,105,-0.5225393657976497
2914,8554,-12.462890625596168,120.74414063077586,1393.0,32,12.853382583120762,259,-1.5855873518067078
2914,8648,-12.462890625596168,124.04882813093388,2506.5,123,24.769754032847395,323,-0.0164889426531939
2914,8742,-12.462890625596168,127.353515631092,1037.0,159,16.99499730577459,217,8.208788457739296
2914,8836,-12.462890625596168,130.65820313125008,1339.0,181,10.104724934112008,28,2.857048144953386
2914,8930,-12.462890625596168,133.9628906314081,2297.0,224,11.565145488249021,8,0.47412389312190373
2914,9024,-12.462890625596168,137.2675781315662,1533.5,123,17.402265453511085,354,1.024185494896257
2914,9118,-12.462890625596168,140.57226563172432,4264.0,180,10.864349231201896,316,0.08161361761156283
2914,9212,-12.462890625596168,143.8769531318824,3211.0,303,4.170878824786147,215,-0.24678677537097704
2914,9306,-12.462890625596168,147.18164063204043,4309.0,224,7.592953065264222,38,-1.918241509219897
2914,9400,-12.462890625596168,150.48632813219854,1363.0,172,8.01695644085775,0,1.9790583135822366
2914,9494,-12.462890625596168,153.79101563235662,4117.5,91,18.814603655608128,270,-0.0164889426531939
2914,9588,-12.462890625596168,157.0957031325147,-647.5,232,7.525137207137159,53,2.3269457847924775
2914,9682,-12.462890625596168,160.40039063267278,3310.0,44,10.664111783321378,252,-0.4408627667699116
2914,9776,-12.462890625596168,163.70507813283086,2459.5,44,15.250285276762146,179,-2.406197806144737
2914,9870,-12.462890625596168,167.00976563298897,-536.5,213,8.992049549458143,349,-0.9568644804008938
2914,9964,-12.462890625596168,170.31445313314703,3745.0,84,7.820887040235535,270,1.575821428745263
2914,10058,-12.462890625596168,173.6191406333051,1686.5,316,14.016647497243937,219,-0.6220665046499877
2914,10152,-12.462890625596168,176.92382813346322,3776.0,91,10.714396635958972,9,-0.0164889426531939
3008,0,-15.767578125754252,-179.98242188360948,1393.0,31,10.209459826266379,211,-11.518456747219533
3008,94,-15.767578125754252,-176.67773438345142,3854.0,44,16.390541953409695,180,-0.0164889426531939
3008,188,-15.767578125754252,-173.3730468832933,2195.5,316,28.98513646448082,162,-0.0164889426531939
3008,282,-15.767578125754252,-170.06835938313526,2319.0,123,24.734315290723828,235,-0.0164889426531939
3008,376,-15.767578125754252,-166.76367188297715,4833.5,303,9.072087677238816,195,0.2370107163531683
3008,470,-15.767578125754252,-163.45898438281907,4290.5,44,27.8103009988812,181,-0.09022592311340841
3008,564,-15.767578125754252,-160.154296882661,6210.5,180,4.572432762688572,90,-1.9565860142334996
3008,658,-15.767578125754252,-156.8496093825029,5204.0,346,15.334899780189994,106,0.3586788816944688
3008,752,-15.767578125754252,-153.54492188234482,1209.0,180,5.50897163185094,270,0.9163068009315528
3008,846,-15.767578125754252,-150.24023438218674,2328.0,111,9.231060393356392,295,-0.4803125912073228
3008,940,-15.767578125754252,-146.9355468820287,3828.0,260,3.088989977195926,123,-0.17240537047650625
3008,1034,-15.767578125754252,-143.63085938187058,3574.0,40,6.9962650485124875,260,1.406260676684541
3008,1128,-15.767578125754252,-140.32617188171253,1326.5,136,7.621098931133591,351,1.421920713773136
3008,1222,-15.767578125754252,-137.02148438155444,3941.5,303,12.403288362272109,211,2.028821810623039
3008,1316,-15.767578125754252,-133.71679688139636,4592.0,91,2.5887060889837947,297,-0.2279767564043668
3008,1410,-15.767578125754252,-130.41210938123828,4557.0,70,7.113919816552094,135,1.1787840541688772
3008,1504,-15.767578125754252,-127.1074218810802,4235.5,200,19.058494264734556,91,5.008332563265564
3008,1598,-15.767578125754252,-123.80273438092212,2560.0,270,31.70413181984968,162,0.30626266900963645
3008,1692,-15.767578125754252,-120.49804688076404,4738.5,330,14.24767374113169,190,-1.0186676661704872
3008,1786,-15.767578125754252,-117.19335938060595,4892.5,181,4.642927619740445,27,-1.5759401966517936
3008,1880,-15.767578125754252,-113.88867188044787,5246.0,1,11.170480481361137,176,-0.4097580903506177
3008,1974,-15.767578125754252,-110.58398438028979,4893.5,224,10.581088572169497,270,3.4656608146815557
3008,2068,-15.767578125754252,-107.27929688013171,1494.0,44,8.491722473792201,97,-2.133782334696489
3008,2162,-15.767578125754252,-103.97460937997363,-487.0,211,16.695271677554754,37,0.32203061456928594
3008,2256,-15.767578125754252,-100.66992187981555,181.0,324,10.077603043930255,127,-1.6773547867551577
3008,2350,-15.767578125754252,-97.36523437965747,-2530.5,331,16.269058634174005,187,-0.011269642837824305
3008,2444,-15.767578125754252,-94.0605468794994,-1926.0,344,5.237786855017801,136,-0.4175520074876181
3008,2538,-15.767578125754252,-90.75585937934132,-2264.0,350,3.5175863465435997,309,-0.2621591747696116
3008,2632,-15.767578125754252,-87.45117187918325,-672.5,1,10.188001453163857,231,0.9446622663665267
3008,2726,-15.767578125754252,-84.14648437902515,2655.0,0,22.681241482877628,130,-2.757943916591333
3008,2820,-15.767578125754252,-80.84179687886707,162.0,1,8.121964433977176,145,0.9574501772515932
3008,2914,-15.767578125754252,-77.53710937870899,285.5,281,4.508041377472085,73,-1.2190701731255225
3008,3008,-15.767578125754252,-74.23242187855091,1304.5,211,11.388385619831006,92,-0.0164889426531939
3008,3102,-15.767578125754252,-70.92773437839283,-337.5,150,6.572854594284227,74,-0.812268277100255
3008,3196,-15.767578125754252,-67.62304687823475,-1499.0,143,5.762899764234927,209,-0.0164889426531939
3008,3290,-15.767578125754252,-64.31835937807668,-1522.5,180,2.2576840835351883,46,-0.16902942425706552
3008,3384,-15.767578125754252,-61.0136718779186,-521.0,188,4.6100827911100835,1,0.21448237330214107
3008,3478,-15.767578125754252,-57.70898437776051,-622.0,1,8.570670320661753,274,-0.24567055560790751
3008,3572,-15.767578125754252,-54.404296877602434,-1303.5,225,4.021466083395965,91,-0.0164889426531939
3008,3666,-15.767578125754252,-51.09960937744435,-1828.0,208,2.7031295876631254,1,-0.21702313350765684
3008,3760,-15.767578125754252,-47.79492187728627,-1765.5,1,7.4188686794019105,235,-0.0164889426531939
3008,3854,-15.767578125754252,-44.49023437712819,-1471.0,31,3.981300437135057,343,-0.25335260850422825
3008,3948,-15.767578125754252,-41.185546876970115,-626.5,153,9.871937596527149,358,-1.430314135140328
3008,4042,-15.767578125754252,-37.88085937681202,-1815.0,255,6.7424314200979865,150,-1.1735575775285312
3008,4136,-15.767578125754252,-34.57617187665396,-1603.5,270,7.623662666187979,157,-1.2125032868176535
3008,4230,-15.767578125754252,-31.271484376495856,-1807.5,187,6.401116316512928,224,-0.0164889426531939
3008,4324,-15.767578125754252,-27.966796876337792,-1808.5,133,1.0008963418130459,192,0.08307145702382276
3008,4418,-15.767578125754252,-24.662109376179693,-1912.0,0,2.5579553152832846,91,-0.0164889426531939
3008,4512,-15.767578125754252,-21.357421876021625,-2232.5,1,2.33135052675415,190,0.13979847856481117
3008,4606,-15.767578125754252,-18.052734375863558,-1889.0,270,3.387382091068711,180,-0.0164889426531939
3008,4700,-15.767578125754252,-14.748046875705464,-2227.0,333,0.6460271007443442,180,-0.0164889426531939
3008,4794,-15.767578125754252,-11.443359375547397,-2154.0,303,1.6997206525546702,91,-0.10243250324721362
3008,4888,-15.767578125754252,-8.1386718753893,-1464.0,103,4.548931383169712,270,-0.8780218970751398
3008,4982,-15.767578125754252,-4.833984375231233,-2372.0,320,15.683212903766997,153,3.209009010316718
3008,5076,-15.767578125754252,-1.5292968750731355,-116.0,270,4.842091856832718,91,-0.0164889426531939
3008,5170,-15.767578125754252,1.775390625084931,-431.0,136,13.611430155019848,303,0.7095839363825281
3008,5264,-15.767578125754252,5.080078125243029,396.0,1,9.074198836769973,253,-0.0164889426531939
3008,5358,-15.767578125754252,8.384765625401096,207.0,91,14.960595563036017,216,-0.0164889426531939
3008,5452,-15.767578125754252,11.689453125559162,300.5,6,3.8832693637340356,277,-0.20347435146098977
3008,5546,-15.767578125754252,14.994140625717257,1106.5,91,4.2589537675186095,270,-0.24632680344617386
3008,5640,-15.767578125754252,18.298828125875325,2159.5,123,7.923212607522765,351,-1.3053292756411474
3008,5734,-15.767578125754252,21.603515626033424,644.0,309,3.7168960943850156,195,0.3904528895148365
3008,5828,-15.767578125754252,24.90820312619149,1281.5,123,10.573953097835338,32,0.2986351398758206
3008,5922,-15.767578125754252,28.212890626349587,-2302.0,274,3.0147561498542053,94,-0.24567055560790751
3008,6016,-15.767578125754252,31.51757812650765,-2669.0,211,0.9266456190288888,99,-0.13324526015545207
3008,6110,-15.767578125754252,34.822265626665754,-2747.0,206,0.3297276790146996,47,-0.1883756028984613
3008,6204,-15.767578125754252,38.126953126823814,-2749.0,91,2.6458823878075735,7,-0.35250075848974294
3008,6298,-15.767578125754252,41.43164062698188,-1238.0,123,10.421620268823993,286,-1.7494360507637112
3008,6392,-15.767578125754252,44.736328127139984,552.5,291,3.3177217687862925,51,-1.954274760051139
3008,6486,-15.767578125754252,48.041015627298044,360.0,303,4.839811959780427,52,-0.5732846217077853
3008,6580,-15.767578125754252,51.34570312745615,9.0,1,5.438862451287813,180,-0.0164889426531939
3008,6674,-15.767578125754252,54.650390627614215,-1056.5,91,1.8449859319833835,238,0.6402208762862592
3008,6768,-15.767578125754252,57.95507812777231,-970.0,211,2.8295086382694077,17,0.4418685326144075
3008,6862,-15.767578125754252,61.25976562793038,-2821.5,111,2.4890790316778983,208,0.6206142086385198
3008,6956,-15.767578125754252,64.56445312808847,-2257.5,147,14.228949731620995,19,0.08418790999045464
3008,7050,-15.767578125754252,67.86914062824654,-2080.0,161,15.507737169171529,15,4.869709378137321
3008,7144,-15.767578125754252,71.17382812840461,-2947.0,170,10.82118282607026,330,4.031641499087601
3008,7238,-15.767578125754252,74.4785156285627,-362.5,28,3.7691881170106574,91,-0.0164889426531939
3008,7332,-15.767578125754252,77.78320312872077,-864.5,242,13.386547150439338,74,-0.8255090239044449
3008,7426,-15.767578125754252,81.08789062887887,2108.5,136,10.08201591990591,48,-3.104871197847406
3008,7520,-15.767578125754252,84.39257812903693,-1181.5,159,6.973929412691886,236,0.9133431367825403
3008,7614,-15.767578125754252,87.69726562919503,-2868.5,54,8.12045186915674,148,4.231609031971965
3008,7708,-15.767578125754252,91.0019531293531,151.0,31,10.296873309068822,180,-0.0164889426531939
3008,7802,-15.767578125754252,94.30664062951116,508.5,123,10.158149786640895,224,-0.0164889426531939
3008,7896,-15.767578125754252,97.61132812966923,1301.0,330,7.35699557315541,198,0.1376098590095834
3008,7990,-15.767578125754252,100.91601562982733,519.0,62,12.726328433358475,182,1.7345697120801462
3008,8084,-15.767578125754252,104.22070312998542,1652.0,1,23.951376951171966,201,-0.0164889426531939
3008,8178,-15.767578125754252,107.52539063014352,6.0,316,33.49672276928514,144,-1.6869167444408832
3008,8272,-15.767578125754252,110.83007813030156,2716.0,278,1.3373466104064635,67,-0.7572298586515345
3008,8366,-15.767578125754252,114.13476563045967,1751.0,336,4.042416176070235,67,-1.1028206835945282
3008,8460,-15.767578125754252,117.43945313061775,3824.5,350,0.8915433529174315,273,-2.4741808858780905
3008,8554,-15.767578125754252,120.74414063077586,2816.0,91,8.766649875895206,248,0.3837209621512758
3008,8648,-15.767578125754252,124.04882813093388,3469.5,1,23.8076577632477,180,-0.0164889426531939
3008,8742,-15.767578125754252,127.353515631092,2839.0,303,15.21229492073958,107,-0.0164889426531939
3008,8836,-15.767578125754252,130.65820313125008,2069.5,303,10.493619130988954,44,1.3869866656583165
3008,8930,-15.767578125754252,133.9628906314081,3453.5,136,7.085709567787447,343,-1.8319306270268012
3008,9024,-15.767578125754252,137.2675781315662,1122.0,144,9.500348094210777,239,0.001412061017171208
3008,9118,-15.767578125754252,140.57226563172432,2257.5,324,5.430941140530201,44,-1.1709002241446873
3008,9212,-15.767578125754252,143.8769531318824,4942.0,316,10.765523071379775,181,0.9466281746241443
3008,9306,-15.767578125754252,147.18164063204043,5870.0,1,23.927445925339963,195,-0.0164889426531939
3008,9400,-15.767578125754252,150.48632813219854,3842.5,44,15.782236024846103,180,-0.0164889426531939
3008,9494,-15.767578125754252,153.79101563235662,1612.0,0,5.921103109870105,208,-0.008530540680419965
3008,9588,-15.767578125754252,157.0957031325147,3961.5,31,12.962255982218883,123,-0.1597279781031847
3008,9682,-15.767578125754252,160.40039063267278,1217.0,44,16.161763078274976,262,-0.09394452763026251
3008,9776,-15.767578125754252,163.70507813283086,14.5,255,5.056013701391983,31,0.18805315593499272
3008,9870,-15.767578125754252,167.00976563298897,-1288.5,58,9.058119311422224,298,0.921501417769279
3008,9964,-15.767578125754252,170.31445313314703,3944.5,44,3.720586668610923,309,-3.1303172067878164
3008,10058,-15.767578125754252,173.6191406333051,-2332.5,64,12.019887991269448,187,0.730740441850603
3008,10152,-15.767578125754252,176.92382813346322,6277.5,211,6.032310724195133,91,-0.0164889426531939
3102,0,-19.072265625912333,-179.98242188360948,-663.5,39,6.848700115789762,270,-0.9331389030642689
3102,94,-19.072265625912333,-176.67773438345142,-554.5,43,20.47915046263567,148,0.4386607547519132
3102,188,-19.072265625912333,-173.3730468832933,4299.5,0,21.11716976942384,181,-2.7359570601169523
3102,282,-19.072265625912333,-170.06835938313526,3555.5,43,28.197389729411974,180,1.8112114103200048
3102,376,-19.072265625912333,-166.76367188297715,-1434.5,245,10.745365832986685,36,2.2791065419767667
3102,470,-19.072265625912333,-163.45898438281907,-582.0,303,5.027587069435861,153,0.27051720276854163
3102,564,-19.072265625912333,-160.154296882661,779.5,1,18.840267937974247,218,-0.0164889426531939
3102,658,-19.072265625912333,-156.8496093825029,766.5,25,6.318637127805981,151,-0.0164889426531939
3102,752,-19.072265625912333,-153.54492188234482,4078.0,31,33.54137020864774,180,-0.0164889426531939
3102,846,-19.072265625912333,-150.24023438218674,4354.0,298,18.125478262789866,121,8.205360805305695
3102,940,-19.072265625912333,-146.9355468820287,3465.0,161,11.620127561035675,353,-0.8076649764352977
3102,1034,-19.072265625912333,-143.63085938187058,2424.5,270,24.712464865407288,91,-0.0164889426531939
3102,1128,-19.072265625912333,-140.32617188171253,2775.0,116,9.487399471198183,250,-0.0164889426531939
3102,1222,-19.072265625912333,-137.02148438155444,2832.0,211,17.454421343145558,97,3.277189773394915
3102,1316,-19.072265625912333,-133.71679688139636,2867.0,216,6.9959737337579,1,0.18690381562196956
3102,1410,-19.072265625912333,-130.41210938123828,3496.0,316,4.774449715869159,128,-0.9390128949704798
3102,1504,-19.072265625912333,-127.1074218810802,2991.0,159,9.80515827892891,14,1.712989852399583
3102,1598,-19.072265625912333,-123.80273438092212,4257.5,0,6.8265179867272,196,-1.7054693698360952
3102,1692,-19.072265625912333,-120.49804688076404,3713.5,136,11.51014181299061,51,3.4838612603430836
3102,1786,-19.072265625912333,-117.19335938060595,4104.5,211,8.30502842406907,55,-0.6593134066488574
3102,1880,-19.072265625912333,-113.88867188044787,4900.0,138,8.173866281975561,303,-1.1852510237510847
3102,1974,-19.072265625912333,-110.58398438028979,5475.0,246,3.4303181041233666,58,-3.6909349959822397
3102,2068,-19.072265625912333,-107.27929688013171,3379.5,180,11.732102046434987,352,-2.2125257967718537
3102,2162,-19.072265625912333,-103.97460937997363,1636.5,12,13.601927328861427,345,-1.7771511942409386
3102,2256,-19.072265625912333,-100.66992187981555,396.0,299,5.87247091915096,31,-2.5358461649668316
3102,2350,-19.072265625912333,-97.36523437965747,-2977.0,211,1.9765049449829062,1,0.7856027349433848
3102,2444,-19.072265625912333,-94.0605468794994,-2893.5,287,1.3314623410824826,144,-0.1883756028984613
3102,2538,-19.072265625912333,-90.75585937934132,-2662.0,97,1.8529813326974427,226,-0.0164889426531939
3102,2632,-19.072265625912333,-87.45117187918325,-1039.0,1,14.370747070581807,283,-1.775391234243904
3102,2726,-19.072265625912333,-84.14648437902515,-810.0,13,7.801281320941611,199,0.07905693705954085
3102,2820,-19.072265625912333,-80.84179687886707,327.5,1,7.050222925417762,172,1.083484343389393
3102,2914,-19.072265625912333,-77.53710937870899,2155.5,43,13.611430155019848,103,-2.7468151673169157
3102,3008,-19.072265625912333,-74.23242187855091,-165.5,294,5.465094112385792,53,-0.9353410711485882
3102,3102,-19.072265625912333,-70.92773437839283,-583.5,316,9.674214478003867,91,-0.0164889426531939
3102,3196,-19.072265625912333,-67.62304687823475,169.0,91,8.71067660595202,270,-0.5607809411930677
3102,3290,-19.072265625912333,-64.31835937807668,144.0,43,13.944712122337709,180,-0.0164889426531939
3102,3384,-19.072265625912333,-61.0136718779186,416.0,316,3.425444420385455,94,-1.948057100391422
3102,3478,-19.072265625912333,-57.70898437776051,-868.0,68,2.2513390790907435,270,-0.0164889426531939
3102,3572,-19.072265625912333,-54.404296877602434,-1076.0,181,3.3644831327152804,150,1.781259023340763
3102,3666,-19.072265625912333,-51.09960937744435,-1411.5,116,4.019057841968651,322,-0.34506437980005555
3102,3760,-19.072265625912333,-47.79492187728627,-1172.0,1,9.604170595613759,180,1.5400380372362592
3102,3854,-19.072265625912333,-44.49023437712819,-1200.5,337,13.53695724263627,123,-2.214357836858117
3102,3948,-19.072265625912333,-41.185546876970115,-2303.0,333,7.234430944625321,270,0.3559290451501516
3102,4042,-19.072265625912333,-37.88085937681202,-2162.5,312,3.2616989449312945,180,0.18188067602238572
3102,4136,-19.072265625912333,-34.57617187665396,-2079.5,50,9.102782260421328,200,-0.0164889426531939
3102,4230,-19.072265625912333,-31.271484376495856,-1598.5,1,5.665899727008605,180,-0.0164889426531939
3102,4324,-19.072265625912333,-27.966796876337792,-1784.0,291,9.599961075563765,96,-0.37552847946598594
3102,4418,-19.072265625912333,-24.662109376179693,-2144.0,324,5.489202621322342,173,-0.0164889426531939
3102,4512,-19.072265625912333,-21.357421876021625,-2310.0,209,1.5335687940773297,71,-0.6947251394167149
3102,4606,-19.072265625912333,-18.052734375863558,-2416.5,91,5.202829587841127,180,0.09593752802746096
3102,4700,-19.072265625912333,-14.748046875705464,-2328.5,47,1.1981131075614184,0,-0.10243250324721362
3102,4794,-19.072265625912333,-11.443359375547397,-2285.0,123,0.6115764056464591,0,-0.1883756028984613
3102,4888,-19.072265625912333,-8.1386718753893,-1413.0,270,7.7566483468017635,215,-1.7237261207343817
3102,4982,-19.072265625912333,-4.833984375231233,-882.0,136,7.339475918556209,0,-0.46631614185764675
3102,5076,-19.072265625912333,-1.5292968750731355,-2158.5,134,9.411586902326896,338,0.3977804793956541
3102,5170,-19.072265625912333,1.775390625084931,489.5,316,10.906646141102183,113,-1.5173935279494677
3102,5264,-19.072265625912333,5.080078125243029,-699.5,123,10.601633802737892,191,1.0412033498567053
3102,5358,-19.072265625912333,8.384765625401096,-108.5,136,12.30554495025128,318,-0.9456701870119651
3102,5452,-19.072265625912333,11.689453125559162,-38.0,123,4.565316235155026,221,-0.0164889426531939
3102,5546,-19.072265625912333,14.994140625717257,1352.5,270,21.465358220820917,97,-0.0164889426531939
3102,5640,-19.072265625912333,18.298828125875325,2029.5,43,7.142126598795342,180,-0.0164889426531939
3102,5734,-19.072265625912333,21.603515626033424,1638.0,1,8.037718608138778,180,-0.0164889426531939
3102,5828,-19.072265625912333,24.90820312619149,515.5,211,4.213621011978597,318,-1.5049503887515832
3102,5922,-19.072265625912333,28.212890626349587,29.0,316,8.360903136147218,91,-1.641140742983191
3102,6016,-19.072265625912333,31.51757812650765,-2728.0,0,2.560115997565655,251,0.8572659790956418
3102,6110,-19.072265625912333,34.822265626665754,-2647.0,223,3.2701329210768804,131,-0.006691872640686471
3102,6204,-19.072265625912333,38.126953126823814,-2605.0,167,1.912610986425356,12,-0.05444570427199339
3102,6298,-19.072265625912333,41.43164062698188,-1496.5,0,14.128538078789196,157,1.360143409778628
3102,6392,-19.072265625912333,44.736328127139984,-966.0,303,17.28480591941341,111,-0.9904185347039922
3102,6486,-19.072265625912333,48.041015627298044,-2477.0,31,37.656450689168004,241,3.30057562679685
3102,6580,-19.072265625912333,51.34570312745615,-828.5,239,1.4041228804669372,261,0.1295494478858709
3102,6674,-19.072265625912333,54.650390627614215,-855.0,223,3.707771601361768,200,0.6545429924843212
3102,6768,-19.072265625912333,57.95507812777231,-889.0,291,3.601442800158214,344,0.4273460904256152
3102,6862,-19.072265625912333,61.25976562793038,-669.5,91,8.234237167351706,180,-0.0164889426531939
3102,6956,-19.072265625912333,64.56445312808847,-366.5,50,5.07733203851964,212,-0.23077832950457414
3102,7050,-19.072265625912333,67.86914062824654,-1159.0,169,5.072341607459106,78,0.1632269040379758
3102,7144,-19.072265625912333,71.17382812840461,-1334.0,68,2.5795143626674784,270,-0.44619826901782156
3102,7238,-19.072265625912333,74.4785156285627,-960.0,288,5.410273033944639,91,-0.0164889426531939
3102,7332,-19.072265625912333,77.78320312872077,527.5,211,5.805565045883396,117,-2.309998116207906
3102,7426,-19.072265625912333,81.08789062887887,59.5,31,11.677164268481894,219,-2.8656467620271613
3102,7520,-19.072265625912333,84.39257812903693,-3101.0,162,12.45525101152958,269,4.965328506391548
3102,7614,-19.072265625912333,87.69726562919503,-939.5,47,10.159557270995208,230,-0.5074344278410549
3102,7708,-19.072265625912333,91.0019531293531,755.0,319,5.660788947878286,114,-1.6195641762295914
3102,7802,-19.072265625912333,94.30664062951116,851.5,211,9.671678503696782,95,-1.9079419474683657
3102,7896,-19.072265625912333,97.61132812966923,-818.5,91,20.74228886648236,309,-1.3939455778657739
3102,7990,-19.072265625912333,100.91601562982733,-367.5,223,12.67874603082326,352,1.2309764882679208
3102,8084,-19.072265625912333,104.22070312998542,1414.0,136,15.34801431734172,299,-0.07156477182553074
3102,8178,-19.072265625912333,107.52539063014352,-1903.5,261,5.010642708532432,64,0.2143874133099035
3102,8272,-19.072265625912333,110.83007813030156,855.5,123,17.81867370782121,287,-2.3193624046637513
3102,8366,-19.072265625912333,114.13476563045967,185.0,180,9.130710934407457,39,0.27064974759728544
3102,8460,-19.072265625912333,117.43945313061775,1883.5,1,13.398840231903758,154,-2.1969971849936374
3102,8554,-19.072265625912333,120.74414063077586,-1752.0,297,5.818123341745043,180,0.6840761547576639
3102,8648,-19.072265625912333,124.04882813093388,-1262.5,223,4.619651772522948,288,1.0512892704845036
3102,8742,-19.072265625912333,127.353515631092,-1370.5,350,7.4583586160395985,112,-0.0164889426531939
3102,8836,-19.072265625912333,130.65820313125008,-1409.5,0,10.57604517787913,167,-0.0164889426531939
3102,8930,-19.072265625912333,133.9628906314081,-44.0,316,16.311409663214015,73,0.6465174770460416
3102,9024,-19.072265625912333,137.2675781315662,1634.5,127,14.533595918488075,355,3.42676833425897
3102,9118,-19.072265625912333,140.57226563172432,253.0,195,10.596002951355542,316,2.5223083596148403
3102,9212,-19.072265625912333,143.8769531318824,5943.0,0,2.800929856150043,153,-0.0164889426531939
3102,9306,-19.072265625912333,147.18164063204043,1314.5,1,12.664688111448994,180,-0.0164889426531939
3102,9400,-19.072265625912333,150.48632813219854,95.5,0,11.018323225769636,136,0.8290106003159927
3102,9494,-19.072265625912333,153.79101563235662,3898.5,180,1.7452609510701163,126,-3.561380489564816
3102,9588,-19.072265625912333,157.0957031325147,2548.0,316,26.14965211394214,180,-0.0164889426531939
3102,9682,-19.072265625912333,160.40039063267278,-931.5,349,8.825858026360143,166,0.1450306626994563
3102,9776,-19.072265625912333,163.70507813283086,-1015.5,31,9.486413805309715,216,0.683186977691162
3102,9870,-19.072265625912333,167.00976563298897,-502.0,270,18.06695862863151,121,5.735039626665739
3102,9964,-19.072265625912333,170.31445313314703,-1367.0,20,6.077385061202052,155,-1.350089788527487
3102,10058,-19.072265625912333,173.6191406333051,-8.5,118,11.214658214803526,208,-0.0164889426531939
3102,10152,-19.072265625912333,176.92382813346322,808.5,75,8.914150201912546,249,-1.4969371267582003
3196,0,-22.376953126070415,-179.98242188360948,-94.0,181,14.505081845580502,45,-0.0164889426531939
3196,94,-22.376953126070415,-176.67773438345142,-3003.5,296,13.5098758897233,143,-0.824838008156422
3196,188,-22.376953126070415,-173.3730468832933,-937.0,42,17.491549289701243,209,-2.1295346165538467
3196,282,-22.376953126070415,-170.06835938313526,-3519.0,81,12.282329579703429,214,1.4065332694751818
3196,376,-22.376953126070415,-166.76367188297715,-1120.0,50,6.717142414192581,127,0.06168401307415654
3196,470,-22.376953126070415,-163.45898438281907,533.0,270,21.440542376627697,200,-1.9195837764258767
3196,564,-22.376953126070415,-160.154296882661,2461.5,337,21.308614491969564,247,-3.1582233790873135
3196,658,-22.376953126070415,-156.8496093825029,5499.0,261,25.46436030282953,0,-0.0164889426531939
3196,752,-22.376953126070415,-153.54492188234482,1245.0,30,14.47619818313432,235,0.807726801667001
3196,846,-22.376953126070415,-150.24023438218674,1634.5,135,5.755515519810544,99,1.3818308659661975
3196,940,-22.376953126070415,-146.9355468820287,3093.0,81,9.241731980226309,213,-1.020719174110882
3196,1034,-22.376953126070415,-143.63085938187058,2385.5,210,9.963734804887174,22,2.074916841761497
3196,1128,-22.376953126070415,-140.32617188171253,3639.0,316,19.90717757541578,100,0.12069998426802056
3196,1222,-22.376953126070415,-137.02148438155444,2165.5,91,38.157153182889765,348,6.070580721643883
3196,1316,-22.376953126070415,-133.71679688139636,2291.0,81,25.674162112468682,226,0.32447633554341065
3196,1410,-22.376953126070415,-130.41210938123828,2963.0,228,6.226278954699015,141,0.022664790279826322
3196,1504,-22.376953126070415,-127.1074218810802,3245.5,30,7.172898878976101,247,-0.3241394833351343
3196,1598,-22.376953126070415,-123.80273438092212,651.5,0,7.966912532157276,113,2.3746938269524573
3196,1692,-22.376953126070415,-120.49804688076404,4140.0,30,3.971354545977276,162,-1.2442204819820257
3196,1786,-22.376953126070415,-117.19335938060595,4525.0,339,4.727472376504281,264,-1.2885788535429288
3196,1880,-22.376953126070415,-113.88867188044787,6355.5,91,17.703718115246325,262,-1.2895361861405954
3196,1974,-22.376953126070415,-110.58398438028979,4029.5,316,8.613117792378368,45,1.479947381356571
3196,2068,-22.376953126070415,-107.27929688013171,1271.0,91,17.44335564346278,217,1.1579168714425208
3196,2162,-22.376953126070415,-103.97460937997363,1046.5,10,8.218956919453152,258,-1.313102407029828
3196,2256,-22.376953126070415,-100.66992187981555,170.5,261,8.962422898792692,94,-2.675721021830081
3196,2350,-22.376953126070415,-97.36523437965747,-2297.5,0,2.7680297966751777,317,0.4262697885885106
3196,2444,-22.376953126070415,-94.0605468794994,-2575.5,91,3.9877640709561657,0,0.239175677197496
3196,2538,-22.376953126070415,-90.75585937934132,-2459.0,135,6.028233476664413,283,-0.0164889426531939
3196,2632,-22.376953126070415,-87.45117187918325,2380.0,261,8.822606285879205,1,-3.1887885389108654
3196,2726,-22.376953126070415,-84.14648437902515,748.0,264,9.59636799271122,221,-2.0482754443824516
3196,2820,-22.376953126070415,-80.84179687886707,-1000.5,42,31.770070012968798,190,14.673811584059425
3196,2914,-22.376953126070415,-77.53710937870899,4272.0,180,12.610134791907452,83,-3.063724239474533
3196,3008,-22.376953126070415,-74.23242187855091,710.5,91,19.581093911471,294,0.19978793703399814
3196,3102,-22.376953126070415,-70.92773437839283,-675.5,270,8.318399999275977,91,3.0323439291182837
3196,3196,-22.376953126070415,-67.62304687823475,2881.5,81,7.559674607620964,270,-2.747687710989348
3196,3290,-22.376953126070415,-64.31835937807668,39.0,220,4.419742061564735,30,0.024317891836077844
3196,3384,-22.376953126070415,-61.0136718779186,1202.0,261,15.12090730351469,0,-0.0164889426531939
3196,3478,-22.376953126070415,-57.70898437776051,0.5,91,7.925336456642231,272,-0.7047651997997652
3196,3572,-22.376953126070415,-54.404296877602434,-1156.5,261,7.390696621241443,111,0.3498789318293992
3196,3666,-22.376953126070415,-51.09960937744435,-1002.5,58,5.068857552408781,274,-0.4352574034235764
3196,3760,-22.376953126070415,-47.79492187728627,-398.0,261,6.345913788040451,94,-0.9525024391332253
3196,3854,-22.376953126070415,-44.49023437712819,-2428.5,303,2.039247260679938,117,-0.7208173394374099
3196,3948,-22.376953126070415,-41.185546876970115,-2447.5,91,0.6137411563433645,0,-0.0164889426531939
3196,4042,-22.376953126070415,-37.88085937681202,-2211.0,1,0.7795799980908562,261,0.012158946465612564
3196,4136,-22.376953126070415,-34.57617187665396,-2232.5,81,2.1597272037684823,279,-0.42377520662780654
3196,4230,-22.376953126070415,-31.271484376495856,-2112.0,316,8.452671391527698,2,-0.9042653948779432
3196,4324,-22.376953126070415,-27.966796876337792,-1292.0,180,11.486790242930145,98,-1.4467568306142113
3196,4418,-22.376953126070415,-24.662109376179693,-2334.0,245,2.048085512433344,156,-0.3447328118528616
3196,4512,-22.376953126070415,-21.357421876021625,-2817.5,91,17.62568811586065,298,1.6850813578840087
3196,4606,-22.376953126070415,-18.052734375863558,-2576.5,293,0.8837321671363315,261,-0.2020324114430767
3196,4700,-22.376953126070415,-14.748046875705464,-2627.5,261,0.9497701065231898,186,0.01251290909459718
3196,4794,-22.376953126070415,-11.443359375547397,-2505.0,81,1.5873866130438163,313,-0.0164889426531939
3196,4888,-22.376953126070415,-8.1386718753893,-1835.5,270,11.541803060065936,0,-0.0164889426531939
3196,4982,-22.376953126070415,-4.833984375231233,-1105.0,261,31.849055140709794,106,2.5029320014721876
3196,5076,-22.376953126070415,-1.5292968750731355,675.0,270,12.773724664571983,81,-0.41911867336078884
3196,5170,-22.376953126070415,1.775390625084931,-263.5,100,21.216820369412897,347,1.1363529068527296
3196,5264,-22.376953126070415,5.080078125243029,480.0,303,2.5493125134118317,180,-0.21702313350765684
3196,5358,-22.376953126070415,8.384765625401096,30.0,153,5.3064021840609445,31,-0.9151084523320095
3196,5452,-22.376953126070415,11.689453125559162,568.5,91,19.045299305161656,279,-0.6331073253863352
3196,5546,-22.376953126070415,14.994140625717257,859.0,91,8.809052993586471,247,-0.5161685811166155
3196,5640,-22.376953126070415,18.298828125875325,3154.0,81,11.953705713549004,236,-3.162161878086528
3196,5734,-22.376953126070415,21.603515626033424,79.5,296,13.46442326074256,99,0.6438236243725607
3196,5828,-22.376953126070415,24.90820312619149,2320.0,180,3.360104691624844,99,-0.9177162103808479
3196,5922,-22.376953126070415,28.212890626349587,-218.0,222,6.0756839924364705,326,-0.0164889426531939
3196,6016,-22.376953126070415,31.51757812650765,-434.0,261,11.415343516444745,81,-1.6503954918991004
3196,6110,-22.376953126070415,34.822265626665754,211.0,181,8.260175138863987,336,-3.2187793838990566
3196,6204,-22.376953126070415,38.126953126823814,427.5,20,6.596194524964713,106,1.828513928420743
3196,6298,-22.376953126070415,41.43164062698188,-863.5,100,5.183240934346626,85,0.18471262301710795
3196,6392,-22.376953126070415,44.736328127139984,-1965.5,270,22.253122752693177,100,4.537162594018805
3196,6486,-22.376953126070415,48.041015627298044,609.0,82,4.485659437140106,270,-0.8426215244677824
3196,6580,-22.376953126070415,51.34570312745615,-881.5,204,6.512752038120008,94,-0.23141248393990466
3196,6674,-22.376953126070415,54.650390627614215,-904.0,283,4.139516625682873,64,-0.34050915522451947
3196,6768,-22.376953126070415,57.95507812777231,289.5,261,18.968471577971073,91,2.946634034994844
3196,6862,-22.376953126070415,61.25976562793038,-1278.0,136,9.442064749711385,222,-0.0244819567902522
3196,6956,-22.376953126070415,64.56445312808847,-285.0,91,9.799010841599594,261,0.2727870562933743
3196,7050,-22.376953126070415,67.86914062824654,8.0,81,1.644636820700742,231,-0.45387999365121473
3196,7144,-22.376953126070415,71.17382812840461,-987.5,316,13.08710065877975,91,0.33688940907645615
3196,7238,-22.376953126070415,74.4785156285627,-866.0,68,3.2525139827628586,254,-0.47082682525609154
3196,7332,-22.376953126070415,77.78320312872077,-2260.5,261,9.192800000040188,40,-1.3002253177936487
3196,7426,-22.376953126070415,81.08789062887887,-3161.0,141,11.528519445388422,325,-0.8442641124147106
3196,7520,-22.376953126070415,84.39257812903693,-1445.5,184,3.10688483620512,127,0.39686252086963725
3196,7614,-22.376953126070415,87.69726562919503,-1263.5,316,8.59444663245752,92,0.25829418627498396
3196,7708,-22.376953126070415,91.0019531293531,-3205.5,261,19.860338710701807,111,2.0154038962097567
3196,7802,-22.376953126070415,94.30664062951116,-582.5,81,18.557530975309387,267,-2.0099780689058138
3196,7896,-22.376953126070415,97.61132812966923,-716.0,276,6.400203235291286,102,-0.1570600874980402
3196,7990,-22.376953126070415,100.91601562982733,-464.0,100,22.622088519236943,0,1.5808965821214018
3196,8084,-22.376953126070415,104.22070312998542,395.5,0,4.583851516011069,192,-0.8314237750447652
3196,8178,-22.376953126070415,107.52539063014352,463.0,3,3.644507455287254,242,-0.7158011133211852
3196,8272,-22.376953126070415,110.83007813030156,1112.5,1,8.424205346418113,168,-1.748431940044967
3196,8366,-22.376953126070415,114.13476563045967,1618.0,261,4.955847662513532,97,-1.5989998605644975
3196,8460,-22.376953126070415,117.43945313061775,201.5,298,4.995758372578007,1,1.2872180831133953
3196,8554,-22.376953126070415,120.74414063077586,-1231.0,270,8.129636969685688,48,-0.046412517278394246
3196,8648,-22.376953126070415,124.04882813093388,-1265.5,100,7.615971368937222,261,-0.12345265791919002
3196,8742,-22.376953126070415,127.353515631092,-1293.0,261,38.84144207871015,81,-0.7335634644276716
3196,8836,-22.376953126070415,130.65820313125008,-697.0,164,9.560156870452696,277,-0.993712459928259
3196,8930,-22.376953126070415,133.9628906314081,303.0,16,9.227582724359513,73,-0.5924640620559614
3196,9024,-22.376953126070415,137.2675781315662,1216.0,261,9.938689835766674,92,-0.6126771917614416
3196,9118,-22.376953126070415,140.57226563172432,2759.5,0,8.627337276264527,208,-2.346948689135732
3196,9212,-22.376953126070415,143.8769531318824,236.0,67,11.219765150607055,209,-0.8536910303751205
3196,9306,-22.376953126070415,147.18164063204043,655.5,210,13.825680155597556,54,-1.400079882254352
3196,9400,-22.376953126070415,150.48632813219854,-103.0,91,17.78168032982474,245,1.2568648136609168
3196,9494,-22.376953126070415,153.79101563235662,6774.5,91,26.75779934191249,279,-4.420762188276953
3196,9588,-22.376953126070415,157.0957031325147,544.0,276,6.057192116970926,352,0.6330243411710796
3196,9682,-22.376953126070415,160.40039063267278,-807.5,64,6.933091080857985,0,-0.0164889426531939
3196,9776,-22.376953126070415,163.70507813283086,-2666.5,6,9.045017496560957,199,2.0764444972611393
3196,9870,-22.376953126070415,167.00976563298897,-658.0,339,10.863310354262387,107,-0.04513682352753223
3196,9964,-22.376953126070415,170.31445313314703,-316.5,261,14.558770245955717,56,-1.6428759832609583
3196,10058,-22.376953126070415,173.6191406333051,-305.5,270,6.572196354793354,114,-2.037425753463787
3196,10152,-22.376953126070415,176.92382813346322,-2782.0,65,7.871522032201994,204,3.365406319982287
3290,0,-25.681640626228482,-179.98242188360948,-4526.0,181,5.289540593173683,287,-0.1883756028984613
3290,94,-25.681640626228482,-176.67773438345142,-701.5,91,14.987330911538528,296,-0.0164889426531939
3290,188,-25.681640626228482,-173.3730468832933,-1064.0,91,14.04768661088053,301,-0.12147805904149137
3290,282,-25.681640626228482,-170.06835938313526,-2609.5,75,11.87007894760322,230,-0.10162562686983892
3290,376,-25.681640626228482,-166.76367188297715,-1437.0,74,15.812769797068002,257,-0.8017594926762507
3290,470,-25.681640626228482,-163.45898438281907,-333.5,254,28.842113945405632,105,-0.7316405915295342
3290,564,-25.681640626228482,-160.154296882661,-327.5,337,8.633989825081768,205,-1.656973357240067
3290,658,-25.681640626228482,-156.8496093825029,661.5,214,7.976822966881235,32,0.82640149483052
3290,752,-25.681640626228482,-153.54492188234482,1628.0,107,8.878545736827244,279,-0.8026873244997969
3290,846,-25.681640626228482,-150.24023438218674,658.0,181,5.825185358059759,331,0.06512470165495156
3290,940,-25.681640626228482,-146.9355468820287,3261.5,32,12.73853006594426,215,-2.3824584841719454
3290,1034,-25.681640626228482,-143.63085938187058,1181.0,329,9.395100307314612,145,-0.8904660018950044
3290,1128,-25.681640626228482,-140.32617188171253,2089.5,76,7.003430713852381,231,-1.2824704870351489
3290,1222,-25.681640626228482,-137.02148438155444,3489.5,199,10.69933543112104,78,-0.446838083594963
3290,1316,-25.681640626228482,-133.71679688139636,3939.5,91,8.962422898792692,276,-0.6070065172227919
3290,1410,-25.681640626228482,-130.41210938123828,3657.0,107,13.804790451364937,79,-1.019057615229499
3290,1504,-25.681640626228482,-127.1074218810802,2058.0,254,11.596794312351914,84,1.34543068598656
3290,1598,-25.681640626228482,-123.80273438092212,2835.5,16,9.969113936875486,155,-0.3194534735251258
3290,1692,-25.681640626228482,-120.49804688076404,176.0,184,15.740483512030057,9,6.113083763698697
3290,1786,-25.681640626228482,-117.19335938060595,2455.0,181,17.75570046898578,310,1.60442350508286
3290,1880,-25.681640626228482,-113.88867188044787,4572.5,254,12.82820773088762,81,-1.7742678507996021
3290,1974,-25.681640626228482,-110.58398438028979,3675.5,107,5.4672516289265385,28,0.012158946465612564
3290,2068,-25.681640626228482,-107.27929688013171,2093.5,0,6.640731747246112,191,-1.3891108010022795
3290,2162,-25.681640626228482,-103.97460937997363,2519.5,91,8.62668530580771,283,-1.8129472692350392
3290,2256,-25.681640626228482,-100.66992187981555,1999.0,206,10.140381117806703,177,-0.23859540332535265
3290,2350,-25.681640626228482,-97.36523437965747,1036.0,209,11.565066752868955,60,-3.0149437792255824
3290,2444,-25.681640626228482,-94.0605468794994,-296.0,254,15.280977004814593,1,-0.47484430747149575
3290,2538,-25.681640626228482,-90.75585937934132,648.5,254,14.149369111361489,1,-0.06525595347218133
3290,2632,-25.681640626228482,-87.45117187918325,-143.5,144,9.081832890925652,1,-0.0164889426531939
3290,2726,-25.681640626228482,-84.14648437902515,-271.5,74,13.263216272009538,0,2.088773647171133
3290,2820,-25.681640626228482,-80.84179687886707,2371.0,220,6.775171777691051,83,-1.9252693540550057
3290,2914,-25.681640626228482,-77.53710937870899,411.0,111,4.131994990889873,45,-0.7601455543498391
3290,3008,-25.681640626228482,-74.23242187855091,-300.0,91,5.665899727008605,26,-0.0164889426531939
3290,3102,-25.681640626228482,-70.92773437839283,-112.0,118,9.50398266069201,358,1.5812679599552755
3290,3196,-25.681640626228482,-67.62304687823475,378.5,113,1.3772638491656473,37,-0.5909724429186095
3290,3290,-25.681640626228482,-64.31835937807668,558.0,91,17.859574559567957,286,-1.46415154995463
3290,3384,-25.681640626228482,-61.0136718779186,311.5,74,16.71039857928098,209,-1.0037640838782862
3290,3478,-25.681640626228482,-57.70898437776051,1002.5,270,11.78909259541708,206,1.5329303981110889
3290,3572,-25.681640626228482,-54.404296877602434,364.0,254,47.049083331257826,9,-0.0164889426531939
3290,3666,-25.681640626228482,-51.09960937744435,-828.5,324,7.1467466284616075,99,1.220505606576079
3290,3760,-25.681640626228482,-47.79492187728627,40.0,74,27.031229954244157,139,-1.999035499021623
3290,3854,-25.681640626228482,-44.49023437712819,-2303.5,276,2.0749664662751495,74,-0.7847135982689887
3290,3948,-25.681640626228482,-41.185546876970115,-2477.5,74,0.7856027349433848,332,0.012825924182632599
3290,4042,-25.681640626228482,-37.88085937681202,-2461.0,270,0.2699879561118093,107,-0.0164889426531939
3290,4136,-25.681640626228482,-34.57617187665396,-2321.0,152,1.86204195833329,215,-0.45130073426340683
3290,4230,-25.681640626228482,-31.271484376495856,-2187.5,177,1.5246479654665073,255,-0.38890553719994264
3290,4324,-25.681640626228482,-27.966796876337792,-1648.0,1,8.150038539172392,280,-0.44149689392257246
3290,4418,-25.681640626228482,-24.662109376179693,-2471.5,283,2.048085512433344,91,-0.20251232531147928
3290,4512,-25.681640626228482,-21.357421876021625,-2380.5,91,2.1597272037684823,283,-0.21918810036541153
3290,4606,-25.681640626228482,-18.052734375863558,-2260.0,117,1.0213490015823947,36,-0.13108027344497347
3290,4700,-25.681640626228482,-14.748046875705464,-2383.5,348,0.23993617060132993,187,-0.24567055560790751
3290,4794,-25.681640626228482,-11.443359375547397,-2473.0,209,1.8428231752559538,0,0.05296576796524015
3290,4888,-25.681640626228482,-8.1386718753893,-1772.0,40,1.2013149553464004,312,-0.8914533350916458
3290,4982,-25.681640626228482,-4.833984375231233,-239.0,91,18.506023006085247,287,2.5541041275334337
3290,5076,-25.681640626228482,-1.5292968750731355,-1217.5,91,3.0474551311943334,2,0.5430464649537319
3290,5170,-25.681640626228482,1.775390625084931,-1142.5,254,11.78909259541708,58,0.12922616477916815
3290,5264,-25.681640626228482,5.080078125243029,420.0,180,15.86579725448978,30,-2.127647006100173
3290,5358,-25.681640626228482,8.384765625401096,1186.0,270,25.720684845333086,50,-1.1064879469254552
3290,5452,-25.681640626228482,11.689453125559162,-12.0,321,4.66366741784736,24,0.3559290451501516
3290,5546,-25.681640626228482,14.994140625717257,-155.0,181,24.854148347245598,82,2.5553206882708186
3290,5640,-25.681640626228482,18.298828125875325,1227.5,74,4.98428053022035,264,0.2848800904938175
3290,5734,-25.681640626228482,21.603515626033424,586.0,101,13.745035777159737,341,2.297415135876972
3290,5828,-25.681640626228482,24.90820312619149,1032.0,270,16.76615073810013,111,-0.8376105129065009
3290,5922,-25.681640626228482,28.212890626349587,884.5,74,10.603725504922004,140,-1.6732172061767485
3290,6016,-25.681640626228482,31.51757812650765,-394.0,319,4.458453659140516,255,0.568609130916167
3290,6110,-25.681640626228482,34.822265626665754,-1482.0,254,20.284254748029056,58,7.799487872098235
3290,6204,-25.681640626228482,38.126953126823814,-696.5,141,8.482381176170838,44,-0.9173222309746694
3290,6298,-25.681640626228482,41.43164062698188,-552.5,51,3.1636411172137606,182,-1.2386655906532962
3290,6392,-25.681640626228482,44.736328127139984,-197.0,188,7.123758112250897,18,-0.9525550708602933
3290,6486,-25.681640626228482,48.041015627298044,2225.0,91,7.644114210245357,205,-2.5984596421952033
3290,6580,-25.681640626228482,51.34570312745615,535.5,91,5.722631445420323,56,-1.2780597686266744
3290,6674,-25.681640626228482,54.650390627614215,-639.5,254,3.017394750456645,270,-0.014770794909284363
3290,6768,-25.681640626228482,57.95507812777231,-718.0,254,13.236073258006522,359,1.2111545397718688
3290,6862,-25.681640626228482,61.25976562793038,-1722.5,292,7.158539394931871,238,-0.0164889426531939
3290,6956,-25.681640626228482,64.56445312808847,-997.5,342,8.510403704329946,186,-1.5100738247226184
3290,7050,-25.681640626228482,67.86914062824654,-118.5,91,5.240063960572366,277,-0.7644966717091708
3290,7144,-25.681640626228482,71.17382812840461,-1009.0,174,10.34668874095357,20,0.24881328964254878
3290,7238,-25.681640626228482,74.4785156285627,-1593.0,270,29.627418538868966,112,-0.8648494547475432
3290,7332,-25.681640626228482,77.78320312872077,-796.0,74,14.209332151075172,180,0.07283492026533477
3290,7426,-25.681640626228482,81.08789062887887,-3330.0,229,4.9260182151004654,91,0.3394407093304731
3290,7520,-25.681640626228482,84.39257812903693,-2304.5,307,4.587537199391942,177,1.1045002054605422
3290,7614,-25.681640626228482,87.69726562919503,-1018.0,91,15.20097253113525,345,-0.33349544541691867
3290,7708,-25.681640626228482,91.0019531293531,139.0,152,10.477031381107905,270,-1.2276215518581985
3290,7802,-25.681640626228482,94.30664062951116,-255.5,324,4.259174867201412,169,-0.6707914216251335
3290,7896,-25.681640626228482,97.61132812966923,-416.0,270,13.561387209484456,191,1.4618949498220428
3290,7990,-25.681640626228482,100.91601562982733,-148.0,303,7.684195232557949,214,-1.95877021290328
3290,8084,-25.681640626228482,104.22070312998542,-775.0,327,6.167276332503206,179,-1.6031938742410137
3290,8178,-25.681640626228482,107.52539063014352,563.0,123,10.310738979180757,332,0.330818171875565
3290,8272,-25.681640626228482,110.83007813030156,1477.5,254,3.559909297368059,63,-1.503937948903788
3290,8366,-25.681640626228482,114.13476563045967,-2033.5,316,16.073629593822137,147,5.369433751449702
3290,8460,-25.681640626228482,117.43945313061775,-629.5,276,11.205609543071436,180,1.916972658377549
3290,8554,-25.681640626228482,120.74414063077586,-155.5,254,20.01224161891657,65,-0.30441604966655844
3290,8648,-25.681640626228482,124.04882813093388,624.0,270,11.431755949748885,121,-1.3925978480051056
3290,8742,-25.681640626228482,127.353515631092,-1353.5,270,16.526265955086032,75,1.4420838466393497
3290,8836,-25.681640626228482,130.65820313125008,711.0,74,12.266585880043024,24,1.3427642429308255
3290,8930,-25.681640626228482,133.9628906314081,-660.0,91,14.907104868977232,58,4.042624544925217
3290,9024,-25.681640626228482,137.2675781315662,-631.5,91,13.20892419365853,307,0.368434471866542
3290,9118,-25.681640626228482,140.57226563172432,3454.5,254,14.531929305889175,91,1.879927803344659
3290,9212,-25.681640626228482,143.8769531318824,2623.0,220,14.17809490652911,90,-2.4082068953908364
3290,9306,-25.681640626228482,147.18164063204043,122.5,133,6.469944151048852,281,-0.24510907400243742
3290,9400,-25.681640626228482,150.48632813219854,2385.0,228,11.222453947412696,287,1.9670087580654607
3290,9494,-25.681640626228482,153.79101563235662,2473.5,61,8.810412554108447,237,-1.782315382047326
3290,9588,-25.681640626228482,157.0957031325147,1788.0,91,20.315167796350995,0,0.8980049927699398
3290,9682,-25.681640626228482,160.40039063267278,-872.5,12,11.032671017336778,178,3.4250963515629977
3290,9776,-25.681640626228482,163.70507813283086,1268.0,74,39.083925323848014,286,-1.3586872043017448
3290,9870,-25.681640626228482,167.00976563298897,-905.0,254,28.133960038313422,19,0.1302492350344189
3290,9964,-25.681640626228482,170.31445313314703,238.5,74,17.729713061656827,168,-3.0597629259026364
3290,10058,-25.681640626228482,173.6191406333051,-4059.5,353,3.449759786706783,245,0.507208900337469
3290,10152,-25.681640626228482,176.92382813346322,-3775.5,209,15.105539258044246,26,0.6695807325741286
3384,0,-28.986328126386567,-179.98242188360948,-5351.0,181,5.097987255611695,91,1.0010762412223309
3384,94,-28.986328126386567,-176.67773438345142,-3091.0,112,12.773724664571983,270,-2.8762182586212046
3384,188,-28.986328126386567,-173.3730468832933,-3984.5,249,23.108534564733368,79,0.07606509876546423
3384,282,-28.986328126386567,-170.06835938313526,-4389.0,210,9.727807077623137,85,3.1195935873927696
3384,376,-28.986328126386567,-166.76367188297715,-3056.0,130,7.077683720712219,248,0.506380120976109
3384,470,-28.986328126386567,-163.45898438281907,-2909.0,36,6.376926162308423,290,0.2692756495445703
3384,564,-28.986328126386567,-160.154296882661,-1280.0,69,18.273854121716795,250,-1.5943921704195785
3384,658,-28.986328126386567,-156.8496093825029,-4621.0,162,6.155931696427561,196,0.9566193663614893
3384,752,-28.986328126386567,-153.54492188234482,-4113.0,270,18.9280939545926,136,0.5868748238736167
3384,846,-28.986328126386567,-150.24023438218674,-4009.0,169,13.719382557983016,275,2.2333079470460233
3384,940,-28.986328126386567,-146.9355468820287,-1409.0,69,20.08808335700738,236,-0.8847527395000537
3384,1034,-28.986328126386567,-143.63085938187058,1960.0,34,9.337118526571404,270,-1.82867782634999
3384,1128,-28.986328126386567,-140.32617188171253,909.0,69,8.023857638550986,224,0.11901901619448153
3384,1222,-28.986328126386567,-137.02148438155444,4169.5,322,8.89296196428323,256,-3.213336761717478
3384,1316,-28.986328126386567,-133.71679688139636,3379.0,91,13.507229461743048,29,-0.02250520765982609
3384,1410,-28.986328126386567,-130.41210938123828,1680.5,136,14.527871854082768,0,-0.0164889426531939
3384,1504,-28.986328126386567,-127.1074218810802,2978.0,249,8.009628871694972,49,0.2248519672720347
3384,1598,-28.986328126386567,-123.80273438092212,3315.5,91,10.852621787306019,11,1.4979182080073818
3384,1692,-28.986328126386567,-120.49804688076404,2489.0,42,9.021616668648251,243,-0.02172414028193919
3384,1786,-28.986328126386567,-117.19335938060595,1302.5,233,6.630547499250246,351,1.0166970826622297
3384,1880,-28.986328126386567,-113.88867188044787,2003.0,299,4.714554599037987,134,0.3622269144890375
3384,1974,-28.986328126386567,-110.58398438028979,2772.5,249,13.263216272009538,78,-2.2571539633315703
3384,2068,-28.986328126386567,-107.27929688013171,980.5,91,15.653520823464623,338,0.07231211522731011
3384,2162,-28.986328126386567,-103.97460937997363,147.5,344,13.781009105907797,215,-0.3220047827077286
3384,2256,-28.986328126386567,-100.66992187981555,143.5,32,10.198600296970325,291,1.6458311738199936
3384,2350,-28.986328126386567,-97.36523437965747,69.5,270,7.644114210245357,97,-0.4750206354415077
3384,2444,-28.986328126386567,-94.0605468794994,-711.5,310,11.604978164427596,80,-0.5591200358118644
3384,2538,-28.986328126386567,-90.75585937934132,2031.5,342,11.494735510314507,113,-1.969251464055086
3384,2632,-28.986328126386567,-87.45117187918325,1794.5,69,6.046476108507032,116,-2.137549942682161
3384,2726,-28.986328126386567,-84.14648437902515,105.5,270,4.329729748609331,158,-0.7055459978664778
3384,2820,-28.986328126386567,-80.84179687886707,3111.0,249,10.39643199914317,102,-0.9558032810928303
3384,2914,-28.986328126386567,-77.53710937870899,1224.5,249,13.371727621668292,82,-0.9704364901529927
3384,3008,-28.986328126386567,-74.23242187855091,-37.5,112,15.227647451468723,56,-0.0164889426531939
3384,3102,-28.986328126386567,-70.92773437839283,-140.0,208,6.103130210162536,73,-0.1104254908266496
3384,3196,-28.986328126386567,-67.62304687823475,223.5,69,17.23452844254904,289,-0.1785938279973392
3384,3290,-28.986328126386567,-64.31835937807668,816.0,202,4.998430914307258,1,-0.1597279781031847
3384,3384,-28.986328126386567,-61.0136718779186,331.5,144,10.017126769635604,32,-0.2472101986753153
3384,3478,-28.986328126386567,-57.70898437776051,-1249.5,291,17.04140378778183,90,-0.10213971402839647
3384,3572,-28.986328126386567,-54.404296877602434,304.0,191,9.69598831138537,87,-0.512687948194489
3384,3666,-28.986328126386567,-51.09960937744435,-356.0,249,7.587824830442738,112,1.9749595440687369
3384,3760,-28.986328126386567,-47.79492187728627,-747.5,216,13.55383344345055,18,0.3084245704872602
3384,3854,-28.986328126386567,-44.49023437712819,-1169.0,270,5.35153274129897,33,-1.8895378709313577
3384,3948,-28.986328126386567,-41.185546876970115,-2122.5,69,4.557536800563778,33,0.2017395531284606
3384,4042,-28.986328126386567,-37.88085937681202,-1992.5,178,4.0048200074551925,91,-0.21918810036541153
3384,4136,-28.986328126386567,-34.57617187665396,-2354.5,249,16.209793050953483,38,-0.21652022794149303
3384,4230,-28.986328126386567,-31.271484376495856,-1261.5,249,7.0925435178911655,32,-0.13324526015545207
3384,4324,-28.986328126386567,-27.966796876337792,-1168.5,316,8.501063316666333,159,-0.4988949917157644
3384,4418,-28.986328126386567,-24.662109376179693,-1770.5,112,11.073515735764934,338,-0.697078985084774
3384,4512,-28.986328126386567,-21.357421876021625,-1483.5,180,2.048085512433344,1,-0.4175520074876181
3384,4606,-28.986328126386567,-18.052734375863558,-2038.5,134,1.1960988691397059,1,-0.3602588724744783
3384,4700,-28.986328126386567,-14.748046875705464,-2019.5,324,5.831694560130302,33,0.6341967265299535
3384,4794,-28.986328126386567,-11.443359375547397,-970.0,180,3.349188410882994,1,-0.7040028662996332
3384,4888,-28.986328126386567,-8.1386718753893,-1405.0,231,3.731159612114762,321,-0.9543583718314648
3384,4982,-28.986328126386567,-4.833984375231233,-1426.0,32,10.909591069280504,180,0.3272821743290598
3384,5076,-28.986328126386567,-1.5292968750731355,-1221.0,131,2.9659130093507247,46,-0.0164889426531939
3384,5170,-28.986328126386567,1.775390625084931,981.0,112,7.16519185957098,299,0.18583483376070933
3384,5264,-28.986328126386567,5.080078125243029,572.5,91,9.018319519934979,187,0.4911680253739953
3384,5358,-28.986328126386567,8.384765625401096,-260.5,292,4.553234117598783,212,0.1794581079472766
3384,5452,-28.986328126386567,11.689453125559162,547.0,0,4.811497130592892,218,-1.7825647641859
3384,5546,-28.986328126386567,14.994140625717257,770.0,91,28.66596628085337,294,-0.8246691465950797
3384,5640,-28.986328126386567,18.298828125875325,631.0,91,3.266481808440119,310,0.6866854314148139
3384,5734,-28.986328126386567,21.603515626033424,2466.5,214,4.645708431058484,1,0.4132222386128879
3384,5828,-28.986328126386567,24.90820312619149,1079.0,189,3.20833493949892,246,-0.0473018203485757
3384,5922,-28.986328126386567,28.212890626349587,2780.0,1,2.5748549582178417,69,-2.0946922077856582
3384,6016,-28.986328126386567,31.51757812650765,-1407.0,318,11.605698025225097,105,1.563316429558974
3384,6110,-28.986328126386567,34.822265626665754,199.0,249,4.130285759683291,0,-0.0164889426531939
3384,6204,-28.986328126386567,38.126953126823814,1535.5,249,35.81844401762441,57,-2.764376680327228
3384,6298,-28.986328126386567,41.43164062698188,167.0,45,4.612715744056194,157,-2.137631088966171
3384,6392,-28.986328126386567,44.736328127139984,1093.0,270,5.694266986503134,167,-2.7339885867650633
3384,6486,-28.986328126386567,48.041015627298044,182.5,91,30.803913238159414,316,-0.0164889426531939
3384,6580,-28.986328126386567,51.34570312745615,-1474.5,270,21.674081573219347,123,3.720322314403301
3384,6674,-28.986328126386567,54.650390627614215,-1828.0,291,13.962700180718356,131,0.1712770452471623
3384,6768,-28.986328126386567,57.95507812777231,-264.5,258,5.336884958795519,335,0.012158946465612564
3384,6862,-28.986328126386567,61.25976562793038,-43.0,249,25.906411940996126,52,-0.44619826901782156
3384,6956,-28.986328126386567,64.56445312808847,-1243.5,49,12.749137182495181,116,3.3250812803462866
3384,7050,-28.986328126386567,67.86914062824654,-1227.5,291,17.786412733985575,23,2.8581335608946206
3384,7144,-28.986328126386567,71.17382812840461,-2235.0,69,24.09477657372469,259,0.4663287925359638
3384,7238,-28.986328126386567,74.4785156285627,-1328.0,21,14.057014160953978,245,-0.6370203345219131
3384,7332,-28.986328126386567,77.78320312872077,-381.5,249,32.709072256888675,27,-2.902771284208815
3384,7426,-28.986328126386567,81.08789062887887,-3233.0,184,3.6700533094236323,28,-0.004329996452023693
3384,7520,-28.986328126386567,84.39257812903693,-500.0,270,17.78168032982474,138,-2.109386886485947
3384,7614,-28.986328126386567,87.69726562919503,-1139.0,69,17.1782953274787,199,-1.7370870982401223
3384,7708,-28.986328126386567,91.0019531293531,-1236.5,249,5.012710937058842,291,-0.7577909342633508
3384,7802,-28.986328126386567,94.30664062951116,-1611.0,91,28.90801607840923,250,-0.5882654687294987
3384,7896,-28.986328126386567,97.61132812966923,-342.5,316,11.464288979044953,168,-1.8622788323691353
3384,7990,-28.986328126386567,100.91601562982733,-1181.0,324,3.777490635596708,151,-0.9675240934672847
3384,8084,-28.986328126386567,104.22070312998542,-772.0,270,10.63140082579722,1,-1.600793694829484
3384,8178,-28.986328126386567,107.52539063014352,-332.0,91,7.475201961939589,225,2.271985658428094
3384,8272,-28.986328126386567,110.83007813030156,-983.0,270,6.4025033469537815,137,-1.0719947962496184
3384,8366,-28.986328126386567,114.13476563045967,-1647.5,166,2.5251374254049983,203,0.04940745688354657
3384,8460,-28.986328126386567,117.43945313061775,810.5,166,6.568450739953342,338,0.82640149483052
3384,8554,-28.986328126386567,120.74414063077586,364.5,208,4.085380544407696,186,-0.677523824331145
3384,8648,-28.986328126386567,124.04882813093388,-948.5,219,24.23425554652002,16,1.8777316334047953
3384,8742,-28.986328126386567,127.353515631092,664.0,49,10.700503786716865,201,-1.5510129205187286
3384,8836,-28.986328126386567,130.65820313125008,-655.0,181,11.525973328482666,24,1.106635565186328
3384,8930,-28.986328126386567,133.9628906314081,807.0,91,8.178108704893182,352,0.04264369679290543
3384,9024,-28.986328126386567,137.2675781315662,3685.0,219,11.885566877320263,103,-2.2313790603453354
3384,9118,-28.986328126386567,140.57226563172432,-1698.5,250,13.856615995263581,73,-0.6701918391883526
3384,9212,-28.986328126386567,143.8769531318824,-1656.5,249,15.094205435535427,326,0.4523938526697816
3384,9306,-28.986328126386567,147.18164063204043,-1910.5,267,10.227651057185202,150,1.8813437369829853
3384,9400,-28.986328126386567,150.48632813219854,1707.0,249,20.293047069323414,14,-0.16600279469591253
3384,9494,-28.986328126386567,153.79101563235662,1502.0,69,13.696673408525355,313,0.11470832170964937
3384,9588,-28.986328126386567,157.0957031325147,1310.5,298,6.397075104468535,156,-3.0683631464718033
3384,9682,-28.986328126386567,160.40039063267278,-3005.5,0,6.888049293100383,84,-0.246698457344015
3384,9776,-28.986328126386567,163.70507813283086,-2953.5,112,15.440802721668627,89,-0.11608942064845315
3384,9870,-28.986328126386567,167.00976563298897,-4296.0,70,11.711812589342049,266,4.065061276755596
3384,9964,-28.986328126386567,170.31445313314703,-4145.0,15,6.527780807331045,33,0.5564513563160228
3384,10058,-28.986328126386567,173.6191406333051,-574.5,303,19.388215780528476,152,-1.7410294948183385
3384,10152,-28.986328126386567,176.92382813346322,-2422.0,91,12.96431203247423,191,0.9288682953162204
3478,0,-32.29101562654464,-179.98242188360948,-2309.0,91,10.548359856234706,296,-3.135973681919583
3478,94,-32.29101562654464,-176.67773438345142,-3037.0,18,3.9388479055611434,211,-0.02007858520117738
3478,188,-32.29101562654464,-173.3730468832933,-5153.0,245,32.322036857511456,62,5.064353550643546
3478,282,-32.29101562654464,-170.06835938313526,-3095.5,245,6.7982731853146525,8,0.07681541029716672
3478,376,-32.29101562654464,-166.76367188297715,-2976.5,43,12.619573939937121,177,-2.742261885974062
3478,470,-32.29101562654464,-163.45898438281907,-1430.5,296,4.187280201172156,66,-1.0217806129658091
3478,564,-32.29101562654464,-160.154296882661,-2068.0,1,10.74475371156181,161,-3.160383600812283
3478,658,-32.29101562654464,-156.8496093825029,-3853.5,91,25.183482713810005,253,0.1763438929389159
3478,752,-32.29101562654464,-153.54492188234482,-4006.5,111,9.386301935205761,1,-0.9204650318501812
3478,846,-32.29101562654464,-150.24023438218674,-4371.0,349,6.045272180221151,184,-1.4264409243313871
3478,940,-32.29101562654464,-146.9355468820287,-4138.5,207,7.810767896964446,324,-0.0164889426531939
3478,1034,-32.29101562654464,-143.63085938187058,-2323.5,65,17.05141626528251,193,-2.6468176683820843
3478,1128,-32.29101562654464,-140.32617188171253,-451.5,253,11.985293386559688,102,3.4245460594328607
3478,1222,-32.29101562654464,-137.02148438155444,1395.0,245,36.56477940167729,47,2.012096089820553
3478,1316,-32.29101562654464,-133.71679688139636,-1423.5,303,9.209090184208083,159,0.03864183231577154
3478,1410,-32.29101562654464,-130.41210938123828,2573.0,65,31.972913768157913,228,-2.8916679056485366
3478,1504,-32.29101562654464,-127.1074218810802,2622.0,270,36.95093186818144,29,-0.0164889426531939
3478,1598,-32.29101562654464,-123.80273438092212,4117.5,270,5.694266986503134,94,-0.6467150518089517
3478,1692,-32.29101562654464,-120.49804688076404,2606.0,245,15.998243764422046,38,-0.0164889426531939
3478,1786,-32.29101562654464,-117.19335938060595,2569.5,91,15.706631512255177,22,2.4678552042195485
3478,1880,-32.29101562654464,-113.88867188044787,3567.0,116,7.193392306962817,281,-1.5468064300761342
3478,1974,-32.29101562654464,-110.58398438028979,2779.0,202,11.009979328253428,25,-1.362121597278835
3478,2068,-32.29101562654464,-107.27929688013171,3090.0,91,5.150530508322398,274,-0.47484430747149575
3478,2162,-32.29101562654464,-103.97460937997363,2432.0,245,8.85057813741763,94,-1.9532597725875764
3478,2256,-32.29101562654464,-100.66992187981555,1179.0,1,7.1369879219772825,331,0.06343083963123408
3478,2350,-32.29101562654464,-97.36523437965747,1821.0,207,12.050275725999766,334,-0.0164889426531939
3478,2444,-32.29101562654464,-94.0605468794994,1595.0,343,3.4402956246534497,132,0.2634931021978145
3478,2538,-32.29101562654464,-90.75585937934132,907.0,65,5.438862451287813,137,-1.312925730896455
3478,2632,-32.29101562654464,-87.45117187918325,700.0,149,8.161509859326868,319,0.1137603668052309
3478,2726,-32.29101562654464,-84.14648437902515,1816.0,245,9.65986232471079,26,-2.2885507460246814
3478,2820,-32.29101562654464,-80.84179687886707,718.0,91,10.935495654042109,288,1.0153957509920781
3478,2914,-32.29101562654464,-77.53710937870899,1749.0,65,5.438862451287813,316,-0.0164889426531939
3478,3008,-32.29101562654464,-74.23242187855091,-450.0,245,11.830903440290012,51,0.5858484836722839
3478,3102,-32.29101562654464,-70.92773437839283,-1267.0,18,4.6843481188158735,279,0.24928060937480825
3478,3196,-32.29101562654464,-67.62304687823475,-568.0,270,7.812892898402021,81,0.5571182710811949
3478,3290,-32.29101562654464,-64.31835937807668,-725.0,339,12.721881538812205,124,0.1361002132758281
3478,3384,-32.29101562654464,-61.0136718779186,-24.5,270,6.880863662817517,176,-1.1525832184048064
3478,3478,-32.29101562654464,-57.70898437776051,-756.5,65,16.2890074308642,219,-0.4612863029515884
3478,3572,-32.29101562654464,-54.404296877602434,638.0,91,17.547590533049416,245,-0.7656185008536408
3478,3666,-32.29101562654464,-51.09960937744435,787.5,91,15.307631619880281,293,-1.1054083030267516
3478,3760,-32.29101562654464,-47.79492187728627,-180.0,91,14.316967849735635,320,0.3664254891948987
3478,3854,-32.29101562654464,-44.49023437712819,269.0,91,12.03593741524207,180,0.2986351398758206
3478,3948,-32.29101562654464,-41.185546876970115,-319.5,18,6.85820854060807,135,-0.8511727898115258
3478,4042,-32.29101562654464,-37.88085937681202,-761.5,65,7.4188686794019105,136,0.3272821743290598
3478,4136,-32.29101562654464,-34.57617187665396,457.0,65,4.4436508716581775,211,-0.9917741796719997
3478,4230,-32.29101562654464,-31.271484376495856,-1108.0,202,2.6346947966038097,296,0.12458531109239643
3478,4324,-32.29101562654464,-27.966796876337792,-1335.5,91,3.2744488092628963,82,-0.45485772648670236
3478,4418,-32.29101562654464,-24.662109376179693,-1483.5,319,1.0859477471237287,250,-0.202254734591979
3478,4512,-32.29101562654464,-21.357421876021625,-366.5,165,6.250244858245374,335,-0.0164889426531939
3478,4606,-32.29101562654464,-18.052734375863558,-1399.0,291,5.6771169984375165,18,1.570910192331086
3478,4700,-32.29101562654464,-14.748046875705464,-1169.5,180,7.9815352591564865,291,-0.6944020351753994
3478,4794,-32.29101562654464,-11.443359375547397,-140.0,65,7.277972577848866,285,-1.120523458350299
3478,4888,-32.29101562654464,-8.1386718753893,-2537.0,324,14.033423629975175,104,4.137873771387508
3478,4982,-32.29101562654464,-4.833984375231233,-1262.5,291,1.9932781002957354,245,-0.2087496457219365
3478,5076,-32.29101562654464,-1.5292968750731355,-1.0,181,5.296876651949483,114,-1.7328357569457877
3478,5170,-32.29101562654464,1.775390625084931,-2251.5,49,6.4809209018006815,277,0.6319122080870823
3478,5264,-32.29101562654464,5.080078125243029,842.0,180,4.842091856832718,106,-1.9780897046418973
3478,5358,-32.29101562654464,8.384765625401096,-773.0,229,6.2597456432689915,295,0.7105436201340793
3478,5452,-32.29101562654464,11.689453125559162,623.5,233,2.2485230837984416,149,-1.7376874352031118
3478,5546,-32.29101562654464,14.994140625717257,1247.0,270,12.691956026184213,89,-1.319844420875604
3478,5640,-32.29101562654464,18.298828125875325,-18.5,217,18.92188428921024,303,1.8532509195299847
3478,5734,-32.29101562654464,21.603515626033424,774.5,316,7.98665386484193,70,0.6985538844943935
3478,5828,-32.29101562654464,24.90820312619149,-2091.5,65,19.070892765117204,239,6.34049162330695
3478,5922,-32.29101562654464,28.212890626349587,1037.0,47,8.371620222189657,241,-1.6826444109930185
3478,6016,-32.29101562654464,31.51757812650765,873.0,180,8.682683679508775,276,0.8081229338727584
3478,6110,-32.29101562654464,34.822265626665754,1072.5,291,10.165304237025008,181,0.336631824041736
3478,6204,-32.29101562654464,38.126953126823814,1932.5,1,4.614466291156039,263,0.5257696134405972
3478,6298,-32.29101562654464,41.43164062698188,1539.5,116,26.322164623527307,290,-0.6162592774419472
3478,6392,-32.29101562654464,44.736328127139984,-2377.0,123,4.820241802972246,303,0.45402673603294263
3478,6486,-32.29101562654464,48.041015627298044,1018.0,172,5.277998011139829,70,-1.6286493858976159
3478,6580,-32.29101562654464,51.34570312745615,-427.5,291,5.540635560859157,150,0.6495595800969093
3478,6674,-32.29101562654464,54.650390627614215,-3161.5,82,9.997935038990466,217,4.04259899689364
3478,6768,-32.29101562654464,57.95507812777231,-1542.5,65,4.07847606105679,98,0.7944167244847076
3478,6862,-32.29101562654464,61.25976562793038,-748.0,245,8.822606285879205,316,0.38241083677707793
3478,6956,-32.29101562654464,64.56445312808847,-104.0,279,3.420568496318932,123,-1.2460827236331873
3478,7050,-32.29101562654464,67.86914062824654,-2830.0,228,14.592158586317634,64,1.8447062885068315
3478,7144,-32.29101562654464,71.17382812840461,-2888.5,284,11.807221068168946,143,3.3020592657916157
3478,7238,-32.29101562654464,74.4785156285627,-691.0,245,34.76885362017928,65,-1.134124341379722
3478,7332,-32.29101562654464,77.78320312872077,-1601.0,91,30.293994207196207,291,-1.0621499323886705
3478,7426,-32.29101562654464,81.08789062887887,-1486.5,202,7.207426624778923,50,1.3523082583630606
3478,7520,-32.29101562654464,84.39257812903693,-4051.5,91,26.322164623527307,256,1.1873295832602397
3478,7614,-32.29101562654464,87.69726562919503,-1002.0,261,5.052532654538166,95,-1.2767847080749561
3478,7708,-32.29101562654464,91.0019531293531,-1879.0,293,2.22324095848809,1,0.4991604435620202
3478,7802,-32.29101562654464,94.30664062951116,-1695.5,37,6.765755202408895,167,-1.0732301289703219
3478,7896,-32.29101562654464,97.61132812966923,-428.5,1,6.1739309817761265,150,-2.4729097540651392
3478,7990,-32.29101562654464,100.91601562982733,-981.5,0,5.436716895586487,222,-1.5945009072187621
3478,8084,-32.29101562654464,104.22070312998542,-3095.5,136,9.451356800368513,258,1.326838448851591
3478,8178,-32.29101562654464,107.52539063014352,683.5,270,4.244266342385462,84,-1.5994779420736172
3478,8272,-32.29101562654464,110.83007813030156,-1138.0,116,10.271234490871677,65,-1.2108399896793591
3478,8366,-32.29101562654464,114.13476563045967,-3442.5,65,23.302134962132534,210,2.3848836443468926
3478,8460,-32.29101562654464,117.43945313061775,999.5,1,5.053203708690576,98,-2.4426006823315394
3478,8554,-32.29101562654464,120.74414063077586,-1365.5,245,6.515644736384935,90,-0.20789730354753852
3478,8648,-32.29101562654464,124.04882813093388,-2987.5,207,22.02037517426746,86,6.33799482115655
3478,8742,-32.29101562654464,127.353515631092,1144.0,128,10.071493015925409,284,-1.1717321919072505
3478,8836,-32.29101562654464,130.65820313125008,2885.5,245,12.855440425013557,65,-1.7174324553945088
3478,8930,-32.29101562654464,133.9628906314081,658.0,270,6.343019157848214,88,-0.9201509163301432
3478,9024,-32.29101562654464,137.2675781315662,479.5,245,6.91123233878236,152,-0.507819767748128
3478,9118,-32.29101562654464,140.57226563172432,-197.5,245,25.790400754122327,63,-0.06290649187774042
3478,9212,-32.29101562654464,143.8769531318824,1527.5,270,18.99408870500691,111,-2.3083578429464993
3478,9306,-32.29101562654464,147.18164063204043,918.0,1,8.90650907175304,170,-2.759594364994456
3478,9400,-32.29101562654464,150.48632813219854,298.0,65,9.5337219317468,270,1.4921493585826626
3478,9494,-32.29101562654464,153.79101563235662,1593.0,32,7.491962857421568,266,-1.2951731539200375
3478,9588,-32.29101562654464,157.0957031325147,2528.0,245,16.15694804613146,126,-4.733167606440541
3478,9682,-32.29101562654464,160.40039063267278,-3199.0,261,3.425162507561287,47,-0.011269642837824305
3478,9776,-32.29101562654464,163.70507813283086,-3298.0,1,9.93217248609119,305,-0.0164889426531939
3478,9870,-32.29101562654464,167.00976563298897,-3535.0,58,1.3248087237261774,286,-0.13401067273114736
3478,9964,-32.29101562654464,170.31445313314703,-1624.0,245,14.666068616009236,323,1.384822933896895
3478,10058,-32.29101562654464,173.6191406333051,-1947.5,91,8.66233809171532,218,-0.5181197859082097
3478,10152,-32.29101562654464,176.92382813346322,-1957.0,343,3.279651054079075,223,-1.3048568522687103
3572,0,-35.59570312670272,-179.98242188360948,-5636.5,24,5.751048589746683,197,-0.6180706524741753
3572,94,-35.59570312670272,-176.67773438345142,-2820.0,258,7.815640316792404,180,-0.0164889426531939
3572,188,-35.59570312670272,-173.3730468832933,-3044.5,123,4.213621011978597,217,-1.6427220823680095
3572,282,-35.59570312670272,-170.06835938313526,-2664.5,270,19.733530227315487,93,-3.011788468763299
3572,376,-35.59570312670272,-166.76367188297715,-5025.5,318,1.5801165666533001,87,-0.49751321283624445
3572,470,-35.59570312670272,-163.45898438281907,-4922.0,123,6.348097751129918,238,0.3229523172884625
3572,564,-35.59570312670272,-160.154296882661,-4576.0,335,13.372358924575735,142,-1.1579741788161828
3572,658,-35.59570312670272,-156.8496093825029,-4434.5,49,8.72197635102089,210,-1.482060601061629
3572,752,-35.59570312670272,-153.54492188234482,-5432.5,251,3.59252454551224,180,-0.0164889426531939
3572,846,-35.59570312670272,-150.24023438218674,-5521.0,130,2.7223564458968066,260,-0.09415892559230307
3572,940,-35.59570312670272,-146.9355468820287,-4502.0,180,4.7270307446692295,121,-0.22301512706870028
3572,1034,-35.59570312670272,-143.63085938187058,-5497.0,324,17.215535120908996,181,4.836110863529775
3572,1128,-35.59570312670272,-140.32617188171253,2343.0,91,15.83928700672242,308,-1.138411691177114
3572,1222,-35.59570312670272,-137.02148438155444,2217.0,61,11.541803060065936,241,-0.5672753064847919
3572,1316,-35.59570312670272,-133.71679688139636,-1768.0,91,16.13051494342771,264,4.291648366328582
3572,1410,-35.59570312670272,-130.41210938123828,2666.0,270,28.621836518400674,90,-0.7622756871773092
3572,1504,-35.59570312670272,-127.1074218810802,3575.5,91,7.447037130608447,280,-2.13968049190244
3572,1598,-35.59570312670272,-123.80273438092212,-1063.0,49,8.682550745828966,219,1.2155957201272365
3572,1692,-35.59570312670272,-120.49804688076404,1925.5,181,6.685260909824459,113,1.0747203855782723
3572,1786,-35.59570312670272,-117.19335938060595,2427.0,270,11.076211612088239,155,-0.0164889426531939
3572,1880,-35.59570312670272,-113.88867188044787,3571.5,36,17.213154036389355,255,-1.8399758095904248
3572,1974,-35.59570312670272,-110.58398438028979,2148.0,61,13.507229461743048,167,0.7282617616490683
3572,2068,-35.59570312670272,-107.27929688013171,2185.5,91,8.065804455789914,248,-0.9736308893514137
3572,2162,-35.59570312670272,-103.97460937997363,2787.0,166,4.7892897949400925,266,0.5221705842805094
3572,2256,-35.59570312670272,-100.66992187981555,1832.0,228,13.080178723448926,111,-0.9266185018114599
3572,2350,-35.59570312670272,-97.36523437965747,199.5,91,23.90350602606104,321,-0.5433460523685232
3572,2444,-35.59570312670272,-94.0605468794994,1240.5,91,25.627603033152003,221,2.5012730836935386
3572,2538,-35.59570312670272,-90.75585937934132,3031.5,61,18.865924377788147,251,2.4827426359983216
3572,2632,-35.59570312670272,-87.45117187918325,646.0,248,9.202896498201772,322,1.4420838466393497
3572,2726,-35.59570312670272,-84.14648437902515,-287.5,270,15.786245634147965,152,-0.815305559694854
3572,2820,-35.59570312670272,-80.84179687886707,1133.5,270,21.167011846874075,162,-1.0906892003479678
3572,2914,-35.59570312670272,-77.53710937870899,-1023.0,1,5.836061005714534,91,0.7243097156281756
3572,3008,-35.59570312670272,-74.23242187855091,-719.5,8,8.392197591548252,300,2.043887215920122
3572,3102,-35.59570312670272,-70.92773437839283,1648.5,45,4.458330520832186,119,-2.8339238488861422
3572,3196,-35.59570312670272,-67.62304687823475,-1902.0,356,5.591589266511745,166,0.1532330318651828
3572,3290,-35.59570312670272,-64.31835937807668,-549.0,231,4.780643849148573,355,0.7072388252069985
3572,3384,-35.59570312670272,-61.0136718779186,-343.5,120,21.042343828842878,252,1.0611189157353187
3572,3478,-35.59570312670272,-57.70898437776051,-1753.0,144,7.798017434462202,5,0.5564513563160228
3572,3572,-35.59570312670272,-54.404296877602434,-723.5,61,15.918796829959806,240,2.3756397641171776
3572,3666,-35.59570312670272,-51.09960937744435,-410.0,185,4.4674379459548295,43,-0.7429083685292649
3572,3760,-35.59570312670272,-47.79492187728627,73.5,155,6.160651397769487,19,-0.5440583105691044
3572,3854,-35.59570312670272,-44.49023437712819,-96.0,335,1.7794053008295658,114,-0.1963685279525326
3572,3948,-35.59570312670272,-41.185546876970115,-202.5,98,1.825707800885645,61,-0.16622292023614374
3572,4042,-35.59570312670272,-37.88085937681202,-1466.5,91,5.325279088043975,198,1.0284109622003337
3572,4136,-35.59570312670272,-34.57617187665396,-1605.5,116,3.1617199384017205,168,0.21791242436133754
3572,4230,-35.59570312670272,-31.271484376495856,-986.0,136,11.784943280926859,339,-0.5853588791668382
3572,4324,-35.59570312670272,-27.966796876337792,-1308.0,33,10.848366106993076,295,-0.2020324114430767
3572,4418,-35.59570312670272,-24.662109376179693,701.5,120,10.08201591990591,350,-2.88721502305239
3572,4512,-35.59570312670272,-21.357421876021625,-1394.5,36,9.887509546053565,130,0.1553980143903291
3572,4606,-35.59570312670272,-18.052734375863558,-1167.5,149,4.207161027650247,270,-0.07378468183348778
3572,4700,-35.59570312670272,-14.748046875705464,-354.5,233,3.2551427027930044,103,-0.11892138471543955
3572,4794,-35.59570312670272,-11.443359375547397,-299.5,0,9.113986243995864,180,0.7977593602871842
3572,4888,-35.59570312670272,-8.1386718753893,-1680.0,61,23.4469666329239,249,2.2388084766537415
3572,4982,-35.59570312670272,-4.833984375231233,-1891.0,198,4.048197009203567,62,0.223713293022743
3572,5076,-35.59570312670272,-1.5292968750731355,169.5,36,4.038758492223706,303,0.16696326752267618
3572,5170,-35.59570312670272,1.775390625084931,593.0,0,5.694266986503134,159,-1.9529694476177357
3572,5264,-35.59570312670272,5.080078125243029,-178.5,1,10.90787616048822,111,-1.7577459049472883
3572,5358,-35.59570312670272,8.384765625401096,-90.5,270,13.831804085756987,123,1.9308363081458881
3572,5452,-35.59570312670272,11.689453125559162,1309.5,120,2.417146686568336,248,-2.306883059372075
3572,5546,-35.59570312670272,14.994140625717257,-368.0,270,7.503363160484187,95,-0.15325167692132152
3572,5640,-35.59570312670272,18.298828125875325,-625.0,270,10.666632047884125,140,0.8404333931066711
3572,5734,-35.59570312670272,21.603515626033424,1370.5,270,17.573630557435994,146,-1.2207909172146985
3572,5828,-35.59570312670272,24.90820312619149,2189.0,270,11.018323225769636,190,-0.0164889426531939
3572,5922,-35.59570312670272,28.212890626349587,1662.0,0,6.1194322724308785,134,-1.3054180528767638
3572,6016,-35.59570312670272,31.51757812650765,734.0,164,4.135477950421955,8,-1.184112627321962
3572,6110,-35.59570312670272,34.822265626665754,1340.5,335,2.7151851969084495,94,-2.2433786257318897
3572,6204,-35.59570312670272,38.126953126823814,-393.0,91,8.318399999275977,291,-0.4775250870357172
3572,6298,-35.59570312670272,41.43164062698188,-99.5,70,3.869400779393571,226,1.0164465906678761
3572,6392,-35.59570312670272,44.736328127139984,-217.5,214,4.837815604736059,115,0.6996735195140275
3572,6486,-35.59570312670272,48.041015627298044,350.0,61,3.279651054079075,148,-1.7557582896766972
3572,6580,-35.59570312670272,51.34570312745615,317.0,270,7.16519185957098,155,-1.5929488667799627
3572,6674,-35.59570312670272,54.650390627614215,-543.0,26,2.1861720223386705,225,-0.0164889426531939
3572,6768,-35.59570312670272,57.95507812777231,346.0,270,25.20693892917153,75,-2.14679073695458
3572,6862,-35.59570312670272,61.25976562793038,-2370.5,84,3.7391594800626207,242,0.1319695724237426
3572,6956,-35.59570312670272,64.56445312808847,-51.5,241,6.459080365111185,95,-1.7492172623358442
3572,7050,-35.59570312670272,67.86914062824654,-800.5,26,2.8537667641286046,115,-0.22349000142029446
3572,7144,-35.59570312670272,71.17382812840461,-721.5,335,5.950104490633119,59,-1.2065117025078345
3572,7238,-35.59570312670272,74.4785156285627,-1411.5,300,11.596794312351914,110,0.5234763998392604
3572,7332,-35.59570312670272,77.78320312872077,-1254.0,61,4.756749834785838,257,-0.567306775773622
3572,7426,-35.59570312670272,81.08789062887887,-1088.0,61,11.459275775286018,129,-0.0164889426531939
3572,7520,-35.59570312670272,84.39257812903693,-2827.5,208,9.066712388935052,355,0.13216419877430222
3572,7614,-35.59570312670272,87.69726562919503,-1702.5,241,7.587824830442738,320,-1.019057615229499
3572,7708,-35.59570312670272,91.0019531293531,-1363.5,303,11.677164268481894,61,-0.9611121692581602
3572,7802,-35.59570312670272,94.30664062951116,-1886.5,300,1.8777181893118213,106,-0.18920663660834533
3572,7896,-35.59570312670272,97.61132812966923,-2138.0,125,1.904651543674996,16,-0.1360542277049909
3572,7990,-35.59570312670272,100.91601562982733,-1322.0,91,9.91024575070819,8,-0.2845655391936019
3572,8084,-35.59570312670272,104.22070312998542,-1678.5,190,1.962263845900605,247,-0.33136426207328334
3572,8178,-35.59570312670272,107.52539063014352,-1382.0,241,5.935934104231355,68,0.8494219704091707
3572,8272,-35.59570312670272,110.83007813030156,-1179.0,270,35.74302635259482,95,-0.0907666091990324
3572,8366,-35.59570312670272,114.13476563045967,-369.5,61,8.3464462630441,316,-1.1646435748199153
3572,8460,-35.59570312670272,117.43945313061775,884.5,202,5.016065346114791,71,-0.5173100438329077
3572,8554,-35.59570312670272,120.74414063077586,2014.5,61,30.07994666099159,266,-1.7916097184447473
3572,8648,-35.59570312670272,124.04882813093388,1880.0,61,18.518843902718007,263,-0.4031437507226602
3572,8742,-35.59570312670272,127.353515631092,-1217.5,270,14.987330911538528,176,-0.0164889426531939
3572,8836,-35.59570312670272,130.65820313125008,-1477.0,111,7.808642873904495,288,1.0420923596221878
3572,8930,-35.59570312670272,133.9628906314081,-1318.0,1,6.204385722717792,180,1.4420838466393497
3572,9024,-35.59570312670272,137.2675781315662,1357.0,136,6.00787816867123,2,-2.2093117753338047
3572,9118,-35.59570312670272,140.57226563172432,191.5,251,10.68091957737539,46,3.6380613452805433
3572,9212,-35.59570312670272,143.8769531318824,-516.0,61,18.40291407438415,184,-0.5435626158562787
3572,9306,-35.59570312670272,147.18164063204043,-2379.0,169,3.4313292466431733,302,0.1224203229217644
3572,9400,-35.59570312670272,150.48632813219854,817.0,45,3.6847987639632347,284,-3.2194146659928484
3572,9494,-35.59570312670272,153.79101563235662,-650.0,263,9.782422271702734,126,-0.36724353731730097
3572,9588,-35.59570312670272,157.0957031325147,-1071.5,61,8.605521236067009,188,-0.0164889426531939
3572,9682,-35.59570312670272,160.40039063267278,-3437.5,248,5.615077047409662,103,-0.27872978105945906
3572,9776,-35.59570312670272,163.70507813283086,-3467.0,18,2.5324696778305853,129,-0.4140532380332759
3572,9870,-35.59570312670272,167.00976563298897,-3705.0,36,3.6031563551765697,147,0.1600233493782907
3572,9964,-35.59570312670272,170.31445313314703,-1164.5,0,9.018319519934979,87,-2.036960762756001
3572,10058,-35.59570312670272,173.6191406333051,-1767.5,241,16.077627579552857,39,-1.8656703827514505
3572,10152,-35.59570312670272,176.92382813346322,-4694.0,291,10.986546526786126,192,-2.0193538133399804
3666,0,-38.90039062686081,-179.98242188360948,-5812.5,137,1.3715819547191672,197,-0.10243250324721362
3666,94,-38.90039062686081,-176.67773438345142,-3462.0,57,21.589310595954196,270,-3.010318118060748
3666,188,-38.90039062686081,-173.3730468832933,-2655.5,270,11.596794312351914,140,-1.4393014919083467
3666,282,-38.90039062686081,-170.06835938313526,-3634.0,180,7.5997714406916685,280,-0.08355734801257762
3666,376,-38.90039062686081,-166.76367188297715,-2987.0,237,9.96583497477302,14,-2.8287261941355597
3666,470,-38.90039062686081,-163.45898438281907,-2660.0,124,7.108780507204559,205,-1.6203386639458608
3666,564,-38.90039062686081,-160.154296882661,-4397.0,8,5.087247558873172,91,-1.2524786602312517
3666,658,-38.90039062686081,-156.8496093825029,-4937.0,270,4.927412347624502,181,0.19620446489413182
3666,752,-38.90039062686081,-153.54492188234482,-5108.5,346,7.341225492940145,81,0.43732673034931735
3666,846,-38.90039062686081,-150.24023438218674,-5390.0,99,3.247302442032722,17,-0.0164889426531939
3666,940,-38.90039062686081,-146.9355468820287,-4554.5,237,7.22158925113995,41,-0.8185741578517745
3666,1034,-38.90039062686081,-143.63085938187058,-3816.5,270,10.437568855435638,0,-0.0164889426531939
3666,1128,-38.90039062686081,-140.32617188171253,310.0,57,21.167011846874075,233,-1.8728496240204835
3666,1222,-38.90039062686081,-137.02148438155444,-2672.0,91,28.55557226184111,237,4.647258492825392
3666,1316,-38.90039062686081,-133.71679688139636,804.5,303,28.884398180599376,147,-1.9277409983246092
3666,1410,-38.90039062686081,-130.41210938123828,-1029.0,237,19.871093596941435,98,2.11755703619525
3666,1504,-38.90039062686081,-127.1074218810802,4106.0,270,22.719656127867147,179,-2.4370015013319373
3666,1598,-38.90039062686081,-123.80273438092212,1880.5,108,9.893668356906852,149,5.836061005714534
3666,1692,-38.90039062686081,-120.49804688076404,3076.5,65,3.7350048155285487,256,-0.45644556124888064
3666,1786,-38.90039062686081,-117.19335938060595,2296.0,236,10.873987819589587,57,-0.3316120276314915
3666,1880,-38.90039062686081,-113.88867188044787,2824.5,91,19.428368524448533,301,-1.9921361981375973
3666,1974,-38.90039062686081,-110.58398438028979,2547.5,320,5.807002854446477,212,-1.1409163597441963
3666,2068,-38.90039062686081,-107.27929688013171,2066.5,112,7.945436720744541,271,-0.24303512080258555
3666,2162,-38.90039062686081,-103.97460937997363,2251.0,57,12.664688111448994,306,-0.23080042432984565
3666,2256,-38.90039062686081,-100.66992187981555,3513.0,303,10.130390579286258,180,0.7644315085936548
3666,2350,-38.90039062686081,-97.36523437965747,4091.5,1,9.548460540704943,190,-2.2900972323732565
3666,2444,-38.90039062686081,-94.0605468794994,3354.5,91,28.533465615738635,343,-0.0164889426531939
3666,2538,-38.90039062686081,-90.75585937934132,3705.0,124,11.514299341559344,343,0.6527463654532877
3666,2632,-38.90039062686081,-87.45117187918325,2691.5,30,10.079669931267839,295,2.140713675194338
3666,2726,-38.90039062686081,-84.14648437902515,4008.5,316,11.122862383836733,180,2.9641641118124213
3666,2820,-38.90039062686081,-80.84179687886707,347.0,123,8.862448870357545,20,0.9026804321245057
3666,2914,-38.90039062686081,-77.53710937870899,1263.0,237,13.534311416223286,25,-2.3717879801832016
3666,3008,-38.90039062686081,-74.23242187855091,64.0,237,14.207297582634402,118,0.6746200709173082
3666,3102,-38.90039062686081,-70.92773437839283,-1420.0,281,11.452452284836541,130,-0.5777202288825208
3666,3196,-38.90039062686081,-67.62304687823475,-1134.0,237,23.99921236886034,1,-0.42240675104254305
3666,3290,-38.90039062686081,-64.31835937807668,-391.5,316,5.286143728354894,57,-0.6117603890675131
3666,3384,-38.90039062686081,-61.0136718779186,-198.0,1,3.103093459081631,247,-0.7079454081635311
3666,3478,-38.90039062686081,-57.70898437776051,-83.5,19,4.001167842085964,238,-0.7463009451644479
3666,3572,-38.90039062686081,-54.404296877602434,547.0,57,2.989490656028356,128,-1.862988303382019
3666,3666,-38.90039062686081,-51.09960937744435,-338.0,270,15.25431561235567,6,-0.7072117986374257
3666,3760,-38.90039062686081,-47.79492187728627,-237.0,91,5.921103109870105,265,-0.6051066905700232
3666,3854,-38.90039062686081,-44.49023437712819,-460.5,201,7.8322774796181305,18,1.3956695676482977
3666,3948,-38.90039062686081,-41.185546876970115,609.0,124,8.99037336625613,303,-0.6940924257798723
3666,4042,-38.90039062686081,-37.88085937681202,-459.0,201,8.201467876673942,21,-0.6407458186326564
3666,4136,-38.90039062686081,-34.57617187665396,847.5,336,8.255934470575713,246,-1.8624345074638968
3666,4230,-38.90039062686081,-31.271484376495856,-868.5,7,2.3107695450543497,108,-0.564607655778847
3666,4324,-38.90039062686081,-27.966796876337792,-1194.0,304,7.944128249674145,245,0.5356343078113234
3666,4418,-38.90039062686081,-24.662109376179693,-960.5,237,30.761624567615094,0,1.6997206525546702
3666,4512,-38.90039062686081,-21.357421876021625,-763.5,57,6.003220692963376,205,-0.4027841677094425
3666,4606,-38.90039062686081,-18.052734375863558,-3306.0,348,9.351064866264814,145,2.0354743743737838
3666,4700,-38.90039062686081,-14.748046875705464,-1987.0,91,15.17429086035302,0,3.9475349601390333
3666,4794,-38.90039062686081,-11.443359375547397,183.5,91,6.372071806638404,303,-1.5446884368911233
3666,4888,-38.90039062686081,-8.1386718753893,-2268.5,237,27.551599329559934,3,1.6931579981115228
3666,4982,-38.90039062686081,-4.833984375231233,-1228.5,303,10.850533525048302,127,-1.5649011768812437
3666,5076,-38.90039062686081,-1.5292968750731355,-334.5,57,12.061266368643834,217,-2.0519324449227807
3666,5170,-38.90039062686081,1.775390625084931,-41.0,57,8.435667883080434,284,-1.3318473245494205
3666,5264,-38.90039062686081,5.080078125243029,-1306.0,180,12.016447644823666,298,-0.1447009958710579
3666,5358,-38.90039062686081,8.384765625401096,-268.5,253,3.7548430005231204,33,-1.3413547154791468
3666,5452,-38.90039062686081,11.689453125559162,152.0,91,5.665899727008605,303,-1.4319215105254013
3666,5546,-38.90039062686081,14.994140625717257,123.0,270,4.726147479310284,42,0.6985574453196082
3666,5640,-38.90039062686081,18.298828125875325,-417.0,66,7.847877051420211,242,0.5410279145633701
3666,5734,-38.90039062686081,21.603515626033424,-781.5,276,6.9541383594307264,35,2.3602887012197025
3666,5828,-38.90039062686081,24.90820312619149,-282.5,236,7.921088736489449,146,1.0556508636853181
3666,5922,-38.90039062686081,28.212890626349587,298.5,105,2.908898037104023,199,-0.9312291646071161
3666,6016,-38.90039062686081,31.51757812650765,1147.5,347,4.772299709596335,192,-2.122419229878657
3666,6110,-38.90039062686081,34.822265626665754,463.0,123,7.346302208409623,205,-0.9068268618841938
3666,6204,-38.90039062686081,38.126953126823814,-1538.5,273,7.186740666769816,78,0.1765663416615252
3666,6298,-38.90039062686081,41.43164062698188,451.0,270,4.842091856832718,9,-1.2252460662534157
3666,6392,-38.90039062686081,44.736328127139984,916.5,91,6.7982731853146525,274,0.012158946465612564
3666,6486,-38.90039062686081,48.041015627298044,469.0,124,4.044778777280754,298,-1.219313184875777
3666,6580,-38.90039062686081,51.34570312745615,-1109.5,303,6.866744894274494,74,-0.351588496351067
3666,6674,-38.90039062686081,54.650390627614215,90.0,91,6.232697473180402,294,-1.669764723215814
3666,6768,-38.90039062686081,57.95507812777231,-2289.5,34,16.790834361198122,143,0.7269032612934987
3666,6862,-38.90039062686081,61.25976562793038,-1211.0,25,10.153954419253884,102,2.073958991607594
3666,6956,-38.90039062686081,64.56445312808847,-1095.5,181,7.728520422618913,322,2.546007161354478
3666,7050,-38.90039062686081,67.86914062824654,-583.0,303,15.452099164390235,126,-1.1790109126101176
3666,7144,-38.90039062686081,71.17382812840461,-719.0,237,6.8265179867272,16,-0.8318592911735677
3666,7238,-38.90039062686081,74.4785156285627,-1825.0,329,14.12578223589949,125,-0.23458894385299942
3666,7332,-38.90039062686081,77.78320312872077,-753.0,99,2.123447849639927,1,-0.6990364816724879
3666,7426,-38.90039062686081,81.08789062887887,-612.0,237,18.01515827120679,127,-0.7326462528315455
3666,7520,-38.90039062686081,84.39257812903693,-1474.0,162,7.8296506006109805,356,0.6401952038518085
3666,7614,-38.90039062686081,87.69726562919503,-1489.0,34,5.538653274117648,276,-0.7637429139525336
3666,7708,-38.90039062686081,91.0019531293531,-1365.5,91,3.3030024171034125,327,-0.0164889426531939
3666,7802,-38.90039062686081,94.30664062951116,-1527.5,316,6.285033727099557,57,-0.42916103233997893
3666,7896,-38.90039062686081,97.61132812966923,-2076.0,4,11.489138822561856,96,-0.4834719182604769
3666,7990,-38.90039062686081,100.91601562982733,-1870.5,74,5.975470293101404,247,-0.7964571292409073
3666,8084,-38.90039062686081,104.22070312998542,1311.5,303,10.587794075225741,67,-3.3020498966201735
3666,8178,-38.90039062686081,107.52539063014352,-1743.0,123,11.677164268481894,22,-0.8628949517131865
3666,8272,-38.90039062686081,110.83007813030156,1059.0,98,4.759480857021289,298,-3.1395345655857967
3666,8366,-38.90039062686081,114.13476563045967,-226.0,149,27.183267168512103,346,0.07680119858942541
3666,8460,-38.90039062686081,117.43945313061775,-516.5,47,10.06226479651581,241,-0.07795577752625452
3666,8554,-38.90039062686081,120.74414063077586,-1551.5,171,5.351926395481154,347,0.47588030587871166
3666,8648,-38.90039062686081,124.04882813093388,-78.0,236,5.524682689871355,33,-0.9858134607234745
3666,8742,-38.90039062686081,127.353515631092,-494.0,101,15.589362637263772,250,0.27243348639424414
3666,8836,-38.90039062686081,130.65820313125008,-794.5,57,12.99151509033828,181,0.6165399966872853
3666,8930,-38.90039062686081,133.9628906314081,-1118.0,237,13.263216272009538,7,0.5481347227651475
3666,9024,-38.90039062686081,137.2675781315662,-751.5,91,9.157985151648763,331,0.10322788607842748
3666,9118,-38.90039062686081,140.57226563172432,-88.0,270,6.939463728337134,42,0.33572585146619427
3666,9212,-38.90039062686081,143.8769531318824,676.0,181,14.531929305889175,89,-2.2462308868033922
3666,9306,-38.90039062686081,147.18164063204043,-1613.5,124,22.646493431972598,331,1.9285426615908463
3666,9400,-38.90039062686081,150.48632813219854,248.0,91,20.74228886648236,0,-0.0164889426531939
3666,9494,-38.90039062686081,153.79101563235662,-861.5,91,16.71039857928098,302,-0.1518037504246138
3666,9588,-38.90039062686081,157.0957031325147,-2491.0,303,21.793943586139676,141,2.3410002845144
3666,9682,-38.90039062686081,160.40039063267278,-1699.5,57,23.4089651418866,176,0.055699302495133135
3666,9776,-38.90039062686081,163.70507813283086,-2392.5,57,27.619113792507672,230,-0.3737897209986666
3666,9870,-38.90039062686081,167.00976563298897,-4066.5,57,26.101362253791844,270,5.09188890859402
3666,9964,-38.90039062686081,170.31445313314703,-3888.0,70,9.954607229202104,291,0.7521559920067312
3666,10058,-38.90039062686081,173.6191406333051,-2988.0,68,8.681311190679065,161,-0.004329996452023693
3666,10152,-38.90039062686081,176.92382813346322,-5746.5,291,3.4678615236622985,357,-0.33929396288521174
3760,0,-42.20507812701889,-179.98242188360948,-1533.5,123,7.708513651019768,56,-1.5600818009708186
3760,94,-42.20507812701889,-176.67773438345142,-4907.0,53,23.591481431649033,218,0.5043782442248512
3760,188,-42.20507812701889,-173.3730468832933,-4164.5,354,3.9137388360283825,58,0.8428869390211424
3760,282,-42.20507812701889,-170.06835938313526,-3806.5,53,9.295432599684595,232,-1.5313911493904473
3760,376,-42.20507812701889,-166.76367188297715,-3630.5,180,5.872158370565986,250,0.7404739092562399
3760,470,-42.20507812701889,-163.45898438281907,-4768.5,53,16.170777195878216,234,2.6551416539727635
3760,564,-42.20507812701889,-160.154296882661,-3410.0,91,5.3522866317477735,35,-1.1682929336815797
3760,658,-42.20507812701889,-156.8496093825029,-5094.0,232,3.332745682658923,70,-0.07378468183348778
3760,752,-42.20507812701889,-153.54492188234482,-5266.5,208,5.507026180365314,1,0.060557269910651995
3760,846,-42.20507812701889,-150.24023438218674,-5035.5,53,3.3151208522846223,299,-0.7435982230924442
3760,940,-42.20507812701889,-146.9355468820287,-6074.5,233,7.925336456642231,314,1.5823222010544875
3760,1034,-42.20507812701889,-143.63085938187058,-2842.0,10,9.277946006684873,282,-0.618925367160298
3760,1128,-42.20507812701889,-140.32617188171253,-3868.0,303,14.24767374113169,128,1.7285094762172957
3760,1222,-42.20507812701889,-137.02148438155444,-652.0,128,3.7881510278804997,30,0.5251206714651061
3760,1316,-42.20507812701889,-133.71679688139636,-266.5,91,25.92958685887777,307,-0.3285711694461776
3760,1410,-42.20507812701889,-130.41210938123828,-1329.5,53,17.193344728372363,233,2.0876850711777934
3760,1504,-42.20507812701889,-127.1074218810802,-833.0,74,3.9178964724173673,341,-0.6431676542940656
3760,1598,-42.20507812701889,-123.80273438092212,806.0,270,19.784277863731486,127,-1.08262285033608
3760,1692,-42.20507812701889,-120.49804688076404,102.5,53,5.694266986503134,200,-0.6691136762227006
3760,1786,-42.20507812701889,-117.19335938060595,3318.5,123,7.670126921420018,73,2.0678583646370403
3760,1880,-42.20507812701889,-113.88867188044787,608.0,340,6.264604785272746,219,-1.5247962225676241
3760,1974,-42.20507812701889,-110.58398438028979,2778.0,91,17.651705634898008,5,0.2672048572466703
3760,2068,-42.20507812701889,-107.27929688013171,2629.5,91,14.692876814162016,0,1.3044234612413697
3760,2162,-42.20507812701889,-103.97460937997363,1657.5,233,7.475857649939244,88,-0.31684390392532386
3760,2256,-42.20507812701889,-100.66992187981555,1212.0,123,10.712306453939433,296,1.4732305284137732
3760,2350,-42.20507812701889,-97.36523437965747,1355.5,303,20.76544638371461,174,-1.3796779440364042
3760,2444,-42.20507812701889,-94.0605468794994,1469.5,316,11.464288979044953,221,-0.26471050996398504
3760,2538,-42.20507812701889,-90.75585937934132,-926.0,123,31.650694573681882,325,10.51167787209141
3760,2632,-42.20507812701889,-87.45117187918325,1511.5,53,7.925336456642231,209,-0.38960413647764763
3760,2726,-42.20507812701889,-84.14648437902515,2654.0,53,14.71765319505037,248,-1.3414547777523667
3760,2820,-42.20507812701889,-80.84179687886707,814.5,233,22.082995440921305,330,0.2292136253206629
3760,2914,-42.20507812701889,-77.53710937870899,2387.0,303,8.3162803042014,136,-2.258440688892195
3760,3008,-42.20507812701889,-74.23242187855091,1034.0,270,11.32162329160596,146,-1.1974435827355459
3760,3102,-42.20507812701889,-70.92773437839283,386.0,204,10.088742759127076,126,-0.2509513630579567
3760,3196,-42.20507812701889,-67.62304687823475,100.5,29,3.6996558931769314,191,-1.0186676661704872
3760,3290,-42.20507812701889,-64.31835937807668,-305.5,248,1.8969453566485404,0,0.12950022864222663
3760,3384,-42.20507812701889,-61.0136718779186,-407.0,146,2.0149407075646204,99,0.4563786437040214
3760,3478,-42.20507812701889,-57.70898437776051,-1611.0,316,9.579719935309363,81,-0.2924684392493732
3760,3572,-42.20507812701889,-54.404296877602434,-1506.0,356,5.280575064811617,119,-0.07378468183348778
3760,3666,-42.20507812701889,-51.09960937744435,1056.0,303,5.110932216105067,128,-0.3854067432299598
3760,3760,-42.20507812701889,-47.79492187728627,-582.0,128,6.261006168263866,254,0.6137411563433645
3760,3854,-42.20507812701889,-44.49023437712819,-699.5,84,2.393520146433337,118,-0.030325861735177644
3760,3948,-42.20507812701889,-41.185546876970115,-445.0,270,5.382076073059819,53,-0.7438557736255591
3760,4042,-42.20507812701889,-37.88085937681202,53.5,103,5.611929268303893,294,-0.9592304849454508
3760,4136,-42.20507812701889,-34.57617187665396,467.0,32,6.12459221144191,221,-2.323505705330869
3760,4230,-42.20507812701889,-31.271484376495856,-783.5,299,7.009014748422269,90,-0.19913915648505928
3760,4324,-42.20507812701889,-27.966796876337792,-855.5,91,12.200249639429538,322,0.4147284432541764
3760,4418,-42.20507812701889,-24.662109376179693,-313.0,233,23.711667802165252,12,3.845856914322106
3760,4512,-42.20507812701889,-21.357421876021625,-2210.5,314,7.190970555975832,174,0.13148876694300887
3760,4606,-42.20507812701889,-18.052734375863558,-1345.5,233,33.59259811273954,18,1.7919325576146254
3760,4700,-42.20507812701889,-14.748046875705464,-1868.5,316,9.305598557600737,184,2.1717377216787703
3760,4794,-42.20507812701889,-11.443359375547397,-960.5,342,12.626984451431984,195,0.024430016628923665
3760,4888,-42.20507812701889,-8.1386718753893,-496.0,114,9.27929322340895,357,0.00505523512820051
3760,4982,-42.20507812701889,-4.833984375231233,-656.5,157,9.267529922414166,30,-1.857719749097823
3760,5076,-42.20507812701889,-1.5292968750731355,718.5,270,7.728520422618913,169,-2.210533608912868
3760,5170,-42.20507812701889,1.775390625084931,-2435.5,53,27.258076702730868,165,4.949401076415511
3760,5264,-42.20507812701889,5.080078125243029,-2628.0,204,7.253225884856643,29,-0.2423475224442125
3760,5358,-42.20507812701889,8.384765625401096,-3481.5,27,7.694060254605929,317,2.6836748722152537
3760,5452,-42.20507812701889,11.689453125559162,-715.0,233,18.744584599632336,134,-1.426835639665823
3760,5546,-42.20507812701889,14.994140625717257,-3798.5,124,9.214466742007353,234,1.0209270091372664
3760,5640,-42.20507812701889,18.298828125875325,-639.5,329,2.317494064194834,30,-0.7726044315334852
3760,5734,-42.20507812701889,21.603515626033424,108.0,212,8.127079490384,81,-0.7942610818692688
3760,5828,-42.20507812701889,24.90820312619149,261.0,91,16.209793050953483,272,-1.3173536480331987
3760,5922,-42.20507812701889,28.212890626349587,-486.5,113,1.8536649081109742,204,-0.694841325987221
3760,6016,-42.20507812701889,31.51757812650765,-195.0,58,5.47929995800806,245,-0.13108027344497347
3760,6110,-42.20507812701889,34.822265626665754,286.5,44,5.249893046732014,0,0.3251172462729413
3760,6204,-42.20507812701889,38.126953126823814,-809.5,303,12.21186505858104,182,-1.3192900655732342
3760,6298,-42.20507812701889,41.43164062698188,-2647.5,345,12.33075517582767,184,1.2614018904216162
3760,6392,-42.20507812701889,44.736328127139984,-271.5,303,7.553728900416786,58,0.19554821262838085
3760,6486,-42.20507812701889,48.041015627298044,67.5,24,3.6347322382100904,156,-1.2538369053006884
3760,6580,-42.20507812701889,51.34570312745615,-2053.0,53,18.323550230071397,310,0.6404819186097281
3760,6674,-42.20507812701889,54.650390627614215,-1428.5,91,15.759714526600197,330,0.9974143365347953
3760,6768,-42.20507812701889,57.95507812777231,-811.0,181,4.415173855811269,267,-0.5859608347503176
3760,6862,-42.20507812701889,61.25976562793038,-605.5,91,8.290349720344867,295,-1.2820819532222112
3760,6956,-42.20507812701889,64.56445312808847,-1005.5,53,17.18027145325065,250,-0.15944197210878547
3760,7050,-42.20507812701889,67.86914062824654,-1233.0,1,7.728520422618913,180,0.3272821743290598
3760,7144,-42.20507812701889,71.17382812840461,-2310.0,329,11.544490138024702,279,3.4954504256266254
3760,7238,-42.20507812701889,74.4785156285627,-1802.5,333,10.984888654338384,220,0.7529253910680516
3760,7332,-42.20507812701889,77.78320312872077,-1470.5,243,8.377180092839557,91,-0.40669295143118933
3760,7426,-42.20507812701889,81.08789062887887,-989.5,123,7.377265225787914,270,-0.8780218970751398
3760,7520,-42.20507812701889,84.39257812903693,-2583.5,53,15.996243198802127,190,1.4527511350740072
3760,7614,-42.20507812701889,87.69726562919503,99.0,91,5.42532787314868,186,-0.3565852797140029
3760,7708,-42.20507812701889,91.0019531293531,-1479.0,254,1.447275294607524,81,-0.07311770518089415
3760,7802,-42.20507812701889,94.30664062951116,111.5,128,11.266525105389595,277,-2.3608294441035906
3760,7896,-42.20507812701889,97.61132812966923,-696.5,91,44.08950267420013,288,-1.06534270457082
3760,7990,-42.20507812701889,100.91601562982733,-1182.0,5,1.941484210362011,233,-0.34721111956252176
3760,8084,-42.20507812701889,104.22070312998542,-1336.5,136,9.858034101905393,49,0.08102001685533332
3760,8178,-42.20507812701889,107.52539063014352,-1010.0,233,13.423898433583863,308,-0.0164889426531939
3760,8272,-42.20507812701889,110.83007813030156,-3155.5,333,14.619193022378573,159,5.2181539963600425
3760,8366,-42.20507812701889,114.13476563045967,-415.5,97,9.04960976584023,249,-0.6452931880713423
3760,8460,-42.20507812701889,117.43945313061775,-780.5,233,14.570160300561257,2,-0.5824410423562025
3760,8554,-42.20507812701889,120.74414063077586,-895.0,5,9.273918259938768,232,-1.4483381352178066
3760,8648,-42.20507812701889,124.04882813093388,1292.0,233,7.289936070616148,345,-0.0164889426531939
3760,8742,-42.20507812701889,127.353515631092,1472.5,153,10.975685799551735,238,-1.0693599131909775
3760,8836,-42.20507812701889,130.65820313125008,-1117.0,270,12.337021131378519,128,1.7877477196588607
3760,8930,-42.20507812701889,133.9628906314081,-2160.0,233,13.723712025303076,89,-0.8419946462111005
3760,9024,-42.20507812701889,137.2675781315662,-2610.5,204,7.712329056991235,270,0.3411008066856992
3760,9118,-42.20507812701889,140.57226563172432,301.5,128,6.724925928861951,188,-0.3666582735644415
3760,9212,-42.20507812701889,143.8769531318824,-120.0,53,9.65986232471079,299,0.9335645519593445
3760,9306,-42.20507812701889,147.18164063204043,2286.0,238,6.796138514455366,175,-3.9999144122979855
3760,9400,-42.20507812701889,150.48632813219854,-1778.0,50,7.7378056106508355,193,1.3443906157763565
3760,9494,-42.20507812701889,153.79101563235662,-1292.5,261,13.189190687320814,91,-1.8560582414822506
3760,9588,-42.20507812701889,157.0957031325147,-2205.0,233,14.960595563036017,74,-1.0491829912055144
3760,9682,-42.20507812701889,160.40039063267278,-2983.0,123,5.975641801561544,230,-0.573206914379059
3760,9776,-42.20507812701889,163.70507813283086,-2941.5,233,19.30087752610221,121,-0.958067643849836
3760,9870,-42.20507812701889,167.00976563298897,-2401.0,0,5.926266819186519,233,-1.6178647623098772
3760,9964,-42.20507812701889,170.31445313314703,-4104.0,53,8.94241631248548,270,1.8163672791527514
3760,10058,-42.20507812701889,173.6191406333051,-1689.0,53,11.61805038310165,161,-3.732393482978978
3760,10152,-42.20507812701889,176.92382813346322,-3470.5,10,7.208050806492426,192,-2.693381254730039
3854,0,-45.509765627176975,-179.98242188360948,-4405.5,123,12.75804082336826,312,-12.614258346472656
3854,94,-45.509765627176975,-176.67773438345142,-3533.5,283,12.970293019473374,160,-0.19214493372758165
3854,188,-45.509765627176975,-173.3730468832933,-4266.0,327,1.83274358777302,188,-0.025032412571577012
3854,282,-45.509765627176975,-170.06835938313526,-4348.0,67,5.068170785724047,208,-0.747509081160855
3854,376,-45.509765627176975,-166.76367188297715,-4370.5,225,2.6382214489656692,53,-0.36458869568403196
3854,470,-45.509765627176975,-163.45898438281907,-4324.5,52,5.063964423289154,293,-0.29317557658585935
3854,564,-45.509765627176975,-160.154296882661,-3094.5,13,6.591687315831436,208,-1.5357349140084589
3854,658,-45.509765627176975,-156.8496093825029,-4063.5,270,2.7030534136526705,142,-1.106162252085158
3854,752,-45.509765627176975,-153.54492188234482,-4286.0,49,4.7282977734306275,261,-0.5148797708125227
3854,846,-45.509765627176975,-150.24023438218674,-3055.0,244,9.344900969124817,331,0.3229523172884625
3854,940,-45.509765627176975,-146.9355468820287,-3383.5,91,3.8166729293729063,229,0.3993436435008755
3854,1034,-45.509765627176975,-143.63085938187058,-4541.0,49,5.32326003336,107,0.4080614645241476
3854,1128,-45.509765627176975,-140.32617188171253,-5758.5,209,13.072315023709464,36,2.7001736353257124
3854,1222,-45.509765627176975,-137.02148438155444,-2028.5,38,9.111668798926036,205,-0.66753125280563
3854,1316,-45.509765627176975,-133.71679688139636,-1569.5,321,8.480724159636912,124,-1.565899534392231
3854,1410,-45.509765627176975,-130.41210938123828,-3183.5,56,8.051440326199387,239,0.5302675005591142
3854,1504,-45.509765627176975,-127.1074218810802,-355.0,91,13.9667780085038,0,-0.0164889426531939
3854,1598,-45.509765627176975,-123.80273438092212,577.0,270,23.253787462576298,79,-1.4026245769980858
3854,1692,-45.509765627176975,-120.49804688076404,-3182.5,257,7.8394940099947865,147,2.8142374063579574
3854,1786,-45.509765627176975,-117.19335938060595,1016.5,270,6.8265179867272,151,-0.7536458094448502
3854,1880,-45.509765627176975,-113.88867188044787,223.5,286,19.23126721570726,53,4.722314792239057
3854,1974,-45.509765627176975,-110.58398438028979,3368.0,91,25.790400754122327,325,-0.0164889426531939
3854,2068,-45.509765627176975,-107.27929688013171,1687.0,132,23.711667802165252,0,2.9282719536869206
3854,2162,-45.509765627176975,-103.97460937997363,947.5,136,4.325424407200755,25,-0.0164889426531939
3854,2256,-45.509765627176975,-100.66992187981555,867.5,30,8.267406888310836,215,-1.0794140521009066
3854,2350,-45.509765627176975,-97.36523437965747,738.0,127,6.850237172346718,9,-0.2554983712923485
3854,2444,-45.509765627176975,-94.0605468794994,1860.5,229,7.304028939504883,151,-3.4638887034918278
3854,2538,-45.509765627176975,-90.75585937934132,1294.5,23,5.499104955697773,185,-1.2996169439494833
3854,2632,-45.509765627176975,-87.45117187918325,741.5,316,19.712769915363875,161,3.737209631733155
3854,2726,-45.509765627176975,-84.14648437902515,1571.0,86,5.747644602054906,12,-0.10410194835051247
3854,2820,-45.509765627176975,-80.84179687886707,2718.0,270,10.608767988010229,86,-2.55978883429438
3854,2914,-45.509765627176975,-77.53710937870899,64.0,270,13.317484108369097,142,1.0739257902097905
3854,3008,-45.509765627176975,-74.23242187855091,-214.5,229,15.757709217305885,23,1.97423301320464
3854,3102,-45.509765627176975,-70.92773437839283,678.5,229,8.206174918496814,96,0.9775806331822341
3854,3196,-45.509765627176975,-67.62304687823475,321.5,212,4.3648166142250435,30,-0.6033037335484318
3854,3290,-45.509765627176975,-64.31835937807668,-304.5,287,3.2804066241419902,105,-0.302965016991789
3854,3384,-45.509765627176975,-61.0136718779186,-125.0,91,31.392051780451716,270,-0.021649981270933944
3854,3478,-45.509765627176975,-57.70898437776051,-1676.5,151,7.113919816552094,0,0.15468569726394202
3854,3572,-45.509765627176975,-54.404296877602434,-1493.5,116,1.2752546337434132,266,-0.4522217593572973
3854,3666,-45.509765627176975,-51.09960937744435,-1310.5,118,17.353267526588493,281,-0.3316120276314915
3854,3760,-45.509765627176975,-47.79492187728627,-237.0,302,2.1529137387284676,70,-0.03297788257512757
3854,3854,-45.509765627176975,-44.49023437712819,-267.5,118,1.2011944717586924,32,-0.13108027344497347
3854,3948,-45.509765627176975,-41.185546876970115,-73.0,180,11.431755949748885,38,-0.0164889426531939
3854,4042,-45.509765627176975,-37.88085937681202,-413.5,91,22.18132227049883,285,-0.4628911154163682
3854,4136,-45.509765627176975,-34.57617187665396,327.0,207,7.399084079022449,35,-1.5223098383063838
3854,4230,-45.509765627176975,-31.271484376495856,-390.0,49,20.591812696468374,196,-1.233540844911619
3854,4324,-45.509765627176975,-27.966796876337792,-689.0,315,3.451528645985563,223,-0.4261797539484599
3854,4418,-45.509765627176975,-24.662109376179693,84.5,0,5.017890348335445,270,-1.0346522445389956
3854,4512,-45.509765627176975,-21.357421876021625,-882.0,217,5.864973862454416,286,-0.06443473187310186
3854,4606,-45.509765627176975,-18.052734375863558,321.5,180,6.685260909824459,327,0.19187451809754452
3854,4700,-45.509765627176975,-14.748046875705464,-1053.5,91,6.713518912854834,280,1.027150634114437
3854,4794,-45.509765627176975,-11.443359375547397,524.5,132,15.918796829959806,306,-0.6401232565739777
3854,4888,-45.509765627176975,-8.1386718753893,545.5,270,15.918796829959806,49,-0.9088272928370446
3854,4982,-45.509765627176975,-4.833984375231233,-205.5,286,11.968052776217794,173,1.4525157876673362
3854,5076,-45.509765627176975,-1.5292968750731355,-617.0,49,5.012710937058842,181,0.21822373482395047
3854,5170,-45.509765627176975,1.775390625084931,-850.0,270,2.3027494629861427,153,-0.9011643197744941
3854,5264,-45.509765627176975,5.080078125243029,-757.0,91,4.799865052911394,327,-0.0164889426531939
3854,5358,-45.509765627176975,8.384765625401096,-991.0,279,2.824833881126579,75,-0.20223406870744282
3854,5452,-45.509765627176975,11.689453125559162,-702.0,49,5.325279088043975,189,-0.4240104880745131
3854,5546,-45.509765627176975,14.994140625717257,-381.0,270,11.624281823987335,63,-1.658457740269079
3854,5640,-45.509765627176975,18.298828125875325,-1280.5,91,26.871889620536738,293,-0.479209353637376
3854,5734,-45.509765627176975,21.603515626033424,-643.5,229,3.9877640709561657,97,-0.5775963545490044
3854,5828,-45.509765627176975,24.90820312619149,-512.5,49,5.977783327189996,275,0.809915913800598
3854,5922,-45.509765627176975,28.212890626349587,-1710.5,0,9.737488186383738,56,2.8176263692538077
3854,6016,-45.509765627176975,31.51757812650765,-498.0,49,3.9000722356145103,267,-1.1807027124966853
3854,6110,-45.509765627176975,34.822265626665754,63.0,339,6.2828946669385815,221,-1.2023845930757595
3854,6204,-45.509765627176975,38.126953126823814,-2516.5,229,11.431755949748885,11,0.5712185227873543
3854,6298,-45.509765627176975,41.43164062698188,-2371.0,270,5.522758017526115,156,0.18823073184216865
3854,6392,-45.509765627176975,44.736328127139984,-509.0,91,14.639253850766785,270,-0.589425944164081
3854,6486,-45.509765627176975,48.041015627298044,-757.5,229,23.302134962132534,72,0.5797718486571592
3854,6580,-45.509765627176975,51.34570312745615,-953.5,12,6.025918811061473,213,-0.22218409687972396
3854,6674,-45.509765627176975,54.650390627614215,-2624.0,229,8.962422898792692,346,2.174270733736812
3854,6768,-45.509765627176975,57.95507812777231,-497.0,58,1.7998947520004287,357,-0.7710160101315131
3854,6862,-45.509765627176975,61.25976562793038,89.0,22,2.472177158515772,309,-1.796784618690214
3854,6956,-45.509765627176975,64.56445312808847,-1689.5,91,29.06146254547163,313,0.4140290754984737
3854,7050,-45.509765627176975,67.86914062824654,-1321.5,316,19.211911873558435,173,-0.8726023942918673
3854,7144,-45.509765627176975,71.17382812840461,-1145.0,49,13.735186069667371,123,-0.8842059442647874
3854,7238,-45.509765627176975,74.4785156285627,-1777.5,229,4.955847662513532,123,0.17971569935003917
3854,7332,-45.509765627176975,77.78320312872077,-1827.5,300,2.9936838208760883,204,-0.3135189034682555
3854,7426,-45.509765627176975,81.08789062887887,-907.5,229,5.323132730914982,0,0.1858552279784765
3854,7520,-45.509765627176975,84.39257812903693,-838.5,91,5.296876651949483,270,-0.04513682352753223
3854,7614,-45.509765627176975,87.69726562919503,-620.0,229,13.206872220091627,64,0.14469109157573157
3854,7708,-45.509765627176975,91.0019531293531,-127.5,49,4.2727562657268425,111,-0.8057961460498498
3854,7802,-45.509765627176975,94.30664062951116,-957.0,270,2.0028157887511844,180,-0.06551109205295941
3854,7896,-45.509765627176975,97.61132812966923,-893.5,77,5.576237041033381,307,-0.4369723540096462
3854,7990,-45.509765627176975,100.91601562982733,-127.0,316,3.7645675912575776,234,-0.2670821551779909
3854,8084,-45.509765627176975,104.22070312998542,1375.0,49,13.642577522167361,275,1.7166392006310052
3854,8178,-45.509765627176975,107.52539063014352,-1440.0,91,15.17429086035302,229,1.3583552163224535
3854,8272,-45.509765627176975,110.83007813030156,-1827.5,286,18.924219484428104,116,0.567194958244348
3854,8366,-45.509765627176975,114.13476563045967,-1050.0,49,21.811890569818114,303,7.306158934405191
3854,8460,-45.509765627176975,117.43945313061775,-10.5,123,6.442799563128538,64,1.0850493867924822
3854,8554,-45.509765627176975,120.74414063077586,199.5,303,4.598083691775881,249,0.3237107050547499
3854,8648,-45.509765627176975,124.04882813093388,815.0,286,14.014609485526849,106,-2.4189306962794253
3854,8742,-45.509765627176975,127.353515631092,-2645.5,95,5.015780014289873,68,2.2025491986148467
3854,8836,-45.509765627176975,130.65820313125008,-400.0,229,25.39426311081808,75,-0.2800538941499645
3854,8930,-45.509765627176975,133.9628906314081,-256.0,229,8.766649875895206,159,-0.1610036626746403
3854,9024,-45.509765627176975,137.2675781315662,-2811.0,132,10.603725504922004,333,0.49651714561975946
3854,9118,-45.509765627176975,140.57226563172432,-1239.5,339,9.777338888411586,129,-0.8206579337929776
3854,9212,-45.509765627176975,143.8769531318824,-1690.0,270,9.826826596734136,96,1.4950148377078396
3854,9306,-45.509765627176975,147.18164063204043,-2386.5,303,10.739962016971386,13,2.279358314040831
3854,9400,-45.509765627176975,150.48632813219854,-1840.0,144,14.666692836917056,270,-0.7137298536709835
3854,9494,-45.509765627176975,153.79101563235662,-2194.5,334,3.4884948251342767,140,-2.505664780627626
3854,9588,-45.509765627176975,157.0957031325147,-3577.0,49,28.842113945405632,198,-0.8661661483637372
3854,9682,-45.509765627176975,160.40039063267278,-2875.5,49,6.317614339004888,225,0.034385427128506396
3854,9776,-45.509765627176975,163.70507813283086,-3964.0,27,4.540988557686783,237,-0.7444254348270098
3854,9870,-45.509765627176975,167.00976563298897,-3153.0,132,24.09477657372469,270,-1.1954665047824409
3854,9964,-45.509765627176975,170.31445313314703,-2123.5,91,22.719656127867147,245,-1.3856755732214214
3854,10058,-45.509765627176975,173.6191406333051,-5754.0,250,6.431728445528135,35,-0.19703549784018418
3854,10152,-45.509765627176975,176.92382813346322,-5945.5,147,2.6732568296464683,91,0.17971569935003917
3948,0,-48.814453127335035,-179.98242188360948,-3648.5,136,7.784772509661299,316,-1.1049717440629978
3948,94,-48.814453127335035,-176.67773438345142,-6159.5,45,24.28547771700149,281,-1.3692873376077979
3948,188,-48.814453127335035,-173.3730468832933,-4828.5,277,2.6480792119218886,201,-0.15629467648249287
3948,282,-48.814453127335035,-170.06835938313526,-5088.5,225,33.09277853991013,20,3.753506807268667
3948,376,-48.814453127335035,-166.76367188297715,-4329.5,229,2.159974625693707,128,-0.8861181280033257
3948,470,-48.814453127335035,-163.45898438281907,-4551.5,45,13.236073258006522,264,2.3862568870089986
3948,564,-48.814453127335035,-160.154296882661,-4400.0,45,6.502163260657315,218,-0.6609788779592917
3948,658,-48.814453127335035,-156.8496093825029,-4418.0,21,6.894981591725778,212,-1.000855150764765
3948,752,-48.814453127335035,-153.54492188234482,-3685.5,168,3.110292485553421,62,-1.386985711594596
3948,846,-48.814453127335035,-150.24023438218674,-4333.5,114,5.867132481344359,5,0.5217826766155582
3948,940,-48.814453127335035,-146.9355468820287,-4412.5,91,6.4025033469537815,316,1.2733435215430386
3948,1034,-48.814453127335035,-143.63085938187058,-3840.5,123,7.965363590295981,323,-1.1622450930593542
3948,1128,-48.814453127335035,-140.32617188171253,-6664.5,305,11.320722812339278,121,2.1134346961196617
3948,1222,-48.814453127335035,-137.02148438155444,-3459.0,270,7.8381336053670365,21,0.09168414160726228
3948,1316,-48.814453127335035,-133.71679688139636,-3099.0,38,18.703886135566353,216,-0.5891855608050109
3948,1410,-48.814453127335035,-130.41210938123828,31.5,286,9.773838050471083,141,-3.468857895117904
3948,1504,-48.814453127335035,-127.1074218810802,-1810.5,32,9.987322971736484,218,-1.8219877191892295
3948,1598,-48.814453127335035,-123.80273438092212,-681.5,164,9.821337942007315,232,-2.8307896917827455
3948,1692,-48.814453127335035,-120.49804688076404,1120.0,349,11.677276017036172,131,-2.105070486390122
3948,1786,-48.814453127335035,-117.19335938060595,-232.5,303,4.65500669143851,173,-0.5780992161621659
3948,1880,-48.814453127335035,-113.88867188044787,2800.0,38,5.919576164692967,253,-0.9639433460833852
3948,1974,-48.814453127335035,-110.58398438028979,-1680.5,91,18.222176253326776,45,3.7881510278804997
3948,2068,-48.814453127335035,-107.27929688013171,-1304.5,58,14.443246450475009,264,0.23745974754555713
3948,2162,-48.814453127335035,-103.97460937997363,1382.5,164,3.671126366896017,353,0.45402673603294263
3948,2256,-48.814453127335035,-100.66992187981555,1058.0,225,12.172878338782693,70,-2.899421649867547
3948,2350,-48.814453127335035,-97.36523437965747,-1681.0,180,10.492974275473099,304,0.43290896309597754
3948,2444,-48.814453127335035,-94.0605468794994,-1980.0,352,4.801954850167226,206,-0.11536418492612571
3948,2538,-48.814453127335035,-90.75585937934132,-1451.5,101,6.094567969598743,213,-0.6128519545678673
3948,2632,-48.814453127335035,-87.45117187918325,-446.0,140,11.19102974429976,281,2.028526863724046
3948,2726,-48.814453127335035,-84.14648437902515,541.0,45,12.061266368643834,240,0.11287106661870912
3948,2820,-48.814453127335035,-80.84179687886707,1630.0,45,15.520623483803844,155,0.5534181008664475
3948,2914,-48.814453127335035,-77.53710937870899,2817.5,225,8.514638823803095,321,0.7692452114968807
3948,3008,-48.814453127335035,-74.23242187855091,1271.0,281,12.135155182332587,49,-1.0124492753188095
3948,3102,-48.814453127335035,-70.92773437839283,2055.0,270,4.044778777280754,133,-1.8289356154947123
3948,3196,-48.814453127335035,-67.62304687823475,918.0,91,21.984531499721406,0,-0.0164889426531939
3948,3290,-48.814453127335035,-64.31835937807668,437.5,225,0.9860898263070753,0,-0.0164889426531939
3948,3384,-48.814453127335035,-61.0136718779186,1111.0,91,1.3991384259443205,228,-0.3853148641723691
3948,3478,-48.814453127335035,-57.70898437776051,891.5,174,3.2411922844317718,0,-0.0164889426531939
3948,3572,-48.814453127335035,-54.404296877602434,123.5,225,5.183240934346626,102,-0.04985320764445029
3948,3666,-48.814453127335035,-51.09960937744435,-160.5,338,1.571427449607447,155,-0.9735503551824827
3948,3760,-48.814453127335035,-47.79492187728627,641.0,316,7.780521913902704,219,-2.1260501801656404
3948,3854,-48.814453127335035,-44.49023437712819,-103.0,225,6.852625287736606,91,-0.2743178548766748
3948,3948,-48.814453127335035,-41.185546876970115,-155.5,186,4.069711582033058,0,0.09593752802746096
3948,4042,-48.814453127335035,-37.88085937681202,81.0,45,7.334341735795971,311,-0.8267329588421404
3948,4136,-48.814453127335035,-34.57617187665396,-566.0,260,2.8373184580411506,12,-0.2602654231696981
3948,4230,-48.814453127335035,-31.271484376495856,240.0,1,6.737503275177698,152,-1.74890249896029
3948,4324,-48.814453127335035,-27.966796876337792,-331.0,45,32.40379505168563,270,0.8852115299975063
3948,4418,-48.814453127335035,-24.662109376179693,-1067.0,270,26.73495373245319,101,-1.8225320326738423
3948,4512,-48.814453127335035,-21.357421876021625,-3129.0,4,4.983098566666566,210,0.2627231755554772
3948,4606,-48.814453127335035,-18.052734375863558,791.5,303,7.54347044244245,203,-1.4140720650830567
3948,4700,-48.814453127335035,-14.748046875705464,378.0,270,3.8166729293729063,22,-0.6587555196495287
3948,4794,-48.814453127335035,-11.443359375547397,580.5,130,9.322585500177592,238,-0.43404003985052364
3948,4888,-48.814453127335035,-8.1386718753893,-1498.5,307,10.100278497304167,102,-1.6716324407828103
3948,4982,-48.814453127335035,-4.833984375231233,-2811.5,91,14.263162851091185,255,-0.22190957240530265
3948,5076,-48.814453127335035,-1.5292968750731355,-985.5,62,9.03148041275315,218,-1.0451858112168555
3948,5170,-48.814453127335035,1.775390625084931,-1167.5,45,12.717158033139023,222,1.148154754833043
3948,5264,-48.814453127335035,5.080078125243029,-1298.0,306,11.68345400971323,178,-0.3395183545366853
3948,5358,-48.814453127335035,8.384765625401096,346.5,225,28.08938515833559,26,0.8351179159105149
3948,5452,-48.814453127335035,11.689453125559162,104.5,45,10.603725504922004,236,-0.9842863043766973
3948,5546,-48.814453127335035,14.994140625717257,-2318.5,45,17.49484008575175,311,1.4777451652846527
3948,5640,-48.814453127335035,18.298828125875325,-2522.5,149,20.659506409007044,335,1.8433325396251143
3948,5734,-48.814453127335035,21.603515626033424,-1028.0,91,14.290068567867493,311,-0.4837676020290604
3948,5828,-48.814453127335035,24.90820312619149,-1207.5,123,3.089476336483745,355,0.009228531599106348
3948,5922,-48.814453127335035,28.212890626349587,-1663.0,217,6.632070282594881,334,1.134598250160366
3948,6016,-48.814453127335035,31.51757812650765,-862.0,208,6.445376341053937,9,-0.1360542277049909
3948,6110,-48.814453127335035,34.822265626665754,-739.0,45,8.009628871694972,347,0.20976282279825353
3948,6204,-48.814453127335035,38.126953126823814,90.5,45,6.4025033469537815,218,-1.8859682649316725
3948,6298,-48.814453127335035,41.43164062698188,-1257.0,160,13.668843938082478,69,2.972250232392173
3948,6392,-48.814453127335035,44.736328127139984,-193.5,80,7.855001976839361,201,-0.8207387130381598
3948,6486,-48.814453127335035,48.041015627298044,-1584.0,91,17.10377085051657,180,-0.06087468170904986
3948,6580,-48.814453127335035,51.34570312745615,-1092.0,58,3.985609537637012,316,0.40948383828150897
3948,6674,-48.814453127335035,54.650390627614215,-1375.5,225,20.4894301617925,66,-0.6536589786217769
3948,6768,-48.814453127335035,57.95507812777231,-828.5,245,4.906392806811602,91,0.8142450404749636
3948,6862,-48.814453127335035,61.25976562793038,-1105.5,320,5.275881299467574,184,-1.030101674697132
3948,6956,-48.814453127335035,64.56445312808847,-1153.5,0,2.182712591386065,230,-0.7598973020350418
3948,7050,-48.814453127335035,67.86914062824654,-809.5,303,7.54347044244245,82,-0.7743270472360455
3948,7144,-48.814453127335035,71.17382812840461,-1225.0,45,7.7566483468017635,315,0.0037437815495488806
3948,7238,-48.814453127335035,74.4785156285627,-2114.5,91,6.7445342056975175,291,-0.42345303779654786
3948,7332,-48.814453127335035,77.78320312872077,-1305.5,225,8.654686575314859,333,0.5972540547831432
3948,7426,-48.814453127335035,81.08789062887887,946.0,225,14.558770245955717,120,-2.930795548130826
3948,7520,-48.814453127335035,84.39257812903693,-1699.0,344,4.113588217925737,157,-0.13108027344497347
3948,7614,-48.814453127335035,87.69726562919503,-898.5,109,7.802203258487224,225,-0.9467921948197078
3948,7708,-48.814453127335035,91.0019531293531,92.5,45,6.931587260394686,333,1.098479150570904
3948,7802,-48.814453127335035,94.30664062951116,623.0,324,5.325940319950678,190,-1.9225668976614765
3948,7896,-48.814453127335035,97.61132812966923,-512.5,225,4.187280201172156,103,-0.3856183417533608
3948,7990,-48.814453127335035,100.91601562982733,-2510.5,290,12.355581255341248,85,2.0782360736575836
3948,8084,-48.814453127335035,104.22070312998542,442.0,344,3.8936072386948077,267,-1.0595220486527908
3948,8178,-48.814453127335035,107.52539063014352,2025.0,270,9.40910586075206,96,-3.3085331700275824
3948,8272,-48.814453127335035,110.83007813030156,-367.0,270,11.843985713067994,105,-2.4083188729658347
3948,8366,-48.814453127335035,114.13476563045967,252.5,45,12.0085324219973,149,-2.3521347084903415
3948,8460,-48.814453127335035,117.43945313061775,-2125.0,44,10.512806447859209,215,-0.8045653979320596
3948,8554,-48.814453127335035,120.74414063077586,-1326.5,299,19.577021493006445,147,-0.538579189320057
3948,8648,-48.814453127335035,124.04882813093388,-0.5,198,18.310106036416627,18,1.314727238536546
3948,8742,-48.814453127335035,127.353515631092,2018.5,100,15.410517492816053,346,-2.09613672665547
3948,8836,-48.814453127335035,130.65820313125008,-951.5,262,7.951146188308401,167,2.5462642469323837
3948,8930,-48.814453127335035,133.9628906314081,-1753.0,212,16.684727566439165,31,2.9299476170052046
3948,9024,-48.814453127335035,137.2675781315662,-488.5,303,13.735186069667371,159,2.230142567005201
3948,9118,-48.814453127335035,140.57226563172432,1630.0,80,5.214429787262338,163,-2.1132119556292235
3948,9212,-48.814453127335035,143.8769531318824,-2152.5,62,12.609343355735195,295,0.6970463244552952
3948,9306,-48.814453127335035,147.18164063204043,-2611.5,336,12.36758356012427,110,-1.6535664660124787
3948,9400,-48.814453127335035,150.48632813219854,-3457.0,24,8.225522046657806,201,-0.8176094624001661
3948,9494,-48.814453127335035,153.79101563235662,-3864.5,324,12.522071722350713,148,0.8906234232517273
3948,9588,-48.814453127335035,157.0957031325147,-3706.0,225,11.816541904923158,0,-0.0164889426531939
3948,9682,-48.814453127335035,160.40039063267278,-3989.0,225,13.154607954631564,90,0.21286268195028507
3948,9776,-48.814453127335035,163.70507813283086,-4310.0,225,6.487364138235808,136,0.3403299817011812
3948,9870,-48.814453127335035,167.00976563298897,-4146.5,37,4.9440577394613845,316,0.5564513563160228
3948,9964,-48.814453127335035,170.31445313314703,-2688.0,201,4.18512673960047,85,-2.500632098034356
3948,10058,-48.814453127335035,173.6191406333051,-5125.5,270,4.642927619740445,116,-0.5604421258513492
3948,10152,-48.814453127335035,176.92382813346322,-5217.0,40,4.925055449153437,232,-0.19201714585469729
4042,0,-52.11914062749314,-179.98242188360948,-4273.5,41,5.325279088043975,200,-5.073860470927698
4042,94,-52.11914062749314,-176.67773438345142,-5006.0,42,3.247433015101973,69,0.1874789438186348
4042,188,-52.11914062749314,-173.3730468832933,-4824.5,10,5.375638152247593,72,-0.6505416450515722
4042,282,-52.11914062749314,-170.06835938313526,-4424.5,221,7.050222925417762,1,-0.589425944164081
4042,376,-52.11914062749314,-166.76367188297715,-5101.0,159,3.6325759359319703,337,0.2727870562933743
4042,470,-52.11914062749314,-163.45898438281907,-4538.5,320,1.1292803936309184,165,-1.5418632790328914
4042,564,-52.11914062749314,-160.154296882661,-5045.0,80,1.1031915993878099,183,-0.2470750211706294
4042,658,-52.11914062749314,-156.8496093825029,-4858.0,58,1.985902702498803,226,-0.05403425054703233
4042,752,-52.11914062749314,-153.54492188234482,-4765.5,346,3.7103000898188983,199,-0.494327897600207
4042,846,-52.11914062749314,-150.24023438218674,-5359.0,301,2.1310643321233482,107,-0.41174820349925345
4042,940,-52.11914062749314,-146.9355468820287,-5465.0,10,9.094338820408272,195,-0.5559484909421902
4042,1034,-52.11914062749314,-143.63085938187058,-4418.5,221,31.392051780451716,73,-0.524371598489778
4042,1128,-52.11914062749314,-140.32617188171253,-4296.5,263,3.0129949288989284,126,-1.373734252365488
4042,1222,-52.11914062749314,-137.02148438155444,-4437.5,41,8.344326871845622,213,-0.9748964530234515
4042,1316,-52.11914062749314,-133.71679688139636,-3895.0,0,7.827388078599014,181,-0.7401266298805239
4042,1410,-52.11914062749314,-130.41210938123828,-2975.0,41,5.6521553902868735,270,-0.0164889426531939
4042,1504,-52.11914062749314,-127.1074218810802,-2890.0,303,12.526198103806928,88,-0.5758400203613588
4042,1598,-52.11914062749314,-123.80273438092212,-2770.0,10,7.975054246378867,279,-0.9818204494194168
4042,1692,-52.11914062749314,-120.49804688076404,-2301.0,136,11.565145488249021,40,1.3857117178203817
4042,1786,-52.11914062749314,-117.19335938060595,-1237.0,151,13.471981716107951,205,3.8080512206652477
4042,1880,-52.11914062749314,-113.88867188044787,2332.0,67,9.255621994597607,211,-3.240165237976029
4042,1974,-52.11914062749314,-110.58398438028979,3883.5,303,7.993459428046827,82,-2.7750358353842874
4042,2068,-52.11914062749314,-107.27929688013171,-426.0,221,21.638832258976528,30,2.4224709930434236
4042,2162,-52.11914062749314,-103.97460937997363,1096.0,221,19.581093911471,80,-1.4211776464530406
4042,2256,-52.11914062749314,-100.66992187981555,313.0,238,10.666288088374001,24,-0.9137065107401704
4042,2350,-52.11914062749314,-97.36523437965747,-173.0,41,3.559909297368059,319,-0.7079826928494212
4042,2444,-52.11914062749314,-94.0605468794994,-1825.0,235,6.049276647814198,21,-0.7436920110567736
4042,2538,-52.11914062749314,-90.75585937934132,-149.0,136,2.7082610835064043,281,-0.503490108530253
4042,2632,-52.11914062749314,-87.45117187918325,179.5,336,4.190642398510711,218,0.5191467618281267
4042,2726,-52.11914062749314,-84.14648437902515,939.5,149,5.635215904126244,316,-0.1640579399915768
4042,2820,-52.11914062749314,-80.84179687886707,1922.0,206,3.225584197175066,286,-0.6467150518089517
4042,2914,-52.11914062749314,-77.53710937870899,4131.5,1,4.315929311513206,153,-3.206854927844994
4042,3008,-52.11914062749314,-74.23242187855091,3117.5,270,5.75017039093779,26,-0.0164889426531939
4042,3102,-52.11914062749314,-70.92773437839283,750.0,270,6.345913788040451,65,-0.7334277642189225
4042,3196,-52.11914062749314,-67.62304687823475,158.0,350,4.426670481439929,143,-0.1016913074979181
4042,3290,-52.11914062749314,-64.31835937807668,341.0,248,1.9094327083820883,140,-0.4776272752229852
4042,3384,-52.11914062749314,-61.0136718779186,658.5,75,3.6042517541584873,341,0.5043793434025409
4042,3478,-52.11914062749314,-57.70898437776051,-1522.5,339,5.137434719107048,102,0.21269319793916955
4042,3572,-52.11914062749314,-54.404296877602434,-14.5,338,5.514911628800566,216,-1.3166412647606158
4042,3666,-52.11914062749314,-51.09960937744435,-1356.0,298,4.349719049990108,71,0.5256412166059572
4042,3760,-52.11914062749314,-47.79492187728627,-798.5,1,2.7030534136526705,100,-1.223408125992742
4042,3854,-52.11914062749314,-44.49023437712819,-1133.0,40,1.1264422775476917,221,-0.0902735910306702
4042,3948,-52.11914062749314,-41.185546876970115,-1910.5,259,24.381167560371782,65,-0.08753076500457102
4042,4042,-52.11914062749314,-37.88085937681202,-2477.0,41,12.505933150394613,169,-0.08762157577283644
4042,4136,-52.11914062749314,-34.57617187665396,-627.0,91,24.4043760374738,330,0.637526295118948
4042,4230,-52.11914062749314,-31.271484376495856,-559.5,61,4.799865052911394,161,0.4324895363717059
4042,4324,-52.11914062749314,-27.966796876337792,-631.0,52,3.6006849058548798,170,-0.7263491570437813
4042,4418,-52.11914062749314,-24.662109376179693,1086.0,140,3.674044758311223,238,-2.7184650023221435
4042,4512,-52.11914062749314,-21.357421876021625,919.5,241,3.9331755390131713,129,-0.5073856179734656
4042,4606,-52.11914062749314,-18.052734375863558,537.0,14,5.234090287718204,182,-0.6336841930079353
4042,4700,-52.11914062749314,-14.748046875705464,409.0,324,4.273419540555056,160,-0.8194153717460815
4042,4794,-52.11914062749314,-11.443359375547397,30.5,91,10.269138312320415,337,-0.0164889426531939
4042,4888,-52.11914062749314,-8.1386718753893,256.5,221,20.08808335700738,54,-2.7579202830935134
4042,4982,-52.11914062749314,-4.833984375231233,-299.5,91,20.94245885624356,310,-1.8716410639412486
4042,5076,-52.11914062749314,-1.5292968750731355,-126.5,270,17.807652636781977,91,-0.8781531182373441
4042,5170,-52.11914062749314,1.775390625084931,-907.0,41,5.580781280045213,180,0.21269319793916955
4042,5264,-52.11914062749314,5.080078125243029,-640.5,221,8.458590915149061,114,0.47968842282100754
4042,5358,-52.11914062749314,8.384765625401096,-958.0,80,14.355272791285703,288,0.6463847653770113
4042,5452,-52.11914062749314,11.689453125559162,-943.5,140,5.438862451287813,264,0.2890131053068243
4042,5546,-52.11914062749314,14.994140625717257,-1120.0,72,2.5078842264039656,0,-0.0164889426531939
4042,5640,-52.11914062749314,18.298828125875325,-499.0,41,8.009628871694972,287,-1.2849147309849536
4042,5734,-52.11914062749314,21.603515626033424,-1827.5,230,3.495182244171397,112,-0.6353885659179671
4042,5828,-52.11914062749314,24.90820312619149,-1859.0,180,1.9352248629821778,114,-0.17667615697909383
4042,5922,-52.11914062749314,28.212890626349587,-1124.0,62,4.837536922487271,283,-0.5486231342015859
4042,6016,-52.11914062749314,31.51757812650765,322.0,41,5.609156860273118,247,-1.891561505304611
4042,6110,-52.11914062749314,34.822265626665754,-501.5,128,3.379490036593668,340,-0.6461465854175655
4042,6204,-52.11914062749314,38.126953126823814,-588.5,1,14.339796372550166,176,-1.2707640382560041
4042,6298,-52.11914062749314,41.43164062698188,-2328.0,291,17.18701123517066,126,1.1441599720994442
4042,6392,-52.11914062749314,44.736328127139984,-1180.5,67,3.73166772874486,333,0.11026142645122489
4042,6486,-52.11914062749314,48.041015627298044,-1269.5,140,2.6458823878075735,63,-0.47611991418294153
4042,6580,-52.11914062749314,51.34570312745615,-1521.5,20,1.9429813647049428,261,-0.4048754725046856
4042,6674,-52.11914062749314,54.650390627614215,-1468.0,241,3.4699749686123607,84,-0.6263017600053739
4042,6768,-52.11914062749314,57.95507812777231,-1082.0,320,2.760219053419796,204,-1.660958014092593
4042,6862,-52.11914062749314,61.25976562793038,-1448.0,123,4.79727366470531,255,0.6857962553165091
4042,6956,-52.11914062749314,64.56445312808847,-1237.5,157,2.853411485681741,264,-0.4617969289486011
4042,7050,-52.11914062749314,67.86914062824654,-953.0,111,6.756338259904392,298,-0.919125515692126
4042,7144,-52.11914062749314,71.17382812840461,-723.0,140,6.261006168263866,301,-0.6786008136894596
4042,7238,-52.11914062749314,74.4785156285627,-1948.5,277,5.033428088520574,139,0.07473827304458808
4042,7332,-52.11914062749314,77.78320312872077,-1177.5,248,4.022505188106446,36,-0.2743178548766748
4042,7426,-52.11914062749314,81.08789062887887,106.0,259,6.442799563128538,138,0.9132144408818507
4042,7520,-52.11914062749314,84.39257812903693,-1484.0,270,6.541785257907532,4,-1.065219622729202
4042,7614,-52.11914062749314,87.69726562919503,-320.5,140,6.571493362856622,276,-1.9351613780791344
4042,7708,-52.11914062749314,91.0019531293531,522.0,41,12.88266721259846,296,-1.5260389274799462
4042,7802,-52.11914062749314,94.30664062951116,-481.0,123,9.21171127424575,40,0.5754928837627321
4042,7896,-52.11914062749314,97.61132812966923,-993.0,1,7.057495865542304,139,0.5598010640352835
4042,7990,-52.11914062749314,100.91601562982733,-1198.0,41,9.687701287027865,250,3.386495891346077
4042,8084,-52.11914062749314,104.22070312998542,971.0,91,5.438862451287813,41,-0.9044983805495119
4042,8178,-52.11914062749314,107.52539063014352,-663.5,101,12.440566243853231,175,4.759480857021289
4042,8272,-52.11914062749314,110.83007813030156,-1936.5,123,13.437449619759121,221,4.187280201172156
4042,8366,-52.11914062749314,114.13476563045967,-4583.0,108,16.448889863496618,261,3.4597117488231697
4042,8460,-52.11914062749314,117.43945313061775,-1757.0,80,23.913667856620194,226,-0.8889976251280177
4042,8554,-52.11914062749314,120.74414063077586,3671.0,231,3.8366034383962617,137,-3.7636799478512577
4042,8648,-52.11914062749314,124.04882813093388,823.0,80,13.193295194091071,219,-2.521977599059082
4042,8742,-52.11914062749314,127.353515631092,-968.0,344,3.586441418417519,62,-0.3549232583258773
4042,8836,-52.11914062749314,130.65820313125008,-179.0,111,11.94956140714493,256,-1.5638201816224664
4042,8930,-52.11914062749314,133.9628906314081,-569.0,316,16.92517855269534,145,-1.8261089551166274
4042,9024,-52.11914062749314,137.2675781315662,-81.0,221,25.183482713810005,73,4.231347286944645
4042,9118,-52.11914062749314,140.57226563172432,1315.5,80,11.851484650944219,316,-0.8820591711861155
4042,9212,-52.11914062749314,143.8769531318824,-2159.0,316,16.485590136189323,133,3.836909132590255
4042,9306,-52.11914062749314,147.18164063204043,-933.5,91,9.32543899282289,193,-0.9977546384221964
4042,9400,-52.11914062749314,150.48632813219854,-1963.0,221,11.583475250493242,20,0.5639234310063195
4042,9494,-52.11914062749314,153.79101563235662,-3483.0,80,14.39825272947223,225,1.541009136098726
4042,9588,-52.11914062749314,157.0957031325147,-2558.5,140,10.298969119437114,299,-1.1384122583146448
4042,9682,-52.11914062749314,160.40039063267278,-2659.0,41,4.4436508716581775,148,-2.8373784952111007
4042,9776,-52.11914062749314,163.70507813283086,-4781.5,270,13.20892419365853,132,1.1899315504121626
4042,9870,-52.11914062749314,167.00976563298897,-4584.5,221,7.433390566589296,146,0.7265263663716583
4042,9964,-52.11914062749314,170.31445313314703,-3668.0,83,6.518359255634013,207,-1.2475894998026005
4042,10058,-52.11914062749314,173.6191406333051,-5244.0,313,3.777083361148854,164,0.8699845475446024
4042,10152,-52.11914062749314,176.92382813346322,-3446.0,221,8.613117792378368,42,-0.8656229902642099
4136,0,-55.423828127651205,-179.98242188360948,-4578.5,355,4.6748623814865,192,-3.5642225795881215
4136,94,-55.423828127651205,-176.67773438345142,-5084.5,218,6.190668187266408,44,-0.302965016991789
4136,188,-55.423828127651205,-173.3730468832933,-5200.0,175,2.6779598925061316,0,0.4184412638219066
4136,282,-55.423828127651205,-170.06835938313526,-4473.0,38,12.691956026184213,248,-1.6366677957780498
4136,376,-55.423828127651205,-166.76367188297715,-6545.5,283,16.13838505980556,90,0.5255694957393658
4136,470,-55.423828127651205,-163.45898438281907,-5506.0,218,9.687701287027865,323,0.8715284162759478
4136,564,-55.423828127651205,-160.154296882661,-5069.0,323,2.8580860113757875,249,0.19620446489413182
4136,658,-55.423828127651205,-156.8496093825029,-6920.5,353,9.749355481580693,150,4.1240305826745995
4136,752,-55.423828127651205,-153.54492188234482,-5320.5,270,3.471805104269417,324,0.13890918016052778
4136,846,-55.423828127651205,-150.24023438218674,-5486.5,115,5.70630598022104,274,-0.1919652062671078
4136,940,-55.423828127651205,-146.9355468820287,-6751.5,345,5.357914340127989,132,0.47349319454338606
4136,1034,-55.423828127651205,-143.63085938187058,-5517.0,91,17.729713061656827,270,-1.210338398200489
4136,1128,-55.423828127651205,-140.32617188171253,-5112.0,229,5.602723844536586,25,0.7196583498974534
4136,1222,-55.423828127651205,-137.02148438155444,-4570.0,143,9.532424565257664,14,-0.6131996200685575
4136,1316,-55.423828127651205,-133.71679688139636,-4540.0,123,8.624569005475822,330,0.1915463918032775
4136,1410,-55.423828127651205,-130.41210938123828,-4007.0,38,8.738665342218841,91,1.8163672791527514
4136,1504,-55.423828127651205,-127.1074218810802,-4622.5,43,10.007695872905044,245,3.0436727356589235
4136,1598,-55.423828127651205,-123.80273438092212,-2714.5,218,8.099002172844383,58,0.3602698391053716
4136,1692,-55.423828127651205,-120.49804688076404,-1014.5,143,5.377784140986373,258,2.2290800910804593
4136,1786,-55.423828127651205,-117.19335938060595,-2530.0,296,6.110037672963967,99,0.3052931163308486
4136,1880,-55.423828127651205,-113.88867188044787,-2577.0,85,6.077442669093403,333,0.9567677656842455
4136,1974,-55.423828127651205,-110.58398438028979,388.5,85,14.46910711181379,265,-2.4365259588957833
4136,2068,-55.423828127651205,-107.27929688013171,423.0,91,21.36604419552222,349,5.518456320112383
4136,2162,-55.423828127651205,-103.97460937997363,3710.0,0,-0.0164889426531939,97,-3.376573018271442
4136,2256,-55.423828127651205,-100.66992187981555,1041.0,76,8.79176825986073,303,-1.788365916319939
4136,2350,-55.423828127651205,-97.36523437965747,772.5,234,5.406179064399782,135,-0.7406973658016569
4136,2444,-55.423828127651205,-94.0605468794994,684.0,263,1.4651996501670947,38,-1.1257827947640575
4136,2538,-55.423828127651205,-90.75585937934132,-805.0,76,20.004595470786796,227,2.4948184053705287
4136,2632,-55.423828127651205,-87.45117187918325,255.5,38,3.5884458503749164,211,0.20911393659421207
4136,2726,-55.423828127651205,-84.14648437902515,329.5,1,2.670147982866142,259,0.23841027375356616
4136,2820,-55.423828127651205,-80.84179687886707,1222.5,54,7.761772510786495,284,-1.2721052634760035
4136,2914,-55.423828127651205,-77.53710937870899,1297.5,258,11.037579744401699,70,1.0013954651217016
4136,3008,-55.423828127651205,-74.23242187855091,211.0,270,5.373523648374932,114,-0.503490108530253
4136,3102,-55.423828127651205,-70.92773437839283,1775.5,308,4.141790941556242,205,-1.4432063981128211
4136,3196,-55.423828127651205,-67.62304687823475,880.0,27,2.9932070835638167,149,-0.4606473824450393
4136,3290,-55.423828127651205,-64.31835937807668,658.5,3,1.810737003022248,291,-0.6094876205839015
4136,3384,-55.423828127651205,-61.0136718779186,936.0,209,4.873313404031267,115,-1.3934778371769305
4136,3478,-55.423828127651205,-57.70898437776051,-724.5,18,9.669494880590525,254,0.9923515014137537
4136,3572,-55.423828127651205,-54.404296877602434,-1139.5,303,4.83060012544054,127,-0.9096558986284877
4136,3666,-55.423828127651205,-51.09960937744435,-852.0,76,6.09954101480871,208,-1.3230921339854647
4136,3760,-55.423828127651205,-47.79492187728627,-2271.5,303,21.7482641217131,123,6.097368008856104
4136,3854,-55.423828127651205,-44.49023437712819,-1683.0,47,2.7915923481943636,233,-0.5242120450041751
4136,3948,-55.423828127651205,-41.185546876970115,-1803.5,91,17.208391683416227,296,3.0797330084271
4136,4042,-55.423828127651205,-37.88085937681202,-2156.5,218,15.918796829959806,116,2.1317855183480456
4136,4136,-55.423828127651205,-34.57617187665396,-452.0,149,11.994765041511789,270,-1.5514791439992057
4136,4230,-55.423828127651205,-31.271484376495856,-2215.5,83,15.682628668799111,214,3.9724861677992287
4136,4324,-55.423828127651205,-27.966796876337792,-1497.5,167,6.403064815312703,246,0.3270210192608096
4136,4418,-55.423828127651205,-24.662109376179693,-683.5,303,12.170809586379642,181,-0.5870278367778927
4136,4512,-55.423828127651205,-21.357421876021625,-348.5,339,6.77626793335684,161,-1.2407440895333663
4136,4606,-55.423828127651205,-18.052734375863558,279.0,270,11.183838256868617,170,-3.3722688384040733
4136,4700,-55.423828127651205,-14.748046875705464,-2038.0,15,17.904199176975137,129,-1.112739523192185
4136,4794,-55.423828127651205,-11.443359375547397,27.0,91,15.598374087584396,232,-3.23683671872983
4136,4888,-55.423828127651205,-8.1386718753893,1130.0,291,5.784518236643269,39,-0.9044983805495119
4136,4982,-55.423828127651205,-4.833984375231233,-801.5,322,5.323748160321849,340,1.0601471340172506
4136,5076,-55.423828127651205,-1.5292968750731355,-12.5,316,11.0693454145722,132,-1.6137645281711783
4136,5170,-55.423828127651205,1.775390625084931,-1535.0,101,4.897708205929173,323,0.33956911246642374
4136,5264,-55.423828127651205,5.080078125243029,155.5,218,20.289968927447326,87,-1.5704021518195137
4136,5358,-55.423828127651205,8.384765625401096,-2861.0,300,10.925320932187162,67,5.1172706392565805
4136,5452,-55.423828127651205,11.689453125559162,-547.5,180,12.82820773088762,0,-0.0164889426531939
4136,5546,-55.423828127651205,14.994140625717257,-1044.0,123,2.9866663755092953,298,-0.8123677005104563
4136,5640,-55.423828127651205,18.298828125875325,-857.0,91,4.187280201172156,54,-1.1289708725671097
4136,5734,-55.423828127651205,21.603515626033424,-955.5,218,13.371727621668292,65,-1.2440925181875184
4136,5828,-55.423828127651205,24.90820312619149,-3110.5,218,15.77097590077232,44,2.54728923045294
4136,5922,-55.423828127651205,28.212890626349587,-100.5,66,8.375141327964386,235,-2.2866473185274123
4136,6016,-55.423828127651205,31.51757812650765,-2968.0,270,7.641987509320877,31,0.7225608333710622
4136,6110,-55.423828127651205,34.822265626665754,-2080.0,91,12.773724664571983,283,-0.8392186332987507
4136,6204,-55.423828127651205,38.126953126823814,260.5,218,26.022195391625935,1,-0.7612892731402408
4136,6298,-55.423828127651205,41.43164062698188,-2877.5,305,7.588068283951518,115,0.48219126802830065
4136,6392,-55.423828127651205,44.736328127139984,-3425.0,54,10.174555821606312,270,0.5049641058808348
4136,6486,-55.423828127651205,48.041015627298044,-1366.0,38,5.836061005714534,219,-0.14203399930656027
4136,6580,-55.423828127651205,51.34570312745615,-4147.5,182,9.033583428941473,37,2.6056306932789703
4136,6674,-55.423828127651205,54.650390627614215,-1183.5,270,10.074857755870914,40,-1.193443458101511
4136,6768,-55.423828127651205,57.95507812777231,-1387.0,218,15.680079622815848,32,3.404256272481937
4136,6862,-55.423828127651205,61.25976562793038,-1361.5,136,3.1463809386948145,29,0.3559290451501516
4136,6956,-55.423828127651205,64.56445312808847,-1155.0,218,6.317614339004888,0,1.0010762412223309
4136,7050,-55.423828127651205,67.86914062824654,-2335.5,136,24.503655445011265,339,6.95628777685929
4136,7144,-55.423828127651205,71.17382812840461,-833.5,227,8.539790855474285,173,-0.27361472745582893
4136,7238,-55.423828127651205,74.4785156285627,-1369.5,218,3.616980620857902,50,-0.6619373519948778
4136,7332,-55.423828127651205,77.78320312872077,-1201.0,91,9.32543899282289,308,-0.8292789401360584
4136,7426,-55.423828127651205,81.08789062887887,398.0,57,4.033262196942971,152,-1.8944001013392453
4136,7520,-55.423828127651205,84.39257812903693,785.5,303,5.1526780512794605,216,-2.3569925162315877
4136,7614,-55.423828127651205,87.69726562919503,-510.0,91,19.758908081978078,300,-0.44973429696161715
4136,7708,-55.423828127651205,91.0019531293531,-2460.5,300,6.098055175595339,111,1.6836916160585231
4136,7802,-55.423828127651205,94.30664062951116,-368.0,207,10.056773651714899,0,-0.0164889426531939
4136,7896,-55.423828127651205,97.61132812966923,-654.5,38,16.088853355960698,161,-1.4930178022229446
4136,7990,-55.423828127651205,100.91601562982733,-699.5,294,15.103444805295716,82,0.3692245368153022
4136,8084,-55.423828127651205,104.22070312998542,-1172.5,337,5.0085146046415625,270,1.2238303536371535
4136,8178,-55.423828127651205,107.52539063014352,1725.5,91,17.703718115246325,302,-2.559877494583273
4136,8272,-55.423828127651205,110.83007813030156,-2012.5,218,23.663619755117445,66,-0.9065890452880258
4136,8366,-55.423828127651205,114.13476563045967,-455.0,167,15.155548538747198,298,-0.879991608429394
4136,8460,-55.423828127651205,117.43945313061775,3297.5,91,22.962966724042857,322,-3.9384178111598254
4136,8554,-55.423828127651205,120.74414063077586,-1535.0,66,10.212474574437287,325,-0.0164889426531939
4136,8648,-55.423828127651205,124.04882813093388,-344.0,263,4.625459902140883,327,0.10332180404507973
4136,8742,-55.423828127651205,127.353515631092,-996.0,286,12.63123010110679,118,-2.080896316119117
4136,8836,-55.423828127651205,130.65820313125008,-1732.5,38,7.007894599552385,200,-0.7137142325292436
4136,8930,-55.423828127651205,133.9628906314081,-3384.0,287,12.864567016619091,101,0.6337266843129652
4136,9024,-55.423828127651205,137.2675781315662,-3462.0,125,7.205740059659956,212,3.6054525361547918
4136,9118,-55.423828127651205,140.57226563172432,-3044.0,25,2.960176939103087,113,-0.32275703521167787
4136,9212,-55.423828127651205,143.8769531318824,-894.0,349,5.689979585338775,237,-2.7249486139575034
4136,9306,-55.423828127651205,147.18164063204043,-1409.5,91,7.362520969058797,245,-0.049466817034543475
4136,9400,-55.423828127651205,150.48632813219854,-3382.5,18,4.882605509697948,323,1.0413031276260625
4136,9494,-55.423828127651205,153.79101563235662,-2162.5,38,7.754522774996714,298,-1.7291637347696103
4136,9588,-55.423828127651205,157.0957031325147,-5006.0,136,7.358262037275301,228,1.4150089550350184
4136,9682,-55.423828127651205,160.40039063267278,-5101.0,346,4.4894347158316075,91,0.004165931468997031
4136,9776,-55.423828127651205,163.70507813283086,-4931.5,352,1.6120534043709247,308,0.06816323500947413
4136,9870,-55.423828127651205,167.00976563298897,-5277.5,106,10.306547643629118,229,1.8584647456549799
4136,9964,-55.423828127651205,170.31445313314703,-4620.5,91,9.43487903128796,229,-0.18211212637798915
4136,10058,-55.423828127651205,173.6191406333051,-5890.5,218,14.139971973912838,0,0.239175677197496
4136,10152,-55.423828127651205,176.92382813346322,-3916.5,270,8.150038539172392,136,-0.16921893552530928
4230,0,-58.7285156278093,-179.98242188360948,-5328.5,154,3.556990171180945,45,0.3563932543797137
4230,94,-58.7285156278093,-176.67773438345142,-5522.0,236,6.302642426937876,35,0.8471586753860263
4230,188,-58.7285156278093,-173.3730468832933,-5526.5,124,5.1526780512794605,58,1.227341500311607
4230,282,-58.7285156278093,-170.06835938313526,-5397.0,214,3.930741453290011,109,-0.5250044246049461
4230,376,-58.7285156278093,-166.76367188297715,-5430.5,290,2.9387392526069234,348,0.2748207560923806
4230,470,-58.7285156278093,-163.45898438281907,-5068.0,147,12.555558222291653,348,2.0388031717544703
4230,564,-58.7285156278093,-160.154296882661,-5281.0,295,2.609285747004114,158,-0.774943785851113
4230,658,-58.7285156278093,-156.8496093825029,-5785.5,57,21.77297463286951,218,4.5974939041312615
4230,752,-58.7285156278093,-153.54492188234482,-5216.0,214,3.5149443007412193,87,-0.1510400178940146
4230,846,-58.7285156278093,-150.24023438218674,-4962.5,91,8.458590915149061,291,0.012158946465612564
4230,940,-58.7285156278093,-146.9355468820287,-5474.5,57,11.181754689953044,237,1.3826591981847993
4230,1034,-58.7285156278093,-143.63085938187058,-4929.0,270,8.598679883436432,51,0.7925993151155901
4230,1128,-58.7285156278093,-140.32617188171253,-5733.0,200,4.095351532869839,228,1.5580621982722433
4230,1222,-58.7285156278093,-137.02148438155444,-6359.0,214,31.031067566447486,75,3.18944318547155
4230,1316,-58.7285156278093,-133.71679688139636,-7163.5,128,7.086665355118701,351,1.2696287437775655
4230,1410,-58.7285156278093,-130.41210938123828,-4284.0,114,8.666616405986188,0,0.8220723943897718
4230,1504,-58.7285156278093,-127.1074218810802,-3478.5,288,7.768002712894939,106,0.6415546648892042
4230,1598,-58.7285156278093,-123.80273438092212,-6549.5,102,13.169697870237814,282,2.3393409702093306
4230,1692,-58.7285156278093,-120.49804688076404,-600.5,57,4.158841965545375,214,-1.9923898720354543
4230,1786,-58.7285156278093,-117.19335938060595,-636.0,77,7.285076823689401,237,-0.7199937919756924
4230,1880,-58.7285156278093,-113.88867188044787,368.0,24,13.483337866466814,208,-0.44132696642424735
4230,1974,-58.7285156278093,-110.58398438028979,1320.5,13,7.1939519304846185,191,0.06945469214089058
4230,2068,-58.7285156278093,-107.27929688013171,3798.0,214,5.665899727008605,40,-2.4758312987564532
4230,2162,-58.7285156278093,-103.97460937997363,1217.0,41,7.853814506240352,181,1.198706449857885
4230,2256,-58.7285156278093,-100.66992187981555,2512.5,147,4.044778777280754,66,-0.8029282288550735
4230,2350,-58.7285156278093,-97.36523437965747,2018.5,148,3.1329389236301965,4,-0.24292066211430044
4230,2444,-58.7285156278093,-94.0605468794994,1461.0,214,18.58327331157568,4,-1.237632272265927
4230,2538,-58.7285156278093,-90.75585937934132,2002.5,91,9.38122138554248,182,2.8295086382694077
4230,2632,-58.7285156278093,-87.45117187918325,1493.5,123,7.402654051707385,319,-1.0164745684991856
4230,2726,-58.7285156278093,-84.14648437902515,4472.5,339,2.752244520807877,237,0.6996735195140275
4230,2820,-58.7285156278093,-80.84179687886707,1915.5,327,6.3394980631835995,56,-0.9401219829876051
4230,2914,-58.7285156278093,-77.53710937870899,1939.0,114,5.821062309380724,277,-0.24567055560790751
4230,3008,-58.7285156278093,-74.23242187855091,-272.5,158,6.8071514189136675,35,1.0066223752094206
4230,3102,-58.7285156278093,-70.92773437839283,1759.0,25,19.632529888904116,262,-0.5675721516291783
4230,3196,-58.7285156278093,-67.62304687823475,1113.5,34,15.06749685326106,144,0.23850467800235972
4230,3290,-58.7285156278093,-64.31835937807668,1730.0,91,6.317614339004888,0,-0.0164889426531939
4230,3384,-58.7285156278093,-61.0136718779186,854.5,149,4.190064430644963,58,0.7569600367335995
4230,3478,-58.7285156278093,-57.70898437776051,748.0,34,16.287012733762115,147,-0.7393023343945031
4230,3572,-58.7285156278093,-54.404296877602434,-544.0,303,11.741682457358486,106,-1.1860114044655803
4230,3666,-58.7285156278093,-51.09960937744435,-1519.0,124,3.800256732148412,62,-0.43404003985052364
4230,3760,-58.7285156278093,-47.79492187728627,-2048.0,84,6.766689613659056,240,0.2813155977965132
4230,3854,-58.7285156278093,-44.49023437712819,-808.0,57,8.526530847642762,318,-0.970398340973128
4230,3948,-58.7285156278093,-41.185546876970115,-3193.0,34,11.838097706209222,228,2.6759977381668536
4230,4042,-58.7285156278093,-37.88085937681202,-3652.0,91,21.06973160922092,313,11.47321333658875
4230,4136,-58.7285156278093,-34.57617187665396,-1476.5,52,5.100897463478182,266,-0.11325745601424417
4230,4230,-58.7285156278093,-31.271484376495856,801.5,91,12.0085324219973,261,-2.942033590226847
4230,4324,-58.7285156278093,-27.966796876337792,116.5,91,4.911044652513967,180,-0.9331389030642689
4230,4418,-58.7285156278093,-24.662109376179693,-359.5,270,17.07759723212043,65,2.2804681843935617
4230,4512,-58.7285156278093,-21.357421876021625,-2874.5,289,20.827922828875238,80,3.7787013167430343
4230,4606,-58.7285156278093,-18.052734375863558,-3341.0,236,3.853189831351779,159,0.4397036625170877
4230,4700,-58.7285156278093,-14.748046875705464,-2980.0,350,3.67701626210335,147,0.21052822924080067
4230,4794,-58.7285156278093,-11.443359375547397,-2208.0,270,9.743365347205868,165,-0.2836249309677724
4230,4888,-58.7285156278093,-8.1386718753893,-396.0,91,15.25431561235567,296,-2.8935223545530677
4230,4982,-58.7285156278093,-4.833984375231233,-272.0,180,14.746473471929342,90,-1.0652825154626924
4230,5076,-58.7285156278093,-1.5292968750731355,-705.0,34,4.316150378231243,166,-1.4133050367427844
4230,5170,-58.7285156278093,1.775390625084931,-986.5,142,6.378549491516831,304,-0.901244271365213
4230,5264,-58.7285156278093,5.080078125243029,42.5,91,6.091108433871385,303,-1.5557459944271197
4230,5358,-58.7285156278093,8.384765625401096,-869.0,123,16.300209187383498,289,0.2909040262298946
4230,5452,-58.7285156278093,11.689453125559162,-863.5,238,6.579178849450911,49,1.2221008238692352
4230,5546,-58.7285156278093,14.994140625717257,402.5,57,5.763029692833185,267,-1.5427963995500436
4230,5640,-58.7285156278093,18.298828125875325,-532.5,334,4.575181521498505,55,-0.9104889593852371
4230,5734,-58.7285156278093,21.603515626033424,-638.0,126,2.2707331201392975,31,-1.1589984509715463
4230,5828,-58.7285156278093,24.90820312619149,-1133.0,214,5.410470594810206,9,-1.1266864792976627
4230,5922,-58.7285156278093,28.212890626349587,-1559.0,214,21.51496455493636,42,6.2404340315574895
4230,6016,-58.7285156278093,31.51757812650765,-977.0,214,11.404230777454886,93,-0.5443892456188233
4230,6110,-58.7285156278093,34.822265626665754,-838.0,34,4.711920483060433,229,-1.118254632544968
4230,6204,-58.7285156278093,38.126953126823814,-3512.0,250,9.949552592055628,58,2.302513246122637
4230,6298,-58.7285156278093,41.43164062698188,-602.0,270,7.9815352591564865,93,0.47466294155009964
4230,6392,-58.7285156278093,44.736328127139984,206.5,123,3.6247783456220466,265,-0.7178376575237525
4230,6486,-58.7285156278093,48.041015627298044,-1511.0,91,11.706711768300364,329,0.3575601341229691
4230,6580,-58.7285156278093,51.34570312745615,-1046.5,213,2.350586726385857,308,-0.02251280256578266
4230,6674,-58.7285156278093,54.650390627614215,-1109.0,149,4.378085225910046,94,-0.2309423918249148
4230,6768,-58.7285156278093,57.95507812777231,-655.0,34,7.304028939504883,248,-0.9036240247332586
4230,6862,-58.7285156278093,61.25976562793038,-796.5,147,6.656999639311017,314,0.46923931511939854
4230,6956,-58.7285156278093,64.56445312808847,-3852.0,273,13.634842995641648,68,0.9155436567015725
4230,7050,-58.7285156278093,67.86914062824654,-3778.5,123,21.003015773250148,252,1.3791397124452147
4230,7144,-58.7285156278093,71.17382812840461,-189.5,91,21.935248204545594,353,5.40403327637622
4230,7238,-58.7285156278093,74.4785156285627,-353.0,214,26.437126024700845,34,-1.8568024259556388
4230,7332,-58.7285156278093,77.78320312872077,577.5,91,12.446335670016841,250,-1.0537444948349166
4230,7426,-58.7285156278093,81.08789062887887,-472.0,236,11.49430851570603,137,-0.13108027344497347
4230,7520,-58.7285156278093,84.39257812903693,-208.0,327,3.795945735056611,208,-1.393183113132527
4230,7614,-58.7285156278093,87.69726562919503,353.5,76,5.290436942480673,238,-2.182159503558031
4230,7708,-58.7285156278093,91.0019531293531,-373.0,153,3.7789806848560126,64,-0.07378468183348778
4230,7802,-58.7285156278093,94.30664062951116,-477.5,248,18.742244404734,137,-1.317247778274468
4230,7896,-58.7285156278093,97.61132812966923,-1126.5,111,16.665418770325573,240,0.1530796857899946
4230,7990,-58.7285156278093,100.91601562982733,-1967.5,198,2.944182664450377,106,-0.538630085472667
4230,8084,-58.7285156278093,104.22070312998542,-1914.0,32,7.6510157189728885,203,-0.10892747583440922
4230,8178,-58.7285156278093,107.52539063014352,-1975.0,14,6.08269244519162,50,0.718243194843866
4230,8272,-58.7285156278093,110.83007813030156,-1780.5,57,24.29557912562975,246,3.46537242792244
4230,8366,-58.7285156278093,114.13476563045967,-1607.5,91,10.021405251755155,235,0.5623693208494609
4230,8460,-58.7285156278093,117.43945313061775,-1729.0,91,24.995507988601528,329,-0.0164889426531939
4230,8554,-58.7285156278093,120.74414063077586,-958.0,221,6.1727852140066375,341,0.3701867914697288
4230,8648,-58.7285156278093,124.04882813093388,-1141.0,236,16.678155725160277,341,2.809754036490986
4230,8742,-58.7285156278093,127.353515631092,1972.5,214,20.46618854442723,40,-3.7472916888379584
4230,8836,-58.7285156278093,130.65820313125008,-318.5,238,8.21808578815924,15,-0.0164889426531939
4230,8930,-58.7285156278093,133.9628906314081,-2331.0,270,4.866235621125616,57,-0.06678678491767626
4230,9024,-58.7285156278093,137.2675781315662,-2544.0,161,3.9392403139476837,34,-0.2743178548766748
4230,9118,-58.7285156278093,140.57226563172432,-4004.5,326,14.181086999069285,185,0.9713931591795041
4230,9212,-58.7285156278093,143.8769531318824,-2253.5,181,5.012710937058842,6,-0.0164889426531939
4230,9306,-58.7285156278093,147.18164063204043,-2047.5,270,5.337333064894106,11,1.673260699872026
4230,9400,-58.7285156278093,150.48632813219854,-3234.0,91,10.049183255454489,330,0.6460121127016469
4230,9494,-58.7285156278093,153.79101563235662,-3252.5,136,8.706445872672008,37,-2.282017283009661
4230,9588,-58.7285156278093,157.0957031325147,-5566.0,72,7.31351074858907,311,2.1425861453683512
4230,9682,-58.7285156278093,160.40039063267278,-5132.5,191,4.2514469616454305,123,0.3272821743290598
4230,9776,-58.7285156278093,163.70507813283086,-4866.5,123,2.7866399411220053,1,-0.5607809411930677
4230,9870,-58.7285156278093,167.00976563298897,-4413.0,214,28.245235106219603,42,-1.1369898057945778
4230,9964,-58.7285156278093,170.31445313314703,-4485.5,214,26.52893033336679,38,2.3649037036879283
4230,10058,-58.7285156278093,173.6191406333051,-2700.5,289,4.031091578031907,34,-2.165324912998349
4230,10152,-58.7285156278093,176.92382813346322,-4673.0,34,9.32543899282289,32,0.010619274974851106
4324,0,-62.03320312796737,-179.98242188360948,-5136.5,355,7.663747533606515,195,-5.102283033780492
4324,94,-62.03320312796737,-176.67773438345142,-5057.0,91,7.728520422618913,4,-0.9687544054845982
4324,188,-62.03320312796737,-173.3730468832933,-6043.5,192,8.629075853143043,31,0.22858297616288614
4324,282,-62.03320312796737,-170.06835938313526,-6711.5,210,15.256920974739172,20,-0.1527120381668801
4324,376,-62.03320312796737,-166.76367188297715,-5874.0,90,16.722367301612426,228,2.4936054717444938
4324,470,-62.03320312796737,-163.45898438281907,-6203.0,90,15.014059582159271,155,-0.40076028588527685
4324,564,-62.03320312796737,-160.154296882661,-5512.5,229,3.7289457623351265,38,0.20501110143073314
4324,658,-62.03320312796737,-156.8496093825029,-7330.5,196,15.095863419475181,38,5.21353614102331
4324,752,-62.03320312796737,-153.54492188234482,-5479.5,43,7.417614250321899,155,-0.5360311319834812
4324,846,-62.03320312796737,-150.24023438218674,-7541.5,182,7.332199934849531,337,1.7699901277945604
4324,940,-62.03320312796737,-146.9355468820287,-4951.0,90,26.322164623527307,261,-1.5421269533294295
4324,1034,-62.03320312796737,-143.63085938187058,-4947.5,210,21.885930742710848,65,-1.0602133968759875
4324,1128,-62.03320312796737,-140.32617188171253,-6524.0,195,13.49964123353378,325,1.0686133324084455
4324,1222,-62.03320312796737,-137.02148438155444,-6329.5,347,16.42253537177132,166,10.111162105444143
4324,1316,-62.03320312796737,-133.71679688139636,-4314.5,91,15.387554711310232,303,-0.302965016991789
4324,1410,-62.03320312796737,-130.41210938123828,-4094.0,330,3.5270573871192403,103,0.3680701936968779
4324,1504,-62.03320312796737,-127.1074218810802,-3597.5,91,15.83928700672242,319,0.46216465075139473
4324,1598,-62.03320312796737,-123.80273438092212,-4150.5,14,15.088589914940712,232,0.05473997667617135
4324,1692,-62.03320312796737,-120.49804688076404,-2214.5,42,5.964054220977994,323,-0.9237454206590813
4324,1786,-62.03320312796737,-117.19335938060595,-1372.5,123,18.555585241799193,298,-2.0502204799642003
4324,1880,-62.03320312796737,-113.88867188044787,-419.0,180,5.864411259616228,318,-1.5245909129174045
4324,1974,-62.03320312796737,-110.58398438028979,-3645.0,303,13.193295194091071,214,0.8679177974854748
4324,2068,-62.03320312796737,-107.27929688013171,1229.5,90,8.234237167351706,303,-0.07459983385414143
4324,2162,-62.03320312796737,-103.97460937997363,295.5,229,7.1207529281243955,37,0.3346059126195358
4324,2256,-62.03320312796737,-100.66992187981555,3253.0,1,12.540694912931405,221,-3.800620084085736
4324,2350,-62.03320312796737,-97.36523437965747,4323.0,90,21.167011846874075,188,-3.699983679917038
4324,2444,-62.03320312796737,-94.0605468794994,3666.5,270,8.38638916915669,86,0.6546713833682283
4324,2538,-62.03320312796737,-90.75585937934132,3409.0,91,21.31633658468236,344,0.03366712016392012
4324,2632,-62.03320312796737,-87.45117187918325,3894.0,195,5.28323817281453,90,-1.3108848449352049
4324,2726,-62.03320312796737,-84.14648437902515,2323.0,269,17.584680389855937,330,0.1178027795887322
4324,2820,-62.03320312796737,-80.84179687886707,2009.5,90,9.882444063204082,225,1.1048551281692196
4324,2914,-62.03320312796737,-77.53710937870899,3626.5,1,5.017890348335445,123,-0.31099061476213297
4324,3008,-62.03320312796737,-74.23242187855091,3462.0,319,4.772530216508605,163,-4.1761974810351425
4324,3102,-62.03320312796737,-70.92773437839283,1333.0,270,13.154607954631564,182,-2.7133524478527655
4324,3196,-62.03320312796737,-67.62304687823475,534.5,90,10.57604517787913,249,-0.5537836957492629
4324,3290,-62.03320312796737,-64.31835937807668,742.0,210,21.36604419552222,96,1.4403068291823709
4324,3384,-62.03320312796737,-61.0136718779186,801.0,175,2.1568009449153207,97,-0.38890553719994264
4324,3478,-62.03320312796737,-57.70898437776051,-8.0,20,12.360226824154346,124,4.605862244070336
4324,3572,-62.03320312796737,-54.404296877602434,-1780.5,123,22.87606924622699,340,4.936622870654019
4324,3666,-62.03320312796737,-51.09960937744435,-1796.0,123,17.206416157758714,37,1.4506237336902597
4324,3760,-62.03320312796737,-47.79492187728627,538.5,96,5.850294147625038,16,-1.76345317378447
4324,3854,-62.03320312796737,-44.49023437712819,991.5,210,9.10213197537177,31,-0.5607809411930677
4324,3948,-62.03320312796737,-41.185546876970115,-22.5,123,6.612465355336515,316,-0.7612892731402408
4324,4042,-62.03320312796737,-37.88085937681202,98.5,324,9.764882381134091,144,-2.0152617177194
4324,4136,-62.03320312796737,-34.57617187665396,647.0,320,3.069737670756731,205,-2.0461259178690323
4324,4230,-62.03320312796737,-31.271484376495856,-1106.0,128,7.200199640610685,310,-1.3301686680825775
4324,4324,-62.03320312796737,-27.966796876337792,151.5,151,20.01033015155262,1,-1.477203926983346
4324,4418,-62.03320312796737,-24.662109376179693,-49.5,295,5.850799123394298,59,-0.5706733425413228
4324,4512,-62.03320312796737,-21.357421876021625,-84.5,90,12.227615286949707,307,-0.4322410543327284
4324,4606,-62.03320312796737,-18.052734375863558,1033.0,269,6.209544009333402,120,-1.4546271874975145
4324,4700,-62.03320312796737,-14.748046875705464,-106.5,205,11.384651715429587,1,-0.24567055560790751
4324,4794,-62.03320312796737,-11.443359375547397,-1.5,164,5.354242488419733,101,0.5223368484395012
4324,4888,-62.03320312796737,-8.1386718753893,1066.0,31,8.14791704083813,163,-2.2887179383082064
4324,4982,-62.03320312796737,-4.833984375231233,-850.5,5,6.930696012727383,105,-1.398846365330382
4324,5076,-62.03320312796737,-1.5292968750731355,-1734.0,210,2.760219053419796,7,0.17538574447195623
4324,5170,-62.03320312796737,1.775390625084931,-799.0,151,19.275355419651003,270,0.6222689050436134
4324,5264,-62.03320312796737,5.080078125243029,192.0,151,12.090730625606728,316,-1.0510801594173076
4324,5358,-62.03320312796737,8.384765625401096,-1223.0,90,25.60430986948737,244,2.8543566059603496
4324,5452,-62.03320312796737,11.689453125559162,-179.0,303,3.5006739783818386,227,-0.39505207381936597
4324,5546,-62.03320312796737,14.994140625717257,458.0,210,6.54392214631543,61,-1.6923189087133148
4324,5640,-62.03320312796737,18.298828125875325,-531.0,239,5.818537153579719,172,-0.05316264577708329
4324,5734,-62.03320312796737,21.603515626033424,-567.5,204,3.5513142685311023,108,0.14186049588401337
4324,5828,-62.03320312796737,24.90820312619149,-1199.5,91,38.96289117969781,343,5.186548587914776
4324,5922,-62.03320312796737,28.212890626349587,30.0,210,13.561387209484456,67,0.5547120632062691
4324,6016,-62.03320312796737,31.51757812650765,1739.5,151,9.548460540704943,1,-1.8493114296536792
4324,6110,-62.03320312796737,34.822265626665754,-1726.0,270,17.96257543438944,116,1.2965583864261532
4324,6204,-62.03320312796737,38.126953126823814,-1048.0,301,3.0341429329652367,142,-0.6732607058507216
4324,6298,-62.03320312796737,41.43164062698188,-1251.0,42,6.454805127820188,270,0.45402673603294263
4324,6392,-62.03320312796737,44.736328127139984,-1029.0,31,9.95743413296392,175,3.040725581833001
4324,6486,-62.03320312796737,48.041015627298044,-725.0,136,14.492072480424765,27,2.1945325049980537
4324,6580,-62.03320312796737,51.34570312745615,-226.0,17,4.676315414673446,280,0.2151387489278916
4324,6674,-62.03320312796737,54.650390627614215,-458.0,90,8.48661691469846,210,0.9244811857188836
4324,6768,-62.03320312796737,57.95507812777231,-598.5,90,17.62568811586065,244,2.622246230673349
4324,6862,-62.03320312796737,61.25976562793038,-448.0,91,6.372071806638404,233,0.8764889679921339
4324,6956,-62.03320312796737,64.56445312808847,-2423.5,177,17.849650484734422,304,5.207377252850998
4324,7050,-62.03320312796737,67.86914062824654,-893.0,316,17.3785532072753,200,1.6499160438360119
4324,7144,-62.03320312796737,71.17382812840461,-781.0,91,25.55769630609337,305,0.6254922495077494
4324,7238,-62.03320312796737,74.4785156285627,-286.5,156,4.838733508222768,58,0.01918488458964145
4324,7332,-62.03320312796737,77.78320312872077,-605.0,0,4.913635166652026,166,0.12176406596598513
4324,7426,-62.03320312796737,81.08789062887887,-279.5,151,6.275818374255329,238,-0.21702313350765684
4324,7520,-62.03320312796737,84.39257812903693,-458.5,269,8.58255884883636,91,0.12675029890726341
4324,7614,-62.03320312796737,87.69726562919503,-2458.5,220,12.476872457111567,65,0.5705027347467425
4324,7708,-62.03320312796737,91.0019531293531,-1917.5,180,8.037718608138778,272,0.45396647538904644
4324,7802,-62.03320312796737,94.30664062951116,-864.5,123,17.96136834037688,270,-1.2333683970343887
4324,7896,-62.03320312796737,97.61132812966923,-7.5,90,28.82012799024406,195,9.197753851587482
4324,7990,-62.03320312796737,100.91601562982733,-530.0,69,5.089702576074646,218,-0.9155502741444745
4324,8084,-62.03320312796737,104.22070312998542,1013.0,204,13.189854044972881,283,1.122787907254789
4324,8178,-62.03320312796737,107.52539063014352,-719.5,12,3.7624143650589685,281,-0.004329996452023693
4324,8272,-62.03320312796737,110.83007813030156,-218.5,210,7.67225334151859,330,0.16975039012253318
4324,8366,-62.03320312796737,114.13476563045967,1635.0,286,8.7113282850351,158,-2.7516161384235476
4324,8460,-62.03320312796737,117.43945313061775,37.0,116,6.284212642872394,307,0.48502459943133897
4324,8554,-62.03320312796737,120.74414063077586,816.5,121,4.30908683673413,287,-0.39790912492359254
4324,8648,-62.03320312796737,124.04882813093388,1331.0,123,15.837283272805365,313,-0.1597279781031847
4324,8742,-62.03320312796737,127.353515631092,1668.0,270,33.4133239126345,15,0.9217262687667489
4324,8836,-62.03320312796737,130.65820313125008,1815.5,270,13.20892419365853,31,-1.0498604594022318
4324,8930,-62.03320312796737,133.9628906314081,-944.5,195,12.459201174567607,328,-0.6927370957795788
4324,9024,-62.03320312796737,137.2675781315662,1063.0,136,7.527265063424311,1,-2.164051038491982
4324,9118,-62.03320312796737,140.57226563172432,13.0,91,6.1194322724308785,1,-0.1883756028984613
4324,9212,-62.03320312796737,143.8769531318824,-299.0,210,7.080569628285594,31,-2.249867240891556
4324,9306,-62.03320312796737,147.18164063204043,-3261.0,90,17.025227957845345,0,-0.0164889426531939
4324,9400,-62.03320312796737,150.48632813219854,-3320.5,303,9.366035561594758,271,2.41066321359371
4324,9494,-62.03320312796737,153.79101563235662,-2541.5,229,5.578636749185396,330,0.08072211720999642
4324,9588,-62.03320312796737,157.0957031325147,-3570.5,25,4.118468843678766,225,0.5141501939162659
4324,9682,-62.03320312796737,160.40039063267278,-3792.0,210,20.49132987179408,0,-0.0164889426531939
4324,9776,-62.03320312796737,163.70507813283086,-4860.0,144,9.347008871522153,355,1.1900502195984268
4324,9870,-62.03320312796737,167.00976563298897,-4637.5,210,17.96136834037688,39,-0.9644637875786922
4324,9964,-62.03320312796737,170.31445313314703,-4032.5,180,16.420889168183432,44,-1.575108103360332
4324,10058,-62.03320312796737,173.6191406333051,-4308.5,90,6.374210128452949,198,-0.24029614468401994
4324,10152,-62.03320312796737,176.92382813346322,-4814.0,210,15.547216701586677,45,-0.5563730623601307
4418,0,-65.33789062812546,-179.98242188360948,-3837.0,136,11.940421179648483,334,-12.886781901529632
4418,94,-65.33789062812546,-176.67773438345142,-4176.0,243,23.90350602606104,58,0.9774323757885639
4418,188,-65.33789062812546,-173.3730468832933,-4985.5,91,9.26963875800832,2,-0.40393591826481834
4418,282,-65.33789062812546,-170.06835938313526,-5041.0,270,18.40291407438415,202,0.6659164972782114
4418,376,-65.33789062812546,-166.76367188297715,-5420.5,13,6.346572616443455,188,1.0420923596221878
4418,470,-65.33789062812546,-163.45898438281907,-5975.0,63,19.758908081978078,238,3.7830124857170406
4418,564,-65.33789062812546,-160.154296882661,-5069.5,106,4.913855861376031,31,-0.49836511843998765
4418,658,-65.33789062812546,-156.8496093825029,-5085.5,91,8.065804455789914,192,-0.44671144507115107
4418,752,-65.33789062812546,-153.54492188234482,-5992.0,63,31.350283366189597,180,2.828294170032791
4418,846,-65.33789062812546,-150.24023438218674,-4498.5,202,4.802897956357136,340,-1.4737949562025996
4418,940,-65.33789062812546,-146.9355468820287,-4358.5,243,7.362520969058797,14,-1.3542815443823852
4418,1034,-65.33789062812546,-143.63085938187058,-6503.5,64,10.914837687588953,286,2.283411690042227
4418,1128,-65.33789062812546,-140.32617188171253,-4889.5,131,5.765735654567639,1,2.0452899197242504
4418,1222,-65.33789062812546,-137.02148438155444,-4284.0,63,12.364358352605937,240,-0.30846139472633344
4418,1316,-65.33789062812546,-133.71679688139636,-3780.0,63,11.211405800617003,282,-0.7851770530709271
4418,1410,-65.33789062812546,-130.41210938123828,-5608.5,27,15.910787979823823,135,3.6866471116025825
4418,1504,-65.33789062812546,-127.1074218810802,-3604.5,270,7.869122302398598,139,-0.2934150489556649
4418,1598,-65.33789062812546,-123.80273438092212,-3592.0,37,6.423088848365468,345,-0.38173317135048146
4418,1692,-65.33789062812546,-120.49804688076404,-3259.0,335,6.961178795101608,303,0.9008362709428444
4418,1786,-65.33789062812546,-117.19335938060595,-2091.0,319,2.5060187995658025,355,-0.9853659698853342
4418,1880,-65.33789062812546,-113.88867188044787,-2534.0,91,24.47560778847239,282,-0.04782240890165724
4418,1974,-65.33789062812546,-110.58398438028979,-2067.0,298,9.185905164842259,180,0.5856578358754382
4418,2068,-65.33789062812546,-107.27929688013171,-696.5,162,7.976822966881235,260,-1.4485747091829158
4418,2162,-65.33789062812546,-103.97460937997363,-1232.0,242,5.788259359464249,166,0.2248519672720347
4418,2256,-65.33789062812546,-100.66992187981555,-1428.0,346,8.757613234470016,183,0.6923989891817325
4418,2350,-65.33789062812546,-97.36523437965747,-628.0,75,14.37851074148066,263,-0.4779418521382451
4418,2444,-65.33789062812546,-94.0605468794994,987.0,253,18.91657624809686,123,-0.34810039048600183
4418,2538,-65.33789062812546,-90.75585937934132,-1189.0,287,5.135475383494899,44,0.8374603931325177
4418,2632,-65.33789062812546,-87.45117187918325,869.0,298,12.282329579703429,249,-0.5025269748126621
4418,2726,-65.33789062812546,-84.14648437902515,-439.0,91,14.907104868977232,252,-0.8005855733058996
4418,2820,-65.33789062812546,-80.84179687886707,3637.5,63,24.45187281553638,180,-0.0164889426531939
4418,2914,-65.33789062812546,-77.53710937870899,-613.0,295,6.7108700146705935,66,-1.4936817894067416
4418,3008,-65.33789062812546,-74.23242187855091,-1631.0,63,14.826818972897582,194,2.1818483142960563
4418,3102,-65.33789062812546,-70.92773437839283,-1136.0,358,3.7687506600338905,222,-0.1384185453715158
4418,3196,-65.33789062812546,-67.62304687823475,-2005.0,243,7.694010271026194,160,3.157928958406114
4418,3290,-65.33789062812546,-64.31835937807668,-829.0,298,2.560115997565655,144,-0.0208189386524309
4418,3384,-65.33789062812546,-61.0136718779186,-1153.0,91,9.91024575070819,298,-0.3910704351281792
4418,3478,-65.33789062812546,-57.70898437776051,1156.0,154,9.291215523661068,45,-1.3196207682555126
4418,3572,-65.33789062812546,-54.404296877602434,783.0,63,16.68411556530326,322,-0.71158228736725
4418,3666,-65.33789062812546,-51.09960937744435,-55.5,319,5.897464222620689,22,1.2436868066525335
4418,3760,-65.33789062812546,-47.79492187728627,437.5,191,4.834736080385763,16,0.1553980143903291
4418,3854,-65.33789062812546,-44.49023437712819,220.0,342,3.429688655610333,125,-0.037647549487049514
4418,3948,-65.33789062812546,-41.185546876970115,484.0,13,3.7440944014090016,87,-2.044682296996927
4418,4042,-65.33789062812546,-37.88085937681202,-682.5,243,4.292396584602131,333,-0.33068146010110205
4418,4136,-65.33789062812546,-34.57617187665396,-1025.0,37,11.216427708910587,243,0.8715284162759478
4418,4230,-65.33789062812546,-31.271484376495856,-927.0,235,2.72110128605791,0,-0.10792165390672732
4418,4324,-65.33789062812546,-27.966796876337792,-574.5,27,6.831663490440135,250,-0.8562315889769129
4418,4418,-65.33789062812546,-24.662109376179693,-13.0,111,15.614082127185059,267,-0.9109887778331359
4418,4512,-65.33789062812546,-21.357421876021625,21.5,123,17.49351868196259,351,-1.9292007144602408
4418,4606,-65.33789062812546,-18.052734375863558,-715.0,294,6.518359255634013,122,-0.0862751669748123
4418,4700,-65.33789062812546,-14.748046875705464,-1386.5,63,24.688819510861148,258,3.746028785648454
4418,4794,-65.33789062812546,-11.443359375547397,383.5,63,27.39374242816269,297,6.046476108507032
4418,4888,-65.33789062812546,-8.1386718753893,-326.5,217,6.699828920505626,52,-1.3321415353982082
4418,4982,-65.33789062812546,-4.833984375231233,-1120.5,118,8.821099220950599,8,-1.2082648761843848
4418,5076,-65.33789062812546,-1.5292968750731355,595.5,144,14.46932972918089,355,-2.6501607636165385
4418,5170,-65.33789062812546,1.775390625084931,1856.5,190,14.534506081274461,337,-3.637269660564234
4418,5264,-65.33789062812546,5.080078125243029,1366.5,270,19.9869447654906,207,-1.4485747091829158
4418,5358,-65.33789062812546,8.384765625401096,-160.5,149,15.28358170537922,347,-0.9717651873712739
4418,5452,-65.33789062812546,11.689453125559162,-50.5,101,13.474419648802112,303,-1.424097422523875
4418,5546,-65.33789062812546,14.994140625717257,987.0,235,2.0935051571638676,96,-2.106834815955323
4418,5640,-65.33789062812546,18.298828125875325,-415.0,277,6.070835434577088,65,-0.9127546509498924
4418,5734,-65.33789062812546,21.603515626033424,-730.5,27,6.232697473180402,283,0.47051460570361553
4418,5828,-65.33789062812546,24.90820312619149,187.0,118,3.9877640709561657,287,-1.7352093058665141
4418,5922,-65.33789062812546,28.212890626349587,1437.5,63,7.9815352591564865,180,0.3967341193837285
4418,6016,-65.33789062812546,31.51757812650765,966.5,302,3.0022815456898466,49,-0.26082524705721305
4418,6110,-65.33789062812546,34.822265626665754,1485.5,151,3.412803910698853,359,-1.830122561932328
4418,6204,-65.33789062812546,38.126953126823814,628.5,222,11.759562739450685,19,-2.6131179822581356
4418,6298,-65.33789062812546,41.43164062698188,-603.0,106,5.585701391939321,331,-1.2195161191615393
4418,6392,-65.33789062812546,44.736328127139984,2504.5,214,7.313861137926079,320,-3.6652424298275883
4418,6486,-65.33789062812546,48.041015627298044,-1818.5,144,16.999642285663164,276,7.819761376563293
4418,6580,-65.33789062812546,51.34570312745615,-764.0,260,9.555481951923717,36,3.466639963505314
4418,6674,-65.33789062812546,54.650390627614215,365.5,207,7.630698470804969,8,-0.5100551256307133
4418,6768,-65.33789062812546,57.95507812777231,345.5,207,5.126407682260642,99,1.4993418782607997
4418,6862,-65.33789062812546,61.25976562793038,890.5,243,5.550258215391549,167,-0.22274541414022925
4418,6956,-65.33789062812546,64.56445312808847,0.5,214,3.1623693064770215,105,-0.6892364527223365
4418,7050,-65.33789062812546,67.86914062824654,-47.5,63,19.809639566483963,232,0.7972927036979002
4418,7144,-65.33789062812546,71.17382812840461,-916.0,63,35.076999271329036,248,1.5073120905535273
4418,7238,-65.33789062812546,74.4785156285627,535.5,91,11.871424008916406,25,-1.9535534434564679
4418,7332,-65.33789062812546,77.78320312872077,0.5,63,12.99151509033828,213,-0.04152729289094655
4418,7426,-65.33789062812546,81.08789062887887,-1238.0,220,17.043283511778846,63,-1.1160393609799808
4418,7520,-65.33789062812546,84.39257812903693,-1747.0,59,5.30123273189027,221,1.4931899287782888
4418,7614,-65.33789062812546,87.69726562919503,-1591.0,201,5.0148520903363325,41,-0.04513682352753223
4418,7708,-65.33789062812546,91.0019531293531,-1296.0,207,5.509888066714144,305,-0.5173683000154703
4418,7802,-65.33789062812546,94.30664062951116,-625.0,243,5.564447824634376,47,-1.0675025503871578
4418,7896,-65.33789062812546,97.61132812966923,381.5,136,5.093691419975547,291,-2.4015897447613046
4418,7990,-65.33789062812546,100.91601562982733,-1164.5,296,11.599480334497112,136,-1.335267268986349
4418,8084,-65.33789062812546,104.22070312998542,-2797.0,63,11.183838256868617,220,0.877923862414733
4418,8178,-65.33789062812546,107.52539063014352,85.0,123,6.230557984462253,272,-1.0893195844702792
4418,8272,-65.33789062812546,110.83007813030156,-1263.0,351,3.2817967269069763,136,-0.6604686679882636
4418,8366,-65.33789062812546,114.13476563045967,-1593.5,222,4.583851516011069,158,-0.1597279781031847
4418,8460,-65.33789062812546,117.43945313061775,-802.0,243,8.318399999275977,177,-0.9755018981543068
4418,8554,-65.33789062812546,120.74414063077586,68.5,303,3.092300078865882,76,-1.2260081561623823
4418,8648,-65.33789062812546,124.04882813093388,-1403.0,286,4.899636712067448,74,0.19192541339767238
4418,8742,-65.33789062812546,127.353515631092,-371.0,63,6.54392214631543,268,-1.0101495511841192
4418,8836,-65.33789062812546,130.65820313125008,-1062.0,63,14.02072341209574,192,-0.7869293135506469
4418,8930,-65.33789062812546,133.9628906314081,311.5,63,12.937103026676873,237,-2.059074807645221
4418,9024,-65.33789062812546,137.2675781315662,-202.0,243,7.433390566589296,14,0.4991604435620202
4418,9118,-65.33789062812546,140.57226563172432,-3676.0,226,6.360938565307519,75,-0.12828112480290982
4418,9212,-65.33789062812546,143.8769531318824,-4034.0,123,4.73442268120817,21,0.7139296686432276
4418,9306,-65.33789062812546,147.18164063204043,-2634.5,243,12.118118821104098,111,-1.692376650497978
4418,9400,-65.33789062812546,150.48632813219854,-4047.0,101,3.0376114574658564,178,-0.4285989969842086
4418,9494,-65.33789062812546,153.79101563235662,-3095.5,100,9.789563886254301,222,-1.7875968553814725
4418,9588,-65.33789062812546,157.0957031325147,-1973.5,270,23.302134962132534,103,-1.8210416285987856
4418,9682,-65.33789062812546,160.40039063267278,-5987.0,283,13.829041127765407,71,1.3531321505182556
4418,9776,-65.33789062812546,163.70507813283086,-6313.0,158,10.475454974484837,258,2.547405522145654
4418,9870,-65.33789062812546,167.00976563298897,-3690.5,280,5.760504018218712,91,-1.6775869949144386
4418,9964,-65.33789062812546,170.31445313314703,-4818.0,270,10.698476777419078,19,-0.45283462899880683
4418,10058,-65.33789062812546,173.6191406333051,-4379.5,195,6.1023085599454925,307,-1.3595793261167863
4418,10152,-65.33789062812546,176.92382813346322,-3194.0,64,5.642698567900897,116,-3.063898384414473
4512,0,-68.64257812828353,-179.98242188360948,-5141.0,144,20.799223354968767,192,-3.078846270945715
4512,94,-68.64257812828353,-176.67773438345142,-7176.5,326,9.224481448976668,153,1.1156286672860054
4512,188,-68.64257812828353,-173.3730468832933,-7306.5,181,13.100267636490223,265,1.8002333902311465
4512,282,-68.64257812828353,-170.06835938313526,-7167.0,91,7.5315207133414495,202,0.2326807926403179
4512,376,-68.64257812828353,-166.76367188297715,-3289.0,231,8.99037336625613,35,-2.541487561609938
4512,470,-68.64257812828353,-163.45898438281907,-3858.0,231,15.680079622815848,0,-0.0164889426531939
4512,564,-68.64257812828353,-160.154296882661,-3978.5,231,9.130060751080341,62,-1.5367710329154785
4512,658,-68.64257812828353,-156.8496093825029,-4571.5,270,10.68673640284794,23,-0.5971073191311314
4512,752,-68.64257812828353,-153.54492188234482,-4743.5,136,5.6521553902868735,299,0.3229523172884625
4512,846,-68.64257812828353,-150.24023438218674,-3735.5,256,6.852625287736606,65,-1.6162365669951375
4512,940,-68.64257812828353,-146.9355468820287,-5480.0,144,14.880972532570649,305,-0.04513682352753223
4512,1034,-68.64257812828353,-143.63085938187058,-3885.0,231,4.529068666115447,291,-0.17532748408536644
4512,1128,-68.64257812828353,-140.32617188171253,-3265.5,6,4.814309170626495,140,-0.8707157415469424
4512,1222,-68.64257812828353,-137.02148438155444,-2616.0,325,7.0925435178911655,266,-1.601254232714844
4512,1316,-68.64257812828353,-133.71679688139636,-3044.0,216,7.342042965498748,56,-1.0803291390490795
4512,1410,-68.64257812828353,-130.41210938123828,-4155.5,91,25.113059873829798,336,0.2745106005143757
4512,1504,-68.64257812828353,-127.1074218810802,-3214.5,316,5.860126433952976,97,-0.5484874166057145
4512,1598,-68.64257812828353,-123.80273438092212,-4515.0,187,12.983067028525797,6,0.36132291674370276
4512,1692,-68.64257812828353,-120.49804688076404,-3148.5,58,9.556506289957142,319,-1.4192781994880475
4512,1786,-68.64257812828353,-117.19335938060595,-4441.0,42,11.459821872583833,236,3.2605091456065156
4512,1880,-68.64257812828353,-113.88867188044787,-1661.0,48,6.302553114000853,216,-2.011565362820971
4512,1974,-68.64257812828353,-110.58398438028979,-4007.5,270,18.272587709641208,135,2.2406287467760593
4512,2068,-68.64257812828353,-107.27929688013171,-4169.0,66,15.994242593131462,203,2.68803371478165
4512,2162,-68.64257812828353,-103.97460937997363,-1975.0,265,11.112653945912431,162,1.268515652188865
4512,2256,-68.64257812828353,-100.66992187981555,1480.5,231,7.529392898827596,336,-3.0025013432409207
4512,2350,-68.64257812828353,-97.36523437965747,4.5,125,12.158630832100709,306,-1.7055910254473765
4512,2444,-68.64257812828353,-94.0605468794994,5315.5,0,4.783049606131674,252,-4.530329795297583
4512,2538,-68.64257812828353,-90.75585937934132,2879.0,245,11.445943673756146,136,-2.7645389927891775
4512,2632,-68.64257812828353,-87.45117187918325,3658.5,303,16.997052344751506,198,-4.063882647883771
4512,2726,-68.64257812828353,-84.14648437902515,3645.5,256,9.838630949553242,108,-4.405980396676229
4512,2820,-68.64257812828353,-80.84179687886707,2239.0,316,10.39643199914317,111,-3.7165831887942806
4512,2914,-68.64257812828353,-77.53710937870899,-1315.0,290,6.945702257937206,13,0.8715284162759478
4512,3008,-68.64257812828353,-74.23242187855091,-1675.5,123,4.47560335158413,97,-0.4643391683817985
4512,3102,-68.64257812828353,-70.92773437839283,-1673.0,64,2.254692685894129,311,-0.022539284803651284
4512,3196,-68.64257812828353,-67.62304687823475,-1513.0,91,7.154535031267084,295,0.1415188145941429
4512,3290,-68.64257812828353,-64.31835937807668,-3755.0,293,10.972053242532029,104,2.7126160207002026
4512,3384,-68.64257812828353,-61.0136718779186,-1411.0,91,19.731612026522367,261,-0.03376151933053042
4512,3478,-68.64257812828353,-57.70898437776051,772.5,209,10.472844504930828,270,-0.589425944164081
4512,3572,-68.64257812828353,-54.404296877602434,1102.0,303,6.1739309817761265,113,-2.0442271879255656
4512,3666,-68.64257812828353,-51.09960937744435,165.0,327,2.871757555304773,143,-0.6237588758723266
4512,3760,-68.64257812828353,-47.79492187728627,-390.0,52,7.374479923345686,267,0.6744625835399274
4512,3854,-68.64257812828353,-44.49023437712819,-114.0,303,7.1207529281243955,154,-1.155255560452045
4512,3948,-68.64257812828353,-41.185546876970115,29.5,52,12.610134791907452,241,-1.1130686969031005
4512,4042,-68.64257812828353,-37.88085937681202,-922.5,300,5.450463983056528,52,-0.084451276315705
4512,4136,-68.64257812828353,-34.57617187665396,-75.5,41,8.631787109264032,130,-1.886902963972861
4512,4230,-68.64257812828353,-31.271484376495856,-1161.0,16,14.457273119614959,230,2.9225079499301363
4512,4324,-68.64257812828353,-27.966796876337792,-1723.0,296,8.37192235192867,148,-0.11879297762356376
4512,4418,-68.64257812828353,-24.662109376179693,-1043.0,38,11.328807898506284,206,-1.269165706782606
4512,4512,-68.64257812828353,-21.357421876021625,951.0,1,0.7569600367335995,75,-2.4814494553754973
4512,4606,-68.64257812828353,-18.052734375863558,-769.5,270,9.38122138554248,137,-0.23750700516434547
4512,4700,-68.64257812828353,-14.748046875705464,-843.0,180,3.017394750456645,272,-0.07311770518089415
4512,4794,-68.64257812828353,-11.443359375547397,-289.5,310,6.337359452749949,41,0.4733135787964974
4512,4888,-68.64257812828353,-8.1386718753893,681.5,123,11.167968752062986,277,-0.594750479693431
4512,4982,-68.64257812828353,-4.833984375231233,449.0,231,9.35122459972527,23,-0.4787367476011928
4512,5076,-68.64257812828353,-1.5292968750731355,553.0,221,12.669656431654733,0,0.5790466841398817
4512,5170,-68.64257812828353,1.775390625084931,1709.5,66,7.98665386484193,299,-2.113237067968429
4512,5264,-68.64257812828353,5.080078125243029,1176.5,231,19.45191789455208,3,-1.4871722209275116
4512,5358,-68.64257812828353,8.384765625401096,1353.5,309,5.465106276145986,221,-0.1960933369422503
4512,5452,-68.64257812828353,11.689453125559162,789.5,147,3.5058264248678856,3,0.41501134537388695
4512,5546,-68.64257812828353,14.994140625717257,1416.0,270,9.882444063204082,75,2.196151361446411
4512,5640,-68.64257812828353,18.298828125875325,1578.5,130,5.580781280045213,318,-0.9324721020860895
4512,5734,-68.64257812828353,21.603515626033424,624.0,70,4.170748267079436,303,0.024317891836077844
4512,5828,-68.64257812828353,24.90820312619149,1006.5,203,19.173187517998656,327,-0.44619826901782156
4512,5922,-68.64257812828353,28.212890626349587,510.0,91,23.27796560016739,326,-1.4176560614582343
4512,6016,-68.64257812828353,31.51757812650765,1109.0,77,4.925263315176658,192,-0.573206914379059
4512,6110,-68.64257812828353,34.822265626665754,-368.5,70,13.88845045183082,243,4.594653284756385
4512,6204,-68.64257812828353,38.126953126823814,61.5,256,8.736550304638396,171,1.7687257220906267
4512,6298,-68.64257812828353,41.43164062698188,311.5,52,5.410470594810206,285,0.37985956054438647
4512,6392,-68.64257812828353,44.736328127139984,1032.5,270,9.699515507689828,1,0.38457573801821127
4512,6486,-68.64257812828353,48.041015627298044,1757.5,180,15.372225607811902,23,-0.7326462528315455
4512,6580,-68.64257812828353,51.34570312745615,2740.5,325,15.81338724759427,166,-2.3466665933740547
4512,6674,-68.64257812828353,54.650390627614215,1740.5,21,9.275805310459287,186,-1.8054940034140787
4512,6768,-68.64257812828353,57.95507812777231,2121.0,52,10.714396635958972,200,-2.1236259016695898
4512,6862,-68.64257812828353,61.25976562793038,-635.0,267,15.967327279871093,94,-0.48964571278718677
4512,6956,-68.64257812828353,64.56445312808847,-2237.5,130,6.9959163371276984,71,2.0707766951867232
4512,7050,-68.64257812828353,67.86914062824654,-2523.5,113,8.529594106797557,315,1.6496374746902012
4512,7144,-68.64257812828353,71.17382812840461,1391.0,231,6.487364138235808,72,-1.439230682366666
4512,7238,-68.64257812828353,74.4785156285627,944.0,270,3.5270573871192403,85,-0.590155117884416
4512,7332,-68.64257812828353,77.78320312872077,-449.5,231,23.43308683493669,347,0.10470665084957201
4512,7426,-68.64257812828353,81.08789062887887,-834.5,231,23.973491549031998,29,0.6486797961709556
4512,7520,-68.64257812828353,84.39257812903693,1909.0,16,4.135477950421955,124,-2.6944924140528905
4512,7614,-68.64257812828353,87.69726562919503,212.0,52,4.989204745773418,217,-1.2717176102033665
4512,7708,-68.64257812828353,91.0019531293531,-3014.0,324,12.65203832128371,173,4.534255384348869
4512,7802,-68.64257812828353,94.30664062951116,-82.0,200,9.199623715272136,353,1.3035346181203291
4512,7896,-68.64257812828353,97.61132812966923,907.5,303,13.859440158339623,98,-2.9138201868146214
4512,7990,-68.64257812828353,100.91601562982733,-1542.5,284,4.966586047021993,158,0.35159921376049963
4512,8084,-68.64257812828353,104.22070312998542,-1394.0,20,6.155931696427561,91,0.809915913800598
4512,8178,-68.64257812828353,107.52539063014352,-1859.5,37,9.5755098081902,142,0.27566249721272906
4512,8272,-68.64257812828353,110.83007813030156,-936.0,231,10.465274039555542,25,-0.694841325987221
4512,8366,-68.64257812828353,114.13476563045967,-1098.5,52,13.721668861691148,272,-0.07303608504528145
4512,8460,-68.64257812828353,117.43945313061775,-507.0,91,4.800748128894952,266,-1.3365670567114356
4512,8554,-68.64257812828353,120.74414063077586,817.5,91,13.750744411284376,302,-2.4586775041272166
4512,8648,-68.64257812828353,124.04882813093388,430.0,231,13.317484108369097,69,-1.634148550902084
4512,8742,-68.64257812828353,127.353515631092,388.0,181,6.287172769669895,53,-1.391314117304495
4512,8836,-68.64257812828353,130.65820313125008,625.5,203,11.101104195375072,25,-1.6005412261779202
4512,8930,-68.64257812828353,133.9628906314081,94.5,23,4.756749834785838,333,-1.7369949870184684
4512,9024,-68.64257812828353,137.2675781315662,880.0,169,10.033195577160107,11,-0.03434993573585631
4512,9118,-68.64257812828353,140.57226563172432,209.0,231,15.307631619880281,8,-1.7832473136726676
4512,9212,-68.64257812828353,143.8769531318824,-880.0,291,15.70261876019631,187,0.12675029890726341
4512,9306,-68.64257812828353,147.18164063204043,-2382.5,158,6.656999639311017,35,-2.5049658949351024
4512,9400,-68.64257812828353,150.48632813219854,-4268.5,310,10.085223910304007,91,-0.4913320782974266
4512,9494,-68.64257812828353,153.79101563235662,-5359.0,91,14.397626990516878,9,1.6640620228893888
4512,9588,-68.64257812828353,157.0957031325147,-5852.0,163,9.305994361513198,273,0.7998386881483242
4512,9682,-68.64257812828353,160.40039063267278,-2737.5,81,5.320043624848826,303,-1.6914542942907036
4512,9776,-68.64257812828353,163.70507813283086,-2208.5,231,19.275355419651003,81,-2.0075264019363677
4512,9870,-68.64257812828353,167.00976563298897,-6316.5,283,7.778365687822462,199,1.7049861974742209
4512,9964,-68.64257812828353,170.31445313314703,-3321.5,52,12.610134791907452,217,-1.927108539167808
4512,10058,-68.64257812828353,173.6191406333051,-3703.0,231,5.621199397783579,129,-0.5045400431767884
4512,10152,-68.64257812828353,176.92382813346322,-6918.0,231,19.326391672129876,26,-1.2720976456764663
4606,0,-71.9472656284416,-179.98242188360948,-3800.0,91,4.315421923285886,190,-2.3070724559256157
4606,94,-71.9472656284416,-176.67773438345142,-3390.5,98,8.71067660595202,270,0.006012122311306279
4606,188,-71.9472656284416,-173.3730468832933,-3672.5,91,11.67924056299054,341,-1.4259913796287396
4606,282,-71.9472656284416,-170.06835938313526,-1919.0,91,6.9959163371276984,316,-3.2643097581384293
4606,376,-71.9472656284416,-166.76367188297715,-3521.5,83,5.027366450899208,166,-0.7837662111864101
4606,470,-71.9472656284416,-163.45898438281907,-5540.5,263,30.592097972794114,20,-0.782918552589998
4606,564,-71.9472656284416,-160.154296882661,-4280.0,215,8.989562615646307,21,-0.6564981662598532
4606,658,-71.9472656284416,-156.8496093825029,-3547.5,342,2.215398381566738,310,-1.9257763678996778
4606,752,-71.9472656284416,-153.54492188234482,-4107.0,117,3.3068381458896448,83,-0.305261202518311
4606,846,-71.9472656284416,-150.24023438218674,-4282.0,131,6.456967883958724,247,-0.11162780508023308
4606,940,-71.9472656284416,-146.9355468820287,-4013.0,263,34.86539778904773,5,6.0138621654005275
4606,1034,-71.9472656284416,-143.63085938187058,-1922.5,153,20.37281216452679,20,-0.1597279781031847
4606,1128,-71.9472656284416,-140.32617188171253,-2176.0,91,15.998243764422046,319,-1.4686808213456461
4606,1222,-71.9472656284416,-137.02148438155444,-1239.5,83,4.016272419991072,0,-0.0164889426531939
4606,1316,-71.9472656284416,-133.71679688139636,-1267.0,263,11.541803060065936,91,-0.6224001415464651
4606,1410,-71.9472656284416,-130.41210938123828,-2149.5,263,12.063336820051411,336,-1.596912224178443
4606,1504,-71.9472656284416,-127.1074218810802,-2937.0,183,5.213475439444457,296,-1.7010470518544534
4606,1598,-71.9472656284416,-123.80273438092212,-3223.0,83,19.428368524448533,310,-0.13633197322179977
4606,1692,-71.9472656284416,-120.49804688076404,-2196.5,162,15.66992543337021,276,-1.2195161191615393
4606,1786,-71.9472656284416,-117.19335938060595,-2987.0,238,10.321587578792837,41,0.0943072257461428
4606,1880,-71.9472656284416,-113.88867188044787,-2779.5,253,3.850321554752063,172,-0.1961475428621934
4606,1974,-71.9472656284416,-110.58398438028979,-2611.5,200,8.402526694801157,128,0.12978973463558413
4606,2068,-71.9472656284416,-107.27929688013171,-727.5,83,13.290353225510842,265,-2.6864233665681057
4606,2162,-71.9472656284416,-103.97460937997363,-2345.0,149,5.272096594215513,176,-0.13287114637500994
4606,2256,-71.9472656284416,-100.66992187981555,-2332.0,91,19.453842772836424,20,6.7565575085357485
4606,2350,-71.9472656284416,-97.36523437965747,-1967.0,91,8.1338803311634,255,0.25585136688563176
4606,2444,-71.9472656284416,-94.0605468794994,-3086.5,114,11.162359260311698,270,3.183151793286925
4606,2538,-71.9472656284416,-90.75585937934132,-1744.0,42,9.072087677238816,129,0.042625868133041395
4606,2632,-71.9472656284416,-87.45117187918325,-1773.5,68,3.905481321510455,156,0.7048920355395666
4606,2726,-71.9472656284416,-84.14648437902515,-396.5,57,11.21204756326174,255,-2.13290971070872
4606,2820,-71.9472656284416,-80.84179687886707,-1719.0,91,22.15675343334374,305,4.817636330589517
4606,2914,-71.9472656284416,-77.53710937870899,1798.0,83,29.30167258528108,249,-1.3296595652895056
4606,3008,-71.9472656284416,-74.23242187855091,3223.0,313,4.62918109310711,200,-2.6277844650227418
4606,3102,-71.9472656284416,-70.92773437839283,1770.5,263,37.459776791212136,21,-3.352631578266359
4606,3196,-71.9472656284416,-67.62304687823475,2806.5,192,4.0794188313456905,36,-0.302965016991789
4606,3290,-71.9472656284416,-64.31835937807668,2291.0,303,5.138469323615445,69,-0.691976956583001
4606,3384,-71.9472656284416,-61.0136718779186,2875.5,180,11.816541904923158,329,-2.282754565354251
4606,3478,-71.9472656284416,-57.70898437776051,2438.0,262,6.812331299242587,92,-2.456536116200317
4606,3572,-71.9472656284416,-54.404296877602434,409.5,263,10.21575064600189,78,-0.8242737634721706
4606,3666,-71.9472656284416,-51.09960937744435,-214.5,316,3.7293182955630497,62,0.6800881545764782
4606,3760,-71.9472656284416,-47.79492187728627,1148.5,139,4.021120088046538,340,-1.2558006026199313
4606,3854,-71.9472656284416,-44.49023437712819,-199.0,83,32.17860409960222,283,2.844949433878525
4606,3948,-71.9472656284416,-41.185546876970115,37.5,200,22.132176012992623,41,-0.9916278616600435
4606,4042,-71.9472656284416,-37.88085937681202,-550.0,310,12.7927340069226,119,0.7856027349433848
4606,4136,-71.9472656284416,-34.57617187665396,-719.5,263,22.91437427123263,69,-1.1053881339177623
4606,4230,-71.9472656284416,-31.271484376495856,-2459.0,136,11.243989036497924,240,1.3694648960492086
4606,4324,-71.9472656284416,-27.966796876337792,-2386.0,57,13.070878553653062,210,0.1532330318651828
4606,4418,-71.9472656284416,-24.662109376179693,923.0,236,22.38795929840679,26,-1.7583806282783605
4606,4512,-71.9472656284416,-21.357421876021625,-1000.0,261,10.110701859449968,107,-0.07761175884725907
4606,4606,-71.9472656284416,-18.052734375863558,-1552.0,2,8.172737754279627,85,0.8057607476268688
4606,4700,-71.9472656284416,-14.748046875705464,-1197.0,91,7.615971368937222,320,0.029416271920774468
4606,4794,-71.9472656284416,-11.443359375547397,-336.0,83,11.761637795499425,293,-1.2575702344964308
4606,4888,-71.9472656284416,-8.1386718753893,-1055.5,196,17.462122721173042,21,-0.5988478122961545
4606,4982,-71.9472656284416,-4.833984375231233,-1340.5,91,25.277253344375765,324,-0.5267655408508493
4606,5076,-71.9472656284416,-1.5292968750731355,1655.0,210,2.0459560476416607,308,-2.579375656126233
4606,5170,-71.9472656284416,1.775390625084931,-320.0,180,13.12744080034299,4,0.42875474903507266
4606,5264,-71.9472656284416,5.080078125243029,1410.5,42,10.202307356560004,239,0.1299982572580348
4606,5358,-71.9472656284416,8.384765625401096,-893.0,141,14.464611554018283,308,2.1991463428492826
4606,5452,-71.9472656284416,11.689453125559162,1967.5,270,16.024712060738402,90,0.000607712162211791
4606,5546,-71.9472656284416,14.994140625717257,-643.0,23,13.897856402077426,303,3.481827681807248
4606,5640,-71.9472656284416,18.298828125875325,2690.5,168,9.497183067826803,123,0.8980049927699398
4606,5734,-71.9472656284416,21.603515626033424,1422.5,180,15.20097253113525,30,-0.4197168901396794
4606,5828,-71.9472656284416,24.90820312619149,1210.5,104,5.949689791139578,165,0.6750966603368418
4606,5922,-71.9472656284416,28.212890626349587,456.5,348,9.81529383432562,108,2.980657804002093
4606,6016,-71.9472656284416,31.51757812650765,2420.5,263,14.692876814162016,9,-2.421468967484982
4606,6110,-71.9472656284416,34.822265626665754,1533.5,333,8.195570186858301,252,1.901508922938668
4606,6204,-71.9472656284416,38.126953126823814,3486.0,236,9.060881072312847,30,1.341875427285587
4606,6298,-71.9472656284416,41.43164062698188,-349.0,333,15.20991917254082,131,0.5506159566816534
4606,6392,-71.9472656284416,44.736328127139984,-430.5,45,14.810631957757193,212,1.1213768451544301
4606,6486,-71.9472656284416,48.041015627298044,2979.0,20,2.9602547458915347,225,-1.6840000574735061
4606,6580,-71.9472656284416,51.34570312745615,541.5,224,12.98715927155807,42,-1.21502474514126
4606,6674,-71.9472656284416,54.650390627614215,-737.0,167,15.041311815750495,15,-0.08792939663632576
4606,6768,-71.9472656284416,57.95507812777231,2670.0,42,7.277972577848866,329,-2.164896146554544
4606,6862,-71.9472656284416,61.25976562793038,733.5,265,8.924168209259737,209,-0.3036773193707467
4606,6956,-71.9472656284416,64.56445312808847,576.0,130,7.196147563039006,241,-0.7010320054304009
4606,7050,-71.9472656284416,67.86914062824654,-586.0,216,24.707104822833003,47,-0.007266381233527278
4606,7144,-71.9472656284416,71.17382812840461,-2395.0,206,14.999505844045988,8,2.280087172542391
4606,7238,-71.9472656284416,74.4785156285627,687.5,263,14.692876814162016,0,1.0480554519753913
4606,7332,-71.9472656284416,77.78320312872077,1567.0,56,10.560110872012993,256,-0.9964870669021073
4606,7426,-71.9472656284416,81.08789062887887,-500.5,161,19.76451527397811,344,3.446494981944532
4606,7520,-71.9472656284416,84.39257812903693,799.0,91,13.750744411284376,327,1.3631854000121633
4606,7614,-71.9472656284416,87.69726562919503,-1375.0,302,12.493339745255486,199,-0.5474638664870335
4606,7708,-71.9472656284416,91.0019531293531,-1647.0,56,15.996243198802127,238,-0.4591080058292355
4606,7802,-71.9472656284416,94.30664062951116,611.5,333,15.666740245967198,189,-2.1716973112139955
4606,7896,-71.9472656284416,97.61132812966923,-141.5,337,7.7031376386151615,147,-0.6948652174668469
4606,7990,-71.9472656284416,100.91601562982733,-111.5,132,3.2720571609654674,20,-1.019057615229499
4606,8084,-71.9472656284416,104.22070312998542,-492.0,180,14.773261912949492,318,-0.7386575899094048
4606,8178,-71.9472656284416,107.52539063014352,669.5,199,4.159816156864266,35,-2.033373893121042
4606,8272,-71.9472656284416,110.83007813030156,-2104.0,83,9.52059867117045,0,1.0707305109035408
4606,8366,-71.9472656284416,114.13476563045967,-29.0,42,3.1559013800700098,293,-1.674773453463448
4606,8460,-71.9472656284416,117.43945313061775,-707.0,303,25.55593423796005,175,-3.575539414772279
4606,8554,-71.9472656284416,120.74414063077586,-3606.0,318,10.720120731205183,178,-1.190880903616299
4606,8648,-71.9472656284416,124.04882813093388,-4115.5,336,5.821251531957981,227,0.03940233866125631
4606,8742,-71.9472656284416,127.353515631092,-3385.0,139,14.639253850766785,54,-0.0164889426531939
4606,8836,-71.9472656284416,130.65820313125008,-3935.0,222,10.271234490871677,41,1.1596947513327611
4606,8930,-71.9472656284416,133.9628906314081,-3084.0,56,14.637227120059173,296,0.47118153841031896
4606,9024,-71.9472656284416,137.2675781315662,-4573.0,251,14.423832314724981,113,-0.7458429759426866
4606,9118,-71.9472656284416,140.57226563172432,-4958.5,263,3.930741453290011,319,1.5250233813960299
4606,9212,-71.9472656284416,143.8769531318824,-4789.0,61,8.678830361829318,168,-0.4749790001985708
4606,9306,-71.9472656284416,147.18164063204043,-2417.5,56,8.890414661312189,237,-2.796611828262865
4606,9400,-71.9472656284416,150.48632813219854,-1967.5,210,5.22926399520202,151,-0.7075742690965593
4606,9494,-71.9472656284416,153.79101563235662,-2003.5,248,4.696446807852992,319,0.33581062966955677
4606,9588,-71.9472656284416,157.0957031325147,-1962.0,123,5.252121256886525,23,-0.6753591278549385
4606,9682,-71.9472656284416,160.40039063267278,-1480.5,341,2.9602547458915347,39,-3.344427319766445
4606,9776,-71.9472656284416,163.70507813283086,-4451.5,199,5.389499370807592,84,-0.4398677178350717
4606,9870,-71.9472656284416,167.00976563298897,-4759.0,229,2.833501203110171,310,0.2491694440875299
4606,9964,-71.9472656284416,170.31445313314703,-4650.5,180,14.236250708968006,271,-0.13375330776963743
4606,10058,-71.9472656284416,173.6191406333051,-5269.5,236,19.61982192376819,14,3.4213752863636957
4606,10152,-71.9472656284416,176.92382813346322,-5473.0,316,16.302613230758134,124,0.10868938634788279
4700,0,-75.2519531285997,-179.98242188360948,-2791.5,123,4.882605509697948,34,-0.1597279781031847
4700,94,-75.2519531285997,-176.67773438345142,-4167.5,316,7.930456465839489,223,-0.7751454087274915
4700,188,-75.2519531285997,-173.3730468832933,-2972.0,91,9.130060751080341,240,-2.417543871906024
4700,282,-75.2519531285997,-170.06835938313526,-3167.0,91,14.128538078789196,282,-0.2743178548766748
4700,376,-75.2519531285997,-166.76367188297715,-3075.0,55,19.47930902270824,212,3.454243395657237
4700,470,-75.2519531285997,-163.45898438281907,-3351.0,220,15.330252187846481,22,-0.030368233310430082
4700,564,-75.2519531285997,-160.154296882661,-4084.5,209,9.651445956023704,340,0.13431670583722793
4700,658,-75.2519531285997,-156.8496093825029,-4119.0,55,9.002235004569775,153,0.555620391848823
4700,752,-75.2519531285997,-153.54492188234482,-3899.0,235,9.771190421107603,303,0.0720038788603483
4700,846,-75.2519531285997,-150.24023438218674,-3010.5,34,3.586289328252657,276,-0.14495948588420035
4700,940,-75.2519531285997,-146.9355468820287,-1920.0,270,4.785199544960467,106,-3.3320553592646496
4700,1034,-75.2519531285997,-143.63085938187058,-5526.5,303,15.611661505274247,97,-1.5639429727765677
4700,1128,-75.2519531285997,-140.32617188171253,-6276.5,329,5.52658177964345,126,0.22746157667546396
4700,1222,-75.2519531285997,-137.02148438155444,-6378.5,312,4.096414043392845,40,0.4132222386128879
4700,1316,-75.2519531285997,-133.71679688139636,-6334.5,192,7.2560127010918904,255,0.6836595934782638
4700,1410,-75.2519531285997,-130.41210938123828,-6333.5,16,6.9959163371276984,339,1.0485851925854923
4700,1504,-75.2519531285997,-127.1074218810802,-6127.5,42,8.3308108709216,316,0.10045035815125865
4700,1598,-75.2519531285997,-123.80273438092212,-3306.5,118,6.134911790210121,254,-2.4787604820699634
4700,1692,-75.2519531285997,-120.49804688076404,-4020.0,296,5.573744666637725,85,1.65176276085929
4700,1786,-75.2519531285997,-117.19335938060595,-3110.5,235,11.404230777454886,359,1.080982681010147
4700,1880,-75.2519531285997,-113.88867188044787,-2854.0,270,5.240063960572366,150,0.2935324978843928
4700,1974,-75.2519531285997,-110.58398438028979,-2669.0,235,13.561387209484456,86,0.35895867892462335
4700,2068,-75.2519531285997,-107.27929688013171,-2527.5,134,5.290460186151461,222,-0.9718866881991458
4700,2162,-75.2519531285997,-103.97460937997363,-2168.0,126,7.933420793696033,236,-1.5335302032521974
4700,2256,-75.2519531285997,-100.66992187981555,-885.0,162,12.44900478143948,33,-1.133204386259875
4700,2350,-75.2519531285997,-97.36523437965747,-1431.5,235,16.23620493627407,1,-0.41336232138451745
4700,2444,-75.2519531285997,-94.0605468794994,-1655.5,235,27.529076037437477,47,0.7728403226552594
4700,2538,-75.2519531285997,-90.75585937934132,-3150.0,151,13.958114975499694,300,2.562933526015587
4700,2632,-75.2519531285997,-87.45117187918325,139.0,136,15.764548691496314,278,-1.797675056150465
4700,2726,-75.2519531285997,-84.14648437902515,2500.5,73,16.049173830919,270,-3.328422193943339
4700,2820,-75.2519531285997,-80.84179687886707,-171.5,231,16.52561126777997,108,-1.0347476178749055
4700,2914,-75.2519531285997,-77.53710937870899,-2370.5,205,8.485369311196958,57,1.7940004432804924
4700,3008,-75.2519531285997,-74.23242187855091,-1910.0,16,9.699515507689828,254,2.8156385105242587
4700,3102,-75.2519531285997,-70.92773437839283,-62.5,91,20.817414998885575,303,-0.589425944164081
4700,3196,-75.2519531285997,-67.62304687823475,3424.0,270,13.290353225510842,142,-4.1758945153753455
4700,3290,-75.2519531285997,-64.31835937807668,-895.0,293,10.206015230763766,41,0.9624284404075896
4700,3384,-75.2519531285997,-61.0136718779186,981.5,91,20.315167796350995,332,0.7640161210967094
4700,3478,-75.2519531285997,-57.70898437776051,2340.0,220,7.132724724021222,108,1.0147289825611197
4700,3572,-75.2519531285997,-54.404296877602434,3066.0,55,6.572196354793354,298,-1.5529258825782006
4700,3666,-75.2519531285997,-51.09960937744435,1748.5,303,11.937923213451848,222,-3.3528888407598636
4700,3760,-75.2519531285997,-47.79492187728627,302.0,193,7.3126738526396755,335,1.0306390404203392
4700,3854,-75.2519531285997,-44.49023437712819,1903.0,55,6.685260909824459,259,-0.9913562689312472
4700,3948,-75.2519531285997,-41.185546876970115,527.0,235,20.89246630013591,51,1.567448325906727
4700,4042,-75.2519531285997,-37.88085937681202,-538.5,316,20.495909431016603,108,-1.380222027675431
4700,4136,-75.2519531285997,-34.57617187665396,-1560.5,211,8.079007988296745,165,1.644636820700742
4700,4230,-75.2519531285997,-31.271484376495856,-811.0,102,7.426244318266996,157,-0.7314832190299679
4700,4324,-75.2519531285997,-27.966796876337792,1945.0,91,17.025227957845345,316,-2.8811666630391874
4700,4418,-75.2519531285997,-24.662109376179693,-978.5,99,10.471961595330983,201,0.08250291945242247
4700,4512,-75.2519531285997,-21.357421876021625,1464.0,235,8.71067660595202,16,-1.9659385681751802
4700,4606,-75.2519531285997,-18.052734375863558,346.0,78,9.437042533673193,331,1.4333005893086634
4700,4700,-75.2519531285997,-14.748046875705464,2960.0,43,9.393056866709792,206,-3.638929879461593
4700,4794,-75.2519531285997,-11.443359375547397,2902.0,303,13.51872453461884,95,-2.333282618299628
4700,4888,-75.2519531285997,-8.1386718753893,-1704.5,220,15.595594632242229,71,0.9667765787320102
4700,4982,-75.2519531285997,-4.833984375231233,-1427.0,126,16.209793050953483,333,1.7682314529020875
4700,5076,-75.2519531285997,-1.5292968750731355,690.0,91,18.428702914125406,307,-0.5335168694656574
4700,5170,-75.2519531285997,1.775390625084931,1441.5,109,3.223129090346487,296,-1.4679304699091629
4700,5264,-75.2519531285997,5.080078125243029,2571.0,148,8.48661691469846,345,-0.0164889426531939
4700,5358,-75.2519531285997,8.384765625401096,449.5,218,13.99422737867858,84,2.167139288595164
4700,5452,-75.2519531285997,11.689453125559162,335.5,91,14.7196784359038,309,1.3568878480808484
4700,5546,-75.2519531285997,14.994140625717257,1935.5,123,5.673652263345617,309,0.8007163241150856
4700,5640,-75.2519531285997,18.298828125875325,2353.5,235,17.547590533049416,64,-0.4823708348853389
4700,5734,-75.2519531285997,21.603515626033424,2798.0,180,18.99408870500691,35,-0.9754320236139308
4700,5828,-75.2519531285997,24.90820312619149,2660.5,91,11.045922075452129,33,-0.8927488036905808
4700,5922,-75.2519531285997,28.212890626349587,2958.5,235,15.86579725448978,113,-1.2021085737240462
4700,6016,-75.2519531285997,31.51757812650765,2332.5,25,16.160176009553396,158,-1.7917198751808323
4700,6110,-75.2519531285997,34.822265626665754,4452.0,235,8.514638823803095,90,-3.6309364812440306
4700,6204,-75.2519531285997,38.126953126823814,904.5,278,8.72834927327114,158,-0.849840306677608
4700,6298,-75.2519531285997,41.43164062698188,1656.5,303,4.569618773350615,191,-2.308431005738099
4700,6392,-75.2519531285997,44.736328127139984,144.5,270,8.680568008673562,83,-0.7073053504526233
4700,6486,-75.2519531285997,48.041015627298044,-956.0,55,13.912807328426567,217,0.694793515083993
4700,6580,-75.2519531285997,51.34570312745615,-624.0,252,22.948986054586605,51,-0.3561642783211396
4700,6674,-75.2519531285997,54.650390627614215,-273.0,55,17.156096010696746,239,0.10205902987514946
4700,6768,-75.2519531285997,57.95507812777231,636.5,198,6.130631213058745,268,-1.1235024981470119
4700,6862,-75.2519531285997,61.25976562793038,1254.5,86,11.099751764875244,258,-0.6589882529334754
4700,6956,-75.2519531285997,64.56445312808847,1642.5,288,14.204816692256626,122,-2.7444800764600914
4700,7050,-75.2519531285997,67.86914062824654,32.5,21,11.235678438070469,122,-1.0102060895408227
4700,7144,-75.2519531285997,71.17382812840461,988.0,340,14.60830122414132,156,-2.0610896328368327
4700,7238,-75.2519531285997,74.4785156285627,-444.5,36,12.524156928567663,243,3.556351110253384
4700,7332,-75.2519531285997,77.78320312872077,-1049.0,321,15.792725413700914,64,-1.0474558580621396
4700,7426,-75.2519531285997,81.08789062887887,-2377.5,235,9.715535631854877,44,1.0016044405594815
4700,7520,-75.2519531285997,84.39257812903693,-2656.0,109,7.670737479861656,308,2.081469037692441
4700,7614,-75.2519531285997,87.69726562919503,-328.0,55,9.62991435661075,253,-1.8729571151972142
4700,7708,-75.2519531285997,91.0019531293531,-1862.0,213,15.128203271778872,22,-0.01779851638281852
4700,7802,-75.2519531285997,94.30664062951116,-1038.0,91,38.84144207871015,310,-0.9918466839239423
4700,7896,-75.2519531285997,97.61132812966923,-238.5,188,10.453198478274851,273,0.012158946465612564
4700,7990,-75.2519531285997,100.91601562982733,978.0,91,19.911005466228357,302,-2.429710060141886
4700,8084,-75.2519531285997,104.22070312998542,3491.5,203,5.450323675370761,270,-0.9331389030642689
4700,8178,-75.2519531285997,107.52539063014352,1014.5,235,13.344608910458401,120,-2.7887563904355552
4700,8272,-75.2519531285997,110.83007813030156,243.0,136,7.104516784822464,55,-0.7326462528315455
4700,8366,-75.2519531285997,114.13476563045967,-2897.5,264,14.572363484513415,32,2.903774113586467
4700,8460,-75.2519531285997,117.43945313061775,-3273.5,265,5.434188399295069,145,-1.6827342150718332
4700,8554,-75.2519531285997,120.74414063077586,-4436.5,213,13.290353225510842,302,2.7347966044129066
4700,8648,-75.2519531285997,124.04882813093388,-2867.5,91,26.98575013095674,229,-0.9434294205489971
4700,8742,-75.2519531285997,127.353515631092,-3684.5,91,21.836579151828715,227,-0.9528470415036463
4700,8836,-75.2519531285997,130.65820313125008,-4484.5,241,10.578702460813126,77,-0.515086965124756
4700,8930,-75.2519531285997,133.9628906314081,-4635.5,252,3.5149443007412193,134,0.03864183231577154
4700,9024,-75.2519531285997,137.2675781315662,-4606.0,108,2.2597529754531274,297,-0.356069129802582
4700,9118,-75.2519531285997,140.57226563172432,-4645.0,106,6.363298474941868,72,-0.20389389082736825
4700,9212,-75.2519531285997,143.8769531318824,-3737.5,136,12.487728805752743,302,-1.97953541070898
4700,9306,-75.2519531285997,147.18164063204043,-4628.0,239,4.85990445123312,0,0.1345792083660794
4700,9400,-75.2519531285997,150.48632813219854,-2924.0,55,9.046261347533994,319,-2.557796574104356
4700,9494,-75.2519531285997,153.79101563235662,-1648.0,288,7.712329056991235,81,-1.0672669119898728
4700,9588,-75.2519531285997,157.0957031325147,-2209.0,270,8.962422898792692,95,-1.0568916470841012
4700,9682,-75.2519531285997,160.40039063267278,-3206.5,270,9.776259313328556,6,1.0294928797733407
4700,9776,-75.2519531285997,163.70507813283086,-3315.5,215,6.214181682283626,46,-0.26471050996398504
4700,9870,-75.2519531285997,167.00976563298897,-3341.5,73,8.38638916915669,268,0.2070197585104819
4700,9964,-75.2519531285997,170.31445313314703,-4355.5,55,13.599944050394864,298,3.697789230792014
4700,10058,-75.2519531285997,173.6191406333051,-4563.5,223,20.702803384445513,59,4.636475122626958
4700,10152,-75.2519531285997,176.92382813346322,-3761.5,148,9.08881628647044,43,-0.13324526015545207
4794,0,-78.55664062875776,-179.98242188360948,-3360.0,181,4.714635563692724,187,-7.760899425960952
4794,94,-78.55664062875776,-176.67773438345142,-3483.0,342,4.512682168213495,155,-0.6099267827402813
4794,188,-78.55664062875776,-173.3730468832933,-3218.5,323,3.2003077012024392,270,0.34726937835497024
4794,282,-78.55664062875776,-170.06835938313526,-3362.0,291,5.567032926678861,183,-1.819233193736372
4794,376,-78.55664062875776,-166.76367188297715,-3062.0,48,4.056877048218411,169,-2.313588588409554
4794,470,-78.55664062875776,-163.45898438281907,-2627.0,238,13.58845683154015,321,1.882123246588936
4794,564,-78.55664062875776,-160.154296882661,-3161.0,19,7.419524535963795,218,0.5662474863489125
4794,658,-78.55664062875776,-156.8496093825029,-3826.5,220,15.250285276762146,74,0.777447172369677
4794,752,-78.55664062875776,-153.54492188234482,-3569.5,191,5.7884331805162335,137,-0.009496550833412708
4794,846,-78.55664062875776,-150.24023438218674,-3421.5,101,3.6170914035966573,167,-0.6416378549155307
4794,940,-78.55664062875776,-146.9355468820287,-2681.0,123,16.287012733762115,334,-1.3142272526218683
4794,1034,-78.55664062875776,-143.63085938187058,-2976.0,270,10.334953328117406,209,0.4132222386128879
4794,1128,-78.55664062875776,-140.32617188171253,-2489.5,8,4.821066976691993,286,-0.5662695793745969
4794,1222,-78.55664062875776,-137.02148438155444,-2654.5,128,6.037794660083003,249,-0.011269642837824305
4794,1316,-78.55664062875776,-133.71679688139636,-2137.0,9,6.20772645272396,133,-0.7571710583586345
4794,1410,-78.55664062875776,-130.41210938123828,-1898.0,123,11.47095432172325,268,-1.0736196109687042
4794,1504,-78.55664062875776,-127.1074218810802,-1683.0,67,9.069976492865466,174,-1.9920741610058346
4794,1598,-78.55664062875776,-123.80273438092212,-1090.5,30,10.986546526786126,134,-2.3551141738534893
4794,1692,-78.55664062875776,-120.49804688076404,-2927.5,186,8.186214723415427,18,0.9001694579346694
4794,1786,-78.55664062875776,-117.19335938060595,-2659.0,220,13.561387209484456,351,1.1865527706898216
4794,1880,-78.55664062875776,-113.88867188044787,-2433.5,73,8.010282898685649,204,-1.5867553878794078
4794,1974,-78.55664062875776,-110.58398438028979,-1058.0,99,10.602922600533734,207,-2.7174475124773534
4794,2068,-78.55664062875776,-107.27929688013171,506.5,91,15.280977004814593,288,-1.563087096620508
4794,2162,-78.55664062875776,-103.97460937997363,308.5,270,18.09284735981665,180,-1.7850051052310605
4794,2256,-78.55664062875776,-100.66992187981555,1201.5,141,8.206174918496814,245,-3.631655850273345
4794,2350,-78.55664062875776,-97.36523437965747,-2402.0,291,22.64280529806407,170,2.2804681843935617
4794,2444,-78.55664062875776,-94.0605468794994,-4732.5,228,26.618857666873613,83,1.8226918262994123
4794,2538,-78.55664062875776,-90.75585937934132,-4643.5,238,11.459275775286018,123,0.4468299403844632
4794,2632,-78.55664062875776,-87.45117187918325,-4779.5,355,7.675045349024802,141,0.16061727481821916
4794,2726,-78.55664062875776,-84.14648437902515,-4750.5,47,6.756480812189166,245,0.48272217435116366
4794,2820,-78.55664062875776,-80.84179687886707,-4624.5,33,9.594216139578833,177,-0.16431553180975783
4794,2914,-78.55664062875776,-77.53710937870899,-2424.5,47,11.099618038350876,229,-2.2948785414023685
4794,3008,-78.55664062875776,-74.23242187855091,643.5,123,11.360852045962451,236,-3.666689708703946
4794,3102,-78.55664062875776,-70.92773437839283,-784.5,291,16.135331261930634,116,-1.4786073958606452
4794,3196,-78.55664062875776,-67.62304687823475,-2853.5,328,8.852684682327116,117,2.1267135227591187
4794,3290,-78.55664062875776,-64.31835937807668,-925.0,168,9.185905164842259,49,-0.2611851482467696
4794,3384,-78.55664062875776,-61.0136718779186,-2298.0,346,7.5204808372871,276,3.176936530541082
4794,3478,-78.55664062875776,-57.70898437776051,-780.0,123,5.552402953266002,30,-0.6187687827486446
4794,3572,-78.55664062875776,-54.404296877602434,-1090.5,270,7.503363160484187,150,-1.3979673537127077
4794,3666,-78.55664062875776,-51.09960937744435,-897.5,24,9.635304325615765,242,-1.2957984433009717
4794,3760,-78.55664062875776,-47.79492187728627,-1310.5,303,14.045649150915887,179,-0.7057420597099294
4794,3854,-78.55664062875776,-44.49023437712819,-1002.0,16,18.11527142646326,130,-1.0108866378240142
4794,3948,-78.55664062875776,-41.185546876970115,-520.0,303,25.087791792224433,161,-0.8245967799354498
4794,4042,-78.55664062875776,-37.88085937681202,151.5,354,15.30048460200738,153,-2.3387475339316195
4794,4136,-78.55664062875776,-34.57617187665396,-1226.0,334,14.90548051540966,148,0.16817849223504527
4794,4230,-78.55664062875776,-31.271484376495856,-543.5,123,7.045958120843107,247,-1.4640795839670513
4794,4324,-78.55664062875776,-27.966796876337792,-1164.5,292,4.953428775433303,200,-0.10518494120249003
4794,4418,-78.55664062875776,-24.662109376179693,-717.5,73,7.402654051707385,229,-1.3233648100407809
4794,4512,-78.55664062875776,-21.357421876021625,-2070.5,237,11.276058360622804,18,0.292213905450461
4794,4606,-78.55664062875776,-18.052734375863558,-2340.0,159,10.734916774118979,356,0.08332516636015747
4794,4700,-78.55664062875776,-14.748046875705464,-1855.0,149,11.659944532515965,336,-0.058683505778331035
4794,4794,-78.55664062875776,-11.443359375547397,347.5,123,19.0689588743246,312,-1.6708410855609677
4794,4888,-78.55664062875776,-8.1386718753893,3728.0,7,5.536067923148068,214,-3.990602244625694
4794,4982,-78.55664062875776,-4.833984375231233,824.5,288,13.572753027316056,138,1.5400024056512167
4794,5076,-78.55664062875776,-1.5292968750731355,1282.5,47,10.461007517686928,209,0.4918917377777885
4794,5170,-78.55664062875776,1.775390625084931,1914.5,47,12.279531746960108,182,3.725076834681207
4794,5264,-78.55664062875776,5.080078125243029,1150.5,291,16.179380364361222,75,2.74500882354618
4794,5358,-78.55664062875776,8.384765625401096,2044.5,106,17.443962686088366,285,0.987013345486284
4794,5452,-78.55664062875776,11.689453125559162,1730.0,91,18.917213703015843,339,0.05232204016973708
4794,5546,-78.55664062875776,14.994140625717257,1033.5,238,28.289680261072217,60,1.195619347274904
4794,5640,-78.55664062875776,18.298828125875325,1127.5,91,11.333313154084305,337,0.7657320564120838
4794,5734,-78.55664062875776,21.603515626033424,534.0,270,31.74935910300878,120,3.9383331935684285
4794,5828,-78.55664062875776,24.90820312619149,-681.0,78,31.260307574261113,266,6.902155079907705
4794,5922,-78.55664062875776,28.212890626349587,1607.5,278,5.092395787292463,123,-0.6215748847607618
4794,6016,-78.55664062875776,31.51757812650765,940.5,252,9.462754841696544,62,-1.5528578839530531
4794,6110,-78.55664062875776,34.822265626665754,176.0,175,4.3565607895087615,4,0.5297039454448237
4794,6204,-78.55664062875776,38.126953126823814,-499.0,123,18.865924377788147,28,0.39686252086963725
4794,6298,-78.55664062875776,41.43164062698188,201.0,238,20.49132987179408,1,-0.5299433903049113
4794,6392,-78.55664062875776,44.736328127139984,1511.5,91,15.440802721668627,332,-2.06241995800772
4794,6486,-78.55664062875776,48.041015627298044,3477.0,220,9.157985151648763,13,-1.1507671245064732
4794,6580,-78.55664062875776,51.34570312745615,317.0,270,15.573803053221543,119,-1.9709980082771663
4794,6674,-78.55664062875776,54.650390627614215,-2260.0,279,9.41940950240844,124,-0.10441160967678678
4794,6768,-78.55664062875776,57.95507812777231,-2656.0,17,8.106675585400492,149,0.8325958617289655
4794,6862,-78.55664062875776,61.25976562793038,-2745.0,65,5.673627953087386,156,1.335714887888307
4794,6956,-78.55664062875776,64.56445312808847,-2548.5,109,8.81426360394383,231,1.129150090001538
4794,7050,-78.55664062875776,67.86914062824654,87.5,74,12.817915955013682,231,-1.0982010018938215
4794,7144,-78.55664062875776,71.17382812840461,-6.0,270,12.16828701986111,60,-1.307214593356731
4794,7238,-78.55664062875776,74.4785156285627,-1070.0,153,7.041693237794041,62,0.701065527928896
4794,7332,-78.55664062875776,77.78320312872077,-1762.5,133,7.3603915133904465,35,2.036351831947118
4794,7426,-78.55664062875776,81.08789062887887,-483.0,98,10.05217171012524,237,-0.7083996772579507
4794,7520,-78.55664062875776,84.39257812903693,2677.0,91,21.6883199848351,240,-3.187916924099108
4794,7614,-78.55664062875776,87.69726562919503,4478.5,91,15.307631619880281,338,-1.4936341537593436
4794,7708,-78.55664062875776,91.0019531293531,3305.5,291,10.682555247328795,155,-4.474993399587149
4794,7802,-78.55664062875776,94.30664062951116,780.5,5,11.023351789525298,139,-0.10243250324721362
4794,7896,-78.55664062875776,97.61132812966923,-313.0,302,17.892614398350265,162,-2.6013096308746437
4794,7990,-78.55664062875776,100.91601562982733,-816.5,297,6.193803575062227,178,-2.1707379223220378
4794,8084,-78.55664062875776,104.22070312998542,-1836.5,156,10.132488585446236,83,2.6343329433899663
4794,8178,-78.55664062875776,107.52539063014352,-2754.0,316,19.433010220965823,159,-1.1497416719732334
4794,8272,-78.55664062875776,110.83007813030156,-3542.5,14,13.686070123152236,173,-0.3430648504595661
4794,8366,-78.55664062875776,114.13476563045967,-1957.0,53,19.58168597257819,188,-1.7468418708897893
4794,8460,-78.55664062875776,117.43945313061775,-2367.0,180,17.532599210849867,354,1.134497657094092
4794,8554,-78.55664062875776,120.74414063077586,-4032.0,208,11.41603724159385,352,0.3351108629124505
4794,8648,-78.55664062875776,124.04882813093388,-4147.5,177,6.925682377137632,338,-0.0541204531309576
4794,8742,-78.55664062875776,127.353515631092,-4027.0,215,5.145591704193226,37,-0.27648280308722345
4794,8836,-78.55664062875776,130.65820313125008,-3943.0,58,3.7881510278804997,315,-0.5808980928096549
4794,8930,-78.55664062875776,133.9628906314081,-4104.5,238,6.345913788040451,26,-0.21702313350765684
4794,9024,-78.55664062875776,137.2675781315662,-4348.5,168,5.921103109870105,38,0.2534993572268678
4794,9118,-78.55664062875776,140.57226563172432,-4450.0,238,7.249782679099558,303,1.4950148377078396
4794,9212,-78.55664062875776,143.8769531318824,-4160.5,91,17.23452844254904,0,-0.0164889426531939
4794,9306,-78.55664062875776,147.18164063204043,-1010.0,335,1.9594511919875874,301,-3.531192690248255
4794,9400,-78.55664062875776,150.48632813219854,-1585.0,1,5.813973918669694,130,-0.0949597364147278
4794,9494,-78.55664062875776,153.79101563235662,-1737.0,73,18.558130394554016,193,-1.1625386128129718
4794,9588,-78.55664062875776,157.0957031325147,-1187.0,265,10.508112127019265,43,-0.399211238721229
4794,9682,-78.55664062875776,160.40039063267278,-1067.0,238,11.898856781547721,90,-0.4982602154748501
4794,9776,-78.55664062875776,163.70507813283086,-1473.5,329,5.049601646886743,131,-0.8314223575440169
4794,9870,-78.55664062875776,167.00976563298897,-1293.5,238,5.325279088043975,111,-1.5689582684203536
4794,9964,-78.55664062875776,170.31445313314703,-2129.5,12,4.989204745773418,123,1.8449859319833835
4794,10058,-78.55664062875776,173.6191406333051,-2368.0,91,6.487364138235808,156,1.4134537432732015
4794,10152,-78.55664062875776,176.92382813346322,-3368.0,123,5.228586286904143,358,0.04707036781466092
4888,0,-81.86132812891586,-179.98242188360948,-2746.5,181,2.875199022606698,66,-1.4485747091829158
4888,94,-81.86132812891586,-176.67773438345142,-3937.5,236,8.718325838017252,33,0.24134063735884953
4888,188,-81.86132812891586,-173.3730468832933,-4477.0,66,6.261006168263866,113,-0.32931989032803755
4888,282,-81.86132812891586,-170.06835938313526,-4846.0,16,4.728862448607437,73,0.026282812145548336
4888,376,-81.86132812891586,-166.76367188297715,-4707.0,3,2.970960315680193,42,-0.04607339490270252
4888,470,-81.86132812891586,-163.45898438281907,-4949.5,185,2.96493160159476,32,0.35476216003588135
4888,564,-81.86132812891586,-160.154296882661,-5571.5,236,26.481311999389252,20,4.799988072409803
4888,658,-81.86132812891586,-156.8496093825029,-4405.5,92,7.095235365230358,329,-0.5842071915076893
4888,752,-81.86132812891586,-153.54492188234482,-2742.5,66,6.345913788040451,295,-2.5710362244401144
4888,846,-81.86132812891586,-150.24023438218674,-2528.0,41,4.007962791308105,127,-0.6705268852859361
4888,940,-81.86132812891586,-146.9355468820287,-2438.0,304,6.937330324252085,117,-0.7595003880267672
4888,1034,-81.86132812891586,-143.63085938187058,-2573.5,245,7.559674607620964,9,-0.5321356578764173
4888,1128,-81.86132812891586,-140.32617188171253,-2921.5,221,5.292583527205461,309,-0.2935009865089887
4888,1222,-81.86132812891586,-137.02148438155444,-2233.5,91,14.074643461380553,315,-1.393998118106093
4888,1316,-81.86132812891586,-133.71679688139636,-1313.5,338,3.999864035100276,239,-1.6217420315312
4888,1410,-81.86132812891586,-130.41210938123828,-2057.5,236,12.744414692219507,85,-0.3616633082634713
4888,1504,-81.86132812891586,-127.1074218810802,-3092.5,245,12.82820773088762,91,-1.1071126992409732
4888,1598,-81.86132812891586,-123.80273438092212,-5263.0,209,14.545975498280104,121,0.5468218893480458
4888,1692,-81.86132812891586,-120.49804688076404,-5450.0,209,6.299549323723953,352,1.5587603130695047
4888,1786,-81.86132812891586,-117.19335938060595,-5405.5,106,8.052415910145157,352,0.5564513563160228
4888,1880,-81.86132812891586,-113.88867188044787,-4539.0,311,5.552402953266002,261,1.1379938614023601
4888,1974,-81.86132812891586,-110.58398438028979,-4372.5,66,8.290349720344867,244,0.850920646561694
4888,2068,-81.86132812891586,-107.27929688013171,-3881.5,68,6.070275157780515,278,-0.6735225141002015
4888,2162,-81.86132812891586,-103.97460937997363,-3330.5,66,21.935248204545594,292,-1.4370166966735332
4888,2256,-81.86132812891586,-100.66992187981555,-1361.5,116,5.509765321921952,269,-2.32017289682661
4888,2350,-81.86132812891586,-97.36523437965747,-227.5,103,8.836528665040348,279,-3.4013080261553297
4888,2444,-81.86132812891586,-94.0605468794994,-997.5,211,18.19885196596009,32,-2.0369554817321553
4888,2538,-81.86132812891586,-90.75585937934132,-2414.0,144,18.035190028179574,25,-1.3840366380268996
4888,2632,-81.86132812891586,-87.45117187918325,-2769.0,210,13.805326618026262,343,-0.7567155483720388
4888,2726,-81.86132812891586,-84.14648437902515,-3524.5,144,12.282966372734998,8,-0.7390648891681503
4888,2820,-81.86132812891586,-80.84179687886707,-2783.0,169,11.050949694612108,281,-1.3333629797726374
4888,2914,-81.86132812891586,-77.53710937870899,-2097.5,150,5.138409542595633,266,-0.202254734591979
4888,3008,-81.86132812891586,-74.23242187855091,-2488.5,295,15.414182127476808,85,3.096645406761031
4888,3102,-81.86132812891586,-70.92773437839283,-2074.0,112,12.57872484312692,343,1.5995361576126437
4888,3196,-81.86132812891586,-67.62304687823475,-2088.5,339,10.183727401883337,95,-0.026798487943323287
4888,3290,-81.86132812891586,-64.31835937807668,-2855.5,66,17.156096010696746,261,3.7362987654915014
4888,3384,-81.86132812891586,-61.0136718779186,-1991.0,323,9.52059867117045,138,1.0311567455194832
4888,3478,-81.86132812891586,-57.70898437776051,-3146.5,323,21.627031401889955,158,2.8121384138169145
4888,3572,-81.86132812891586,-54.404296877602434,-3853.5,311,14.233635835805874,235,2.4110933048234138
4888,3666,-81.86132812891586,-51.09960937744435,-2716.5,66,19.428368524448533,262,0.020933261976138727
4888,3760,-81.86132812891586,-47.79492187728627,241.0,176,5.379930114592402,60,-2.0092568954078347
4888,3854,-81.86132812891586,-44.49023437712819,-381.5,270,16.97282935262674,83,-1.5931692253838743
4888,3948,-81.86132812891586,-41.185546876970115,-2658.5,316,10.461086845848175,77,3.235663224552798
4888,4042,-81.86132812891586,-37.88085937681202,-2813.5,57,21.45107593027503,291,3.3003893715203607
4888,4136,-81.86132812891586,-34.57617187665396,-629.5,178,5.998807189266385,109,-1.2790103636246315
4888,4230,-81.86132812891586,-31.271484376495856,-1283.5,189,6.5996960354103775,95,-0.14472744064374943
4888,4324,-81.86132812891586,-27.966796876337792,-1575.0,31,7.555419511507497,333,0.10615226665226943
4888,4418,-81.86132812891586,-24.662109376179693,-1229.5,183,6.4675720159309025,273,-0.6601501439161818
4888,4512,-81.86132812891586,-21.357421876021625,-875.5,125,5.862268855009792,270,-1.2594665240590466
4888,4606,-81.86132812891586,-18.052734375863558,-2529.5,224,12.899603006649606,352,1.4512689252972517
4888,4700,-81.86132812891586,-14.748046875705464,-1773.0,136,12.515034360865988,325,-0.2587104186860627
4888,4794,-81.86132812891586,-11.443359375547397,-912.0,295,14.04768661088053,154,-0.904641552276245
4888,4888,-81.86132812891586,-8.1386718753893,-1300.5,358,10.994590868034091,131,1.7877477196588607
4888,4982,-81.86132812891586,-4.833984375231233,273.0,91,17.208391683416227,251,-2.241697301849571
4888,5076,-81.86132812891586,-1.5292968750731355,1713.5,147,14.124466007402715,263,-3.147198667126265
4888,5170,-81.86132812891586,1.775390625084931,60.0,259,25.997307927386544,160,-0.516600627335281
4888,5264,-81.86132812891586,5.080078125243029,-822.5,57,33.48162382905242,221,-1.5069626910190141
4888,5358,-81.86132812891586,8.384765625401096,1879.5,57,8.97428636649174,189,-0.24567055560790751
4888,5452,-81.86132812891586,11.689453125559162,1156.0,66,28.798132747307836,213,-2.316617978953808
4888,5546,-81.86132812891586,14.994140625717257,2316.0,50,4.842091856832718,245,-0.3602588724744783
4888,5640,-81.86132812891586,18.298828125875325,2191.0,270,15.360920482052569,213,3.2458935730908736
4888,5734,-81.86132812891586,21.603515626033424,2773.5,236,11.03003756429092,23,-1.3605337178048171
4888,5828,-81.86132812891586,24.90820312619149,1625.0,270,19.555659718403863,139,0.8522348567300043
4888,5922,-81.86132812891586,28.212890626349587,2726.5,112,8.136437723716263,216,-2.0704064277903043
4888,6016,-81.86132812891586,31.51757812650765,741.0,259,17.870589204631024,113,-2.335747925274881
4888,6110,-81.86132812891586,34.822265626665754,-1044.0,273,9.732185880518195,98,-0.5676704527237206
4888,6204,-81.86132812891586,38.126953126823814,-1680.0,326,9.478979332912221,113,-0.5475413048567971
4888,6298,-81.86132812891586,41.43164062698188,-3657.0,290,9.87799154419781,113,1.3084339597335917
4888,6392,-81.86132812891586,44.736328127139984,-3946.5,198,7.98165371191196,115,2.2827686561968403
4888,6486,-81.86132812891586,48.041015627298044,-3942.0,38,7.3230280973499715,242,2.3460901407767407
4888,6580,-81.86132812891586,51.34570312745615,-3398.5,60,8.718080840411693,246,0.9649261277242868
4888,6674,-81.86132812891586,54.650390627614215,-2371.0,66,19.428368524448533,244,-0.21718678941452646
4888,6768,-81.86132812891586,57.95507812777231,-198.0,57,11.855631948963085,241,-1.4704119029753684
4888,6862,-81.86132812891586,61.25976562793038,-566.5,236,26.032013228187477,69,7.396890437061594
4888,6956,-81.86132812891586,64.56445312808847,493.0,327,8.295208209536804,203,-0.28340510836429694
4888,7050,-81.86132812891586,67.86914062824654,147.5,302,9.686461712257332,235,-0.5156628223493646
4888,7144,-81.86132812891586,71.17382812840461,795.0,57,10.35232865891341,242,-1.662627573973454
4888,7238,-81.86132812891586,74.4785156285627,1341.5,151,9.016698265697594,250,-0.8064176561652557
4888,7332,-81.86132812891586,77.78320312872077,1558.5,245,17.07759723212043,106,-3.214316249602745
4888,7426,-81.86132812891586,81.08789062887887,-1198.0,236,13.851828205838027,108,-0.5571555579343919
4888,7520,-81.86132812891586,84.39257812903693,-1103.0,66,11.156265467225055,166,3.329379436285685
4888,7614,-81.86132812891586,87.69726562919503,-1659.5,270,11.266525105389595,115,1.1002497408166712
4888,7708,-81.86132812891586,91.0019531293531,-1874.5,68,5.677987109155424,285,2.7026377951029366
4888,7802,-81.86132812891586,94.30664062951116,-935.0,270,6.1739309817761265,122,-2.3128989193481955
4888,7896,-81.86132812891586,97.61132812966923,-2090.5,245,5.2831153362513295,16,-0.5921780985088524
4888,7990,-81.86132812891586,100.91601562982733,-2175.5,74,3.9549443684256187,150,-0.5928080160154985
4888,8084,-81.86132812891586,104.22070312998542,-2241.0,77,4.1159705774975235,343,0.5829316292765947
4888,8178,-81.86132812891586,107.52539063014352,-1608.5,91,4.557536800563778,31,-1.5336834405845412
4888,8272,-81.86132812891586,110.83007813030156,-3751.5,176,18.526341538534712,9,0.9301250873056583
4888,8366,-81.86132812891586,114.13476563045967,-3853.5,157,13.657363416010613,338,1.4442474716091087
4888,8460,-81.86132812891586,117.43945313061775,-2446.0,1,4.927412347624502,315,-0.38890553719994264
4888,8554,-81.86132812891586,120.74414063077586,-2163.0,295,12.52826124501995,139,-1.5959854832787568
4888,8648,-81.86132812891586,124.04882813093388,-2985.0,273,4.3017441559409955,150,-0.6935551024433123
4888,8742,-81.86132812891586,127.353515631092,-2992.5,270,4.756749834785838,163,-0.4175520074876181
4888,8836,-81.86132812891586,130.65820313125008,-2918.0,116,10.639639055255943,60,-0.4843284275544369
4888,8930,-81.86132812891586,133.9628906314081,-2784.0,224,10.842180184292069,328,-0.6500176140002846
4888,9024,-81.86132812891586,137.2675781315662,-2247.0,102,7.064330651017509,315,-1.2683662656720265
4888,9118,-81.86132812891586,140.57226563172432,-3028.0,57,14.328382691954683,299,1.8814242104169652
4888,9212,-81.86132812891586,143.8769531318824,-2517.5,178,4.73895897348628,300,-1.16277311724237
4888,9306,-81.86132812891586,147.18164063204043,-2650.5,194,4.861402054493178,287,-0.6174037522531239
4888,9400,-81.86132812891586,150.48632813219854,-3215.5,270,11.315378478124211,161,0.0011011616005401864
4888,9494,-81.86132812891586,153.79101563235662,-3835.0,217,6.570059708789918,167,0.9178345621642703
4888,9588,-81.86132812891586,157.0957031325147,-3744.5,57,10.269138312320415,219,0.15085597719871557
4888,9682,-81.86132812891586,160.40039063267278,-2593.5,100,10.154804565186529,198,-0.5321356578764173
4888,9776,-81.86132812891586,163.70507813283086,-270.5,136,12.45131243264471,233,-3.1417338691312864
4888,9870,-81.86132812891586,167.00976563298897,-485.5,248,4.257242905356118,78,-2.5644373402650418
4888,9964,-81.86132812891586,170.31445313314703,-1984.0,270,10.07411576082042,66,0.21269319793916955
4888,10058,-81.86132812891586,173.6191406333051,-1825.5,236,10.850533525048302,55,-2.8020222093506977
4888,10152,-81.86132812891586,176.92382813346322,-2565.5,123,5.252121256886525,298,0.9436985570224975
4982,0,-85.16601562907393,-179.98242188360948,-5463.0,0,12.251320567001267,355,0.8142450404749636
4982,94,-85.16601562907393,-176.67773438345142,-5111.0,123,11.507202020993683,269,-1.8844170168567609
4982,188,-85.16601562907393,-173.3730468832933,-3961.0,83,18.267997513051238,268,-5.276559804138409
4982,282,-85.16601562907393,-170.06835938313526,-2059.0,261,4.358213280461309,23,-0.09525763583269899
4982,376,-85.16601562907393,-166.76367188297715,-2142.0,138,7.382803454280523,307,-0.22000841323478412
4982,470,-85.16601562907393,-163.45898438281907,-1587.0,91,12.855440425013557,271,-1.9024312866064155
4982,564,-85.16601562907393,-160.154296882661,-790.0,8,3.572021206487395,260,-2.270653798128895
4982,658,-85.16601562907393,-156.8496093825029,-1633.5,261,13.12744080034299,34,-1.8779290211566306
4982,752,-85.16601562907393,-153.54492188234482,-1281.5,108,2.10448155362508,152,-1.4434262469481067
4982,846,-85.16601562907393,-150.24023438218674,-1834.5,244,11.018323225769636,11,-1.3315408912754483
4982,940,-85.16601562907393,-146.9355468820287,-2319.5,261,9.826826596734136,2,-0.4971953162272171
4982,1034,-85.16601562907393,-143.63085938187058,-2611.5,261,10.824986930523496,351,0.7413630642176059
4982,1128,-85.16601562907393,-140.32617188171253,-2465.5,102,6.760509111645189,3,0.48617141464954294
4982,1222,-85.16601562907393,-137.02148438155444,-2610.0,100,8.959304869384276,313,0.21039697902461701
4982,1316,-85.16601562907393,-133.71679688139636,-2553.5,96,12.03117634439804,278,0.10332180404507973
4982,1410,-85.16601562907393,-130.41210938123828,-1914.0,93,16.163328192099296,287,-1.4411567658613804
4982,1504,-85.16601562907393,-127.1074218810802,295.5,91,20.163851737879217,284,-3.385699585678418
4982,1598,-85.16601562907393,-123.80273438092212,2972.0,91,9.29754109959838,293,-4.839294439900256
4982,1692,-85.16601562907393,-120.49804688076404,2925.0,91,2.9701401382326744,22,-3.2216530619256223
4982,1786,-85.16601562907393,-117.19335938060595,3386.5,355,0.18404565217535962,306,-4.777338765184335
4982,1880,-85.16601562907393,-113.88867188044787,2521.5,261,21.490165615250888,131,-3.675907494946951
4982,1974,-85.16601562907393,-110.58398438028979,-189.5,258,19.220353565674014,137,-2.3376078149104993
4982,2068,-85.16601562907393,-107.27929688013171,-1392.5,261,15.040781565770596,77,-0.9571406223798599
4982,2162,-85.16601562907393,-103.97460937997363,-2216.5,261,11.047915093691001,98,-0.4096281341438573
4982,2256,-85.16601562907393,-100.66992187981555,-2363.0,260,8.367237028718446,93,0.9288100496939031
4982,2350,-85.16601562907393,-97.36523437965747,-2467.5,259,6.690857380121857,189,1.3783317149332295
4982,2444,-85.16601562907393,-94.0605468794994,-2418.0,302,10.767612517077032,147,-0.5808274449500064
4982,2538,-85.16601562907393,-90.75585937934132,-2397.0,319,8.617987853023688,156,-0.7274168091452712
4982,2632,-85.16601562907393,-87.45117187918325,-2708.5,295,5.516410784837785,167,0.0602156020321876
4982,2726,-85.16601562907393,-84.14648437902515,-2750.5,89,5.940344790641305,217,0.06588275234197895
4982,2820,-85.16601562907393,-80.84179687886707,-2400.5,82,16.473591889331725,218,-0.6005584901264592
4982,2914,-85.16601562907393,-77.53710937870899,-1096.5,34,5.113389108971648,224,-2.08841986351128
4982,3008,-85.16601562907393,-74.23242187855091,-966.5,315,7.217327638271209,111,-1.6810133715775497
4982,3102,-85.16601562907393,-70.92773437839283,-2060.5,270,13.534311416223286,123,1.3706356030969686
4982,3196,-85.16601562907393,-67.62304687823475,-2323.5,82,10.04164899243017,309,2.8076741407436425
4982,3290,-85.16601562907393,-64.31835937807668,-851.5,55,7.193392306962817,285,-1.5643986390668154
4982,3384,-85.16601562907393,-61.0136718779186,-1717.5,302,9.072087677238816,166,-0.8303964190814734
4982,3478,-85.16601562907393,-57.70898437776051,-3076.5,333,13.329839392832783,170,0.4885390555695426
4982,3572,-85.16601562907393,-54.404296877602434,-3763.5,326,12.444627964755592,170,2.760219053419796
4982,3666,-85.16601562907393,-51.09960937744435,-3794.0,261,17.547590533049416,89,2.162340752622685
4982,3760,-85.16601562907393,-47.79492187728627,-4067.0,270,9.074198836769973,169,3.241242419582968
4982,3854,-85.16601562907393,-44.49023437712819,-3443.0,100,10.520669551568334,228,1.2397511758880966
4982,3948,-85.16601562907393,-41.185546876970115,-3214.5,261,16.97282935262674,337,2.6986156029550927
4982,4042,-85.16601562907393,-37.88085937681202,-3206.0,9,10.028993058081236,216,0.604107938260859
4982,4136,-85.16601562907393,-34.57617187665396,-3511.5,355,10.664829648946252,239,0.5712608901628475
4982,4230,-85.16601562907393,-31.271484376495856,-2171.5,82,17.859574559567957,248,-0.9383618503345759
4982,4324,-85.16601562907393,-27.966796876337792,-1014.0,91,13.344608910458401,247,-1.8433770698887926
4982,4418,-85.16601562907393,-24.662109376179693,264.0,91,18.840267937974247,245,-2.6130012972878505
4982,4512,-85.16601562907393,-21.357421876021625,995.0,136,13.13239077631739,276,-2.420007032293823
4982,4606,-85.16601562907393,-18.052734375863558,266.0,234,20.87807294826419,37,0.28214662043618915
4982,4700,-85.16601562907393,-14.748046875705464,537.0,261,14.10159395390758,72,-1.0483637652813338
4982,4794,-85.16601562907393,-11.443359375547397,290.0,91,18.273854121716795,16,-1.4485747091829158
4982,4888,-85.16601562907393,-8.1386718753893,-206.5,261,22.59767493983081,10,-0.6648319280715899
4982,4982,-85.16601562907393,-4.833984375231233,-429.5,177,12.874110488912388,298,-0.1977185178907063
4982,5076,-85.16601562907393,-1.5292968750731355,-503.0,191,12.928537131727449,307,-0.5660613371887645
4982,5170,-85.16601562907393,1.775390625084931,-1454.5,163,17.755925199581107,4,1.390904196584233
4982,5264,-85.16601562907393,5.080078125243029,-1605.0,193,19.360445283340443,346,0.7451538623970908
4982,5358,-85.16601562907393,8.384765625401096,-2137.0,217,16.866304291807726,331,1.2446969374967685
4982,5452,-85.16601562907393,11.689453125559162,-2075.5,56,15.383803421676575,318,0.7877409879414647
4982,5546,-85.16601562907393,14.994140625717257,-1233.5,38,18.28977528879315,305,-0.5187068299004716
4982,5640,-85.16601562907393,18.298828125875325,420.5,55,20.910686243284413,296,-2.382561915643024
4982,5734,-85.16601562907393,21.603515626033424,2979.0,55,21.401426077630067,292,-3.975942149146542
4982,5828,-85.16601562907393,24.90820312619149,4673.5,131,7.545533624238878,278,-4.550808600759749
4982,5922,-85.16601562907393,28.212890626349587,5159.5,91,11.459275775286018,282,-2.727702252467862
4982,6016,-85.16601562907393,31.51757812650765,5858.0,100,12.473649958308231,273,-4.0488559590075015
4982,6110,-85.16601562907393,34.822265626665754,6251.5,91,9.769087767686262,277,-3.2369005831717783
4982,6204,-85.16601562907393,38.126953126823814,6264.5,270,15.227647451468723,110,-5.356427063431906
4982,6298,-85.16601562907393,41.43164062698188,2914.0,302,23.481303817609014,115,-3.6850258035070365
4982,6392,-85.16601562907393,44.736328127139984,1338.0,307,17.81071667309951,118,-2.2319929465554793
4982,6486,-85.16601562907393,48.041015627298044,747.5,45,14.223210041021165,139,-1.2616562738973067
4982,6580,-85.16601562907393,51.34570312745615,1112.0,289,8.956016239630241,90,-1.5938511725861344
4982,6674,-85.16601562907393,54.650390627614215,326.0,261,10.79734697553346,104,-1.1360618146035633
4982,6768,-85.16601562907393,57.95507812777231,-249.0,213,9.743365347205868,90,0.41582508104289195
4982,6862,-85.16601562907393,61.25976562793038,-1303.5,243,14.185038286384314,191,3.2173367226346716
4982,6956,-85.16601562907393,64.56445312808847,-860.5,64,8.102245900746581,171,1.1006433515447402
4982,7050,-85.16601562907393,67.86914062824654,-152.5,91,6.916376009231208,182,0.023912855818143456
4982,7144,-85.16601562907393,71.17382812840461,-974.5,261,14.639253850766785,80,-1.7828980865184774
4982,7238,-85.16601562907393,74.4785156285627,-2758.0,315,12.8422475011044,75,-0.5215838889074349
4982,7332,-85.16601562907393,77.78320312872077,-3474.5,193,15.225631791854537,70,0.19902980124844674
4982,7426,-85.16601562907393,81.08789062887887,-3834.0,198,10.169850621270243,64,0.8491214230323731
4982,7520,-85.16601562907393,84.39257812903693,-3824.0,178,8.45147260058615,57,1.1647972897020817
4982,7614,-85.16601562907393,87.69726562919503,-3777.0,172,8.247693131421197,48,1.5780864442550895
4982,7708,-85.16601562907393,91.0019531293531,-3745.0,186,8.174935901385787,38,1.8844274485618322
4982,7802,-85.16601562907393,94.30664062951116,-3748.0,149,8.448507455446407,296,1.561050827994921
4982,7896,-85.16601562907393,97.61132812966923,-3692.5,123,14.142634910987377,289,1.2755204836149492
4982,7990,-85.16601562907393,100.91601562982733,-1794.5,91,16.23620493627407,286,-0.32690407457532
4982,8084,-85.16601562907393,104.22070312998542,-1310.0,221,7.057495865542304,107,-2.4154625500549964
4982,8178,-85.16601562907393,107.52539063014352,-1616.0,278,3.6747089967698345,123,-0.2743178548766748
4982,8272,-85.16601562907393,110.83007813030156,-2270.0,270,7.953437783232279,93,-1.8976378083497065
4982,8366,-85.16601562907393,114.13476563045967,-2850.0,270,4.98428053022035,77,-0.8038085213580654
4982,8460,-85.16601562907393,117.43945313061775,-2944.0,127,4.187280201172156,47,0.5850964025783367
4982,8554,-85.16601562907393,120.74414063077586,-3015.0,234,4.671386652155184,82,-0.8185741578517745
4982,8648,-85.16601562907393,124.04882813093388,-3236.5,173,2.8071706676595105,104,0.08161361761156283
4982,8742,-85.16601562907393,127.353515631092,-3205.5,156,2.979149141623802,294,0.4240500026375051
4982,8836,-85.16601562907393,130.65820313125008,-3236.5,161,3.3577333079397023,52,-0.2836619173642206
4982,8930,-85.16601562907393,133.9628906314081,-3234.0,167,3.604798870985323,264,0.1093398215831803
4982,9024,-85.16601562907393,137.2675781315662,-3207.5,91,3.700418122336473,269,-0.20062344865119522
4982,9118,-85.16601562907393,140.57226563172432,-2934.0,170,3.4947321261009656,269,-0.6632018402557618
4982,9212,-85.16601562907393,143.8769531318824,-2625.5,123,9.267529922414166,270,-1.1811565951379073
4982,9306,-85.16601562907393,147.18164063204043,-4207.5,255,18.2712117830158,20,2.7537670519954514
4982,9400,-85.16601562907393,150.48632813219854,-4266.5,145,11.498308966365778,334,2.668082808933235
4982,9494,-85.16601562907393,153.79101563235662,-3429.0,91,14.933853545795579,302,0.2874083964817994
4982,9588,-85.16601562907393,157.0957031325147,-1793.0,91,14.10159395390758,302,-2.113103774102754
4982,9682,-85.16601562907393,160.40039063267278,-873.0,160,6.471085157673982,256,-2.717064869130625
4982,9776,-85.16601562907393,163.70507813283086,-2559.0,234,29.94944619039837,6,6.577347228893724
4982,9870,-85.16601562907393,167.00976563298897,-2843.5,245,12.038276639200923,327,2.3087171398669413
4982,9964,-85.16601562907393,170.31445313314703,-2055.0,82,5.637529680431104,308,-0.28680463203248857
4982,10058,-85.16601562907393,173.6191406333051,-2245.5,346,5.229886251181856,190,0.07430603833600997
4982,10152,-85.16601562907393,176.92382813346322,-3282.0,270,28.73209129791342,84,-16.02180872139188
5076,0,-88.47070312923204,-179.98242188360948,-1028.5,44,7.016856289407732,181,0.06945469214089058
5076,94,-88.47070312923204,-176.67773438345142,-1063.0,58,12.457929302632241,217,0.18471262301710795
5076,188,-88.47070312923204,-173.3730468832933,-966.5,58,17.844635242092636,263,-1.5030351734494476
5076,282,-88.47070312923204,-170.06835938313526,-775.5,6,14.558770245955717,242,-2.129121294326874
5076,376,-88.47070312923204,-166.76367188297715,-1318.5,269,19.604598831683862,88,-0.2560770527082322
5076,470,-88.47070312923204,-163.45898438281907,-2058.5,280,17.508456774907536,97,0.8578842781832391
5076,564,-88.47070312923204,-160.154296882661,-2532.5,224,15.659390677048668,96,1.624480212000428
5076,658,-88.47070312923204,-156.8496093825029,-2865.0,196,14.84632729306332,93,2.3230468346093023
5076,752,-88.47070312923204,-153.54492188234482,-2891.0,194,14.120990210230433,88,2.595929598037557
5076,846,-88.47070312923204,-150.24023438218674,-2871.5,205,12.859616416718698,85,2.878655711609348
5076,940,-88.47070312923204,-146.9355468820287,-2885.5,212,11.649529830166328,81,3.205153468907026
5076,1034,-88.47070312923204,-143.63085938187058,-2885.0,214,10.287570320342196,76,3.578118924282401
5076,1128,-88.47070312923204,-140.32617188171253,-2877.5,113,9.766985087693373,334,4.018974668603622
5076,1222,-88.47070312923204,-137.02148438155444,-2496.0,91,10.492974275473099,325,2.7284021305332966
5076,1316,-88.47070312923204,-133.71679688139636,-2335.5,187,8.362886662504836,317,2.205104169042434
5076,1410,-88.47070312923204,-130.41210938123828,-2461.5,164,8.780815588766753,309,2.2433699708680725
5076,1504,-88.47070312923204,-127.1074218810802,-2384.0,117,9.62390183358447,303,1.872256649906646
5076,1598,-88.47070312923204,-123.80273438092212,-2325.5,120,11.405950014835534,297,1.5167425542407291
5076,1692,-88.47070312923204,-120.49804688076404,-2135.5,111,13.492900379403354,292,1.0258538417347314
5076,1786,-88.47070312923204,-117.19335938060595,-1615.5,119,14.17426675912369,288,0.1685000238500912
5076,1880,-88.47070312923204,-113.88867188044787,-1066.0,91,16.13051494342771,298,-0.549898246504941
5076,1974,-88.47070312923204,-110.58398438028979,-395.0,86,13.371727621668292,316,-1.8189764999666636
5076,2068,-88.47070312923204,-107.27929688013171,-197.5,304,8.542656629956006,76,-0.1986393032513834
5076,2162,-88.47070312923204,-103.97460937997363,-816.5,270,17.96332743517866,71,1.31558588189892
5076,2256,-88.47070312923204,-100.66992187981555,-1210.0,280,12.082450321894072,67,2.5390107738777767
5076,2350,-88.47070312923204,-97.36523437965747,-1381.5,178,10.79574321192042,60,3.32577520484892
5076,2444,-88.47070312923204,-94.0605468794994,-1649.0,127,12.170809586379642,53,4.637346806344551
5076,2538,-88.47070312923204,-90.75585937934132,-1364.5,184,10.461819905235501,43,4.216274510885558
5076,2632,-88.47070312923204,-87.45117187918325,-1010.5,120,10.199341715793231,256,2.678578523051153
5076,2726,-88.47070312923204,-84.14648437902515,-1007.5,118,11.994883577694827,258,2.3059921866914714
5076,2820,-88.47070312923204,-80.84179687886707,-788.5,121,13.802624922527196,254,1.4001118916557307
5076,2914,-88.47070312923204,-77.53710937870899,-465.5,112,15.880283851555602,252,0.34075084710626236
5076,3008,-88.47070312923204,-74.23242187855091,75.5,119,17.65944983854036,253,-0.8610615519800278
5076,3102,-88.47070312923204,-70.92773437839283,885.5,91,19.47930902270824,325,-3.248077883331363
5076,3196,-88.47070312923204,-67.62304687823475,1508.5,184,4.534255384348869,28,-3.164535054181119
5076,3290,-88.47070312923204,-64.31835937807668,886.5,269,14.341828548278244,156,0.09810252004958105
5076,3384,-88.47070312923204,-61.0136718779186,621.5,289,20.667088049658762,153,-2.1945921499353185
5076,3478,-88.47070312923204,-57.70898437776051,226.5,270,14.639253850766785,177,1.181749944729177
5076,3572,-88.47070312923204,-54.404296877602434,362.0,247,7.0028103295060085,324,-2.898920961980245
5076,3666,-88.47070312923204,-51.09960937744435,285.0,238,5.953990738746199,309,-2.9620682938557334
5076,3760,-88.47070312923204,-47.79492187728627,101.5,247,6.067942635124066,308,-2.829642516877415
5076,3854,-88.47070312923204,-44.49023437712819,-501.0,264,15.227647451468723,347,-2.0062522718536435
5076,3948,-88.47070312923204,-41.185546876970115,-652.5,254,8.169623768815727,113,0.18043541232506227
5076,4042,-88.47070312923204,-37.88085937681202,-768.5,255,6.223904763778666,43,0.8392461405841599
5076,4136,-88.47070312923204,-34.57617187665396,-784.0,67,6.54392214631543,299,0.8428869390211424
5076,4230,-88.47070312923204,-31.271484376495856,-745.5,57,12.691956026184213,158,0.9178591060688518
5076,4324,-88.47070312923204,-27.966796876337792,-749.5,270,11.045922075452129,147,0.6729275432719392
5076,4418,-88.47070312923204,-24.662109376179693,-762.0,92,8.1338803311634,266,0.757906766743916
5076,4512,-88.47070312923204,-21.357421876021625,-418.0,238,3.05173178059096,305,-2.0796057347998147
5076,4606,-88.47070312923204,-18.052734375863558,-1064.0,264,15.83928700672242,51,0.4727199381600273
5076,4700,-88.47070312923204,-14.748046875705464,-1508.5,235,16.115297571505668,48,0.8198730348283805
5076,4794,-88.47070312923204,-11.443359375547397,-1835.5,235,12.594430779312095,44,1.0620049813937724
5076,4888,-88.47070312923204,-8.1386718753893,-1962.5,109,10.05528949191315,355,1.759933385965107
5076,4982,-88.47070312923204,-4.833984375231233,-1758.5,103,12.127593585712324,350,1.514105427022696
5076,5076,-88.47070312923204,-1.5292968750731355,-1565.0,106,15.910787979823823,344,1.2357615583782242
5076,5170,-88.47070312923204,1.775390625084931,-1062.0,91,20.967442624820226,301,0.6271611699221623
5076,5264,-88.47070312923204,5.080078125243029,-143.0,164,4.839942277446634,260,-1.4211349873323127
5076,5358,-88.47070312923204,8.384765625401096,-218.0,231,6.7537647159925465,95,-0.5190885056782759
5076,5452,-88.47070312923204,11.689453125559162,-356.5,252,4.992050291199304,6,0.0937725357313814
5076,5546,-88.47070312923204,14.994140625717257,-275.5,133,3.6483014326129393,92,-0.24567055560790751
5076,5640,-88.47070312923204,18.298828125875325,-394.5,329,12.610134791907452,96,-1.0721223779098648
5076,5734,-88.47070312923204,21.603515626033424,-844.5,201,14.142425857824199,95,-0.6250760098470574
5076,5828,-88.47070312923204,24.90820312619149,-1474.0,235,21.624584076711777,83,0.12011356122583261
5076,5922,-88.47070312923204,28.212890626349587,-2158.0,235,19.83558336858682,79,1.0131234623934933
5076,6016,-88.47070312923204,31.51757812650765,-2610.0,248,16.923495336164553,74,1.7218645108896178
5076,6110,-88.47070312923204,34.822265626665754,-3176.0,239,16.32383744098445,71,2.625752028171932
5076,6204,-88.47070312923204,38.126953126823814,-3658.0,222,16.653851044854562,65,3.515649564564336
5076,6298,-88.47070312923204,41.43164062698188,-3818.5,203,14.663888830286432,61,4.077669160331321
5076,6392,-88.47070312923204,44.736328127139984,-3879.5,201,13.830164037319594,334,4.400270656774293
5076,6486,-88.47070312923204,48.041015627298044,-3924.5,200,13.007534456164999,327,4.217973345646145
5076,6580,-88.47070312923204,51.34570312745615,-3924.5,157,13.800342515893547,296,4.00806174650506
5076,6674,-88.47070312923204,54.650390627614215,-3857.5,138,15.020587660215645,300,3.514323196787727
5076,6768,-88.47070312923204,57.95507812777231,-3961.0,137,18.476362358242525,286,3.3945101803706996
5076,6862,-88.47070312923204,61.25976562793038,-3229.5,127,17.965815781051408,290,2.223451253056465
5076,6956,-88.47070312923204,64.56445312808847,-2501.0,133,17.487610377184343,284,1.1663611121615722
5076,7050,-88.47070312923204,67.86914062824654,-1762.5,113,17.274125158240153,282,0.22109902949927243
5076,7144,-88.47070312923204,71.17382812840461,-962.5,91,16.499932508239407,283,-0.5375222477044028
5076,7238,-88.47070312923204,74.4785156285627,-306.0,77,4.529068666115447,250,-1.203761019889895
5076,7332,-88.47070312923204,77.78320312872077,-404.5,275,12.337021131378519,92,-0.7353331372342942
5076,7426,-88.47070312923204,81.08789062887887,-597.0,269,5.91681915897339,11,0.2650140832403466
5076,7520,-88.47070312923204,84.39257812903693,-527.0,128,3.717954556505491,85,-0.4930339169890132
5076,7614,-88.47070312923204,87.69726562919503,-699.0,264,4.98428053022035,79,-0.24862301082470906
5076,7708,-88.47070312923204,91.0019531293531,-763.0,138,5.500809498535954,65,0.2925849580766939
5076,7802,-88.47070312923204,94.30664062951116,-786.0,124,9.406998712746034,318,0.7702536993251257
5076,7896,-88.47070312923204,97.61132812966923,-547.5,131,5.653534098873256,310,0.004457111212693696
5076,7990,-88.47070312923204,100.91601562982733,-607.0,2,8.262295438837457,269,1.616012120339853
5076,8084,-88.47070312923204,104.22070312998542,-511.0,136,7.004493389482664,60,-0.11356965885280301
5076,8178,-88.47070312923204,107.52539063014352,-741.5,135,8.94494322408891,54,0.28562691696434
5076,8272,-88.47070312923204,110.83007813030156,-1029.0,223,12.551432781289462,48,0.8524028425132258
5076,8366,-88.47070312923204,114.13476563045967,-1075.5,140,14.399295619933776,13,0.9848992272176488
5076,8460,-88.47070312923204,117.43945313061775,-849.5,155,15.510573092548722,274,0.27706307350597104
5076,8554,-88.47070312923204,120.74414063077586,-393.0,160,13.935269702091572,270,-0.4549116488988747
5076,8648,-88.47070312923204,124.04882813093388,2.5,177,10.863776716676053,241,-1.142554608519005
5076,8742,-88.47070312923204,127.353515631092,32.5,194,10.603037301418542,340,-1.0915467205765055
5076,8836,-88.47070312923204,130.65820313125008,4.0,202,9.774473261730787,333,-1.0342706618677269
5076,8930,-88.47070312923204,133.9628906314081,104.0,199,8.700099593362737,327,-1.1738736890253043
5076,9024,-88.47070312923204,137.2675781315662,249.0,217,6.240082078510242,118,-2.7278896635791625
5076,9118,-88.47070312923204,140.57226563172432,-117.0,275,8.48661691469846,117,-2.1190331069898276
5076,9212,-88.47070312923204,143.8769531318824,-324.0,308,8.330304090586313,131,-0.585927358528038
5076,9306,-88.47070312923204,147.18164063204043,-331.5,217,6.432923987694664,161,1.902220460712164
5076,9400,-88.47070312923204,150.48632813219854,-140.0,89,7.179730226898482,126,-0.6180706524741753
5076,9494,-88.47070312923204,153.79101563235662,41.0,30,12.118118821104098,126,-2.249867240891556
5076,9588,-88.47070312923204,157.0957031325147,80.5,342,16.499932508239407,265,-0.5433460523685232
5076,9682,-88.47070312923204,160.40039063267278,-269.0,270,20.967442624820226,118,-2.7433318364528287
5076,9776,-88.47070312923204,163.70507813283086,-397.5,86,22.132176012992623,247,1.933915136527964
5076,9870,-88.47070312923204,167.00976563298897,-214.0,342,16.815458183377693,256,0.39923784458767014
5076,9964,-88.47070312923204,170.31445313314703,-260.0,270,15.998243764422046,124,-2.5930272376201167
5076,10058,-88.47070312923204,173.6191406333051,-204.5,290,4.021466083395965,90,-8.482509572359762
5076,10152,-88.47070312923204,176.92382813346322,-682.5,264,11.953705713549004,108,-9.916548241080367
